Copyright 1986-2022 Xilinx, Inc. All Rights Reserved. Copyright 2022-2024 Advanced Micro Devices, Inc. All Rights Reserved.
--------------------------------------------------------------------------------------------------------------------------------------------------
| Tool Version      : Vivado v.2024.2 (lin64) Build 5239630 Fri Nov 08 22:34:34 MST 2024
| Date              : Tue Mar 10 06:51:46 2026
| Host              : csrmaster running 64-bit Ubuntu 22.04.5 LTS
| Command           : report_clock_utilization -file reports/impl/clock_utilization.rpt
| Design            : octa_core_rv64_soc_integrated
| Device            : xcvu9p-flga2104
| Speed File        : -2  PRODUCTION 1.28 03-30-2022
| Temperature Grade : E
| Design State      : Physopt postRoute
--------------------------------------------------------------------------------------------------------------------------------------------------

Clock Utilization Report

Table of Contents
-----------------
1. Clock Primitive Utilization
2. Global Clock Resources
3. Global Clock Source Details
4. Clock Regions : Clock Primitives
5. Clock Regions : Load Primitives
6. Clock Regions : Global Clock Summary
7. Clock Regions : Routing Resource Utilization
8. Device Cell Placement Summary for Global Clock g0
9. Device Cell Placement Summary for Global Clock g1
10. Device Cell Placement Summary for Global Clock g2
11. Device Cell Placement Summary for Global Clock g3
12. Device Cell Placement Summary for Global Clock g4
13. Device Cell Placement Summary for Global Clock g5
14. Device Cell Placement Summary for Global Clock g6
15. Device Cell Placement Summary for Global Clock g7
16. Device Cell Placement Summary for Global Clock g8
17. Device Cell Placement Summary for Global Clock g9
18. Device Cell Placement Summary for Global Clock g10
19. Clock Region Cell Placement per Global Clock: Region X0Y0
20. Clock Region Cell Placement per Global Clock: Region X1Y0
21. Clock Region Cell Placement per Global Clock: Region X2Y0
22. Clock Region Cell Placement per Global Clock: Region X3Y0
23. Clock Region Cell Placement per Global Clock: Region X4Y0
24. Clock Region Cell Placement per Global Clock: Region X2Y2
25. Clock Region Cell Placement per Global Clock: Region X3Y2
26. Clock Region Cell Placement per Global Clock: Region X4Y2
27. Clock Region Cell Placement per Global Clock: Region X1Y3
28. Clock Region Cell Placement per Global Clock: Region X2Y3
29. Clock Region Cell Placement per Global Clock: Region X3Y3
30. Clock Region Cell Placement per Global Clock: Region X4Y3
31. Clock Region Cell Placement per Global Clock: Region X0Y4
32. Clock Region Cell Placement per Global Clock: Region X1Y4
33. Clock Region Cell Placement per Global Clock: Region X2Y4
34. Clock Region Cell Placement per Global Clock: Region X3Y4
35. Clock Region Cell Placement per Global Clock: Region X4Y4
36. Clock Region Cell Placement per Global Clock: Region X5Y4
37. Clock Region Cell Placement per Global Clock: Region X0Y5
38. Clock Region Cell Placement per Global Clock: Region X1Y5
39. Clock Region Cell Placement per Global Clock: Region X2Y5
40. Clock Region Cell Placement per Global Clock: Region X3Y5
41. Clock Region Cell Placement per Global Clock: Region X4Y5
42. Clock Region Cell Placement per Global Clock: Region X5Y5
43. Clock Region Cell Placement per Global Clock: Region X0Y6
44. Clock Region Cell Placement per Global Clock: Region X1Y6
45. Clock Region Cell Placement per Global Clock: Region X2Y6
46. Clock Region Cell Placement per Global Clock: Region X3Y6
47. Clock Region Cell Placement per Global Clock: Region X4Y6
48. Clock Region Cell Placement per Global Clock: Region X5Y6
49. Clock Region Cell Placement per Global Clock: Region X0Y7
50. Clock Region Cell Placement per Global Clock: Region X1Y7
51. Clock Region Cell Placement per Global Clock: Region X2Y7
52. Clock Region Cell Placement per Global Clock: Region X3Y7
53. Clock Region Cell Placement per Global Clock: Region X4Y7
54. Clock Region Cell Placement per Global Clock: Region X5Y7
55. Clock Region Cell Placement per Global Clock: Region X0Y8
56. Clock Region Cell Placement per Global Clock: Region X1Y8
57. Clock Region Cell Placement per Global Clock: Region X2Y8
58. Clock Region Cell Placement per Global Clock: Region X3Y8
59. Clock Region Cell Placement per Global Clock: Region X4Y8
60. Clock Region Cell Placement per Global Clock: Region X5Y8
61. Clock Region Cell Placement per Global Clock: Region X0Y9
62. Clock Region Cell Placement per Global Clock: Region X1Y9
63. Clock Region Cell Placement per Global Clock: Region X2Y9
64. Clock Region Cell Placement per Global Clock: Region X3Y9
65. Clock Region Cell Placement per Global Clock: Region X4Y9
66. Clock Region Cell Placement per Global Clock: Region X5Y9
67. Clock Region Cell Placement per Global Clock: Region X0Y10
68. Clock Region Cell Placement per Global Clock: Region X1Y10
69. Clock Region Cell Placement per Global Clock: Region X2Y10
70. Clock Region Cell Placement per Global Clock: Region X3Y10
71. Clock Region Cell Placement per Global Clock: Region X4Y10
72. Clock Region Cell Placement per Global Clock: Region X5Y10
73. Clock Region Cell Placement per Global Clock: Region X0Y11
74. Clock Region Cell Placement per Global Clock: Region X1Y11
75. Clock Region Cell Placement per Global Clock: Region X2Y11
76. Clock Region Cell Placement per Global Clock: Region X3Y11
77. Clock Region Cell Placement per Global Clock: Region X4Y11
78. Clock Region Cell Placement per Global Clock: Region X2Y12
79. Clock Region Cell Placement per Global Clock: Region X3Y12

1. Clock Primitive Utilization
------------------------------

+------------+------+-----------+-----+--------------+--------+
| Type       | Used | Available | LOC | Clock Region | Pblock |
+------------+------+-----------+-----+--------------+--------+
| BUFGCE     |   11 |       720 |   0 |            0 |      1 |
| BUFGCE_DIV |    0 |       120 |   0 |            0 |      0 |
| BUFGCTRL   |    0 |       240 |   0 |            0 |      0 |
| BUFG_GT    |    0 |       720 |   0 |            0 |      0 |
| MMCM       |    0 |        30 |   0 |            0 |      0 |
| PLL        |    0 |        60 |   0 |            0 |      0 |
+------------+------+-----------+-----+--------------+--------+


2. Global Clock Resources
-------------------------

+-----------+-----------+-----------------+------------+---------------+--------------+------+-------------------+------------------+-------------------+-------------+-----------------+--------------+---------+--------------------------------------------------------------------------------------------------+----------------------------------------------------------------------------------------+
| Global Id | Source Id | Driver Type/Pin | Constraint | Site          | Clock Region | Root | Clock Delay Group | Clock Low Fanout | Load Clock Region | Clock Loads | Non-Clock Loads | Clock Period | Clock   | Driver Pin                                                                                       | Net                                                                                    |
+-----------+-----------+-----------------+------------+---------------+--------------+------+-------------------+------------------+-------------------+-------------+-----------------+--------------+---------+--------------------------------------------------------------------------------------------------+----------------------------------------------------------------------------------------+
| g0        | src0      | BUFGCE/O        | None       | BUFGCE_X0Y26  | X2Y1         | X2Y6 |                   |                  |                54 |      134791 |               0 |       10.000 | sys_clk | clk_IBUF_BUFG_inst/O                                                                             | clk_IBUF_BUFG                                                                          |
| g1        | src1      | BUFGCE/O        | None       | BUFGCE_X1Y206 | X4Y8         | X4Y8 | n/a               |                  |                 8 |           0 |            8250 |          n/a | n/a     | gen_dls_pairs[0].u_dls_pair/u_primary/gen_fpu.u_fpu/u_sqrt/cycle[4]_i_2__13_bufg_place/O         | gen_dls_pairs[0].u_dls_pair/u_primary/gen_fpu.u_fpu/u_sqrt/FSM_onehot_dls_state_reg[3] |
| g2        | src2      | BUFGCE/O        | None       | BUFGCE_X1Y158 | X4Y6         | X4Y6 | n/a               |                  |                 6 |           0 |            8393 |          n/a | n/a     | gen_dls_pairs[1].u_dls_pair/u_shadow/gen_fpu.u_fpu/mem_wb_result[63]_i_1__2_bufg_place/O         | gen_dls_pairs[1].u_dls_pair/u_shadow/gen_fpu.u_fpu/FSM_onehot_dls_state_reg[3]         |
| g3        | src3      | BUFGCE/O        | None       | BUFGCE_X0Y168 | X2Y7         | X2Y7 | n/a               |                  |                11 |           0 |            8250 |          n/a | n/a     | gen_dls_pairs[2].u_dls_pair/u_primary/gen_fpu.u_fpu/u_sqrt/cycle[4]_i_2__14_bufg_place/O         | gen_dls_pairs[2].u_dls_pair/u_primary/gen_fpu.u_fpu/u_sqrt/FSM_onehot_dls_state_reg[3] |
| g4        | src4      | BUFGCE/O        | None       | BUFGCE_X1Y188 | X4Y7         | X4Y7 | n/a               |                  |                 7 |           0 |            8389 |          n/a | n/a     | gen_dls_pairs[3].u_dls_pair/u_primary/gen_fpu.u_fpu/u_sqrt/mem_wb_result[63]_i_1__6_bufg_place/O | gen_dls_pairs[3].u_dls_pair/u_primary/gen_fpu.u_fpu/u_sqrt/FSM_onehot_dls_state_reg[3] |
| g5        | src5      | BUFGCE/O        | None       | BUFGCE_X1Y168 | X4Y7         | X4Y7 | n/a               |                  |                 4 |           0 |            1152 |          n/a | n/a     | gen_systolic[0].u_systolic/a_reg[6][63]_i_1_bufg_place/O                                         | gen_systolic[0].u_systolic/a_reg                                                       |
| g6        | src6      | BUFGCE/O        | None       | BUFGCE_X0Y140 | X2Y5         | X2Y5 | n/a               |                  |                 1 |           0 |            1152 |          n/a | n/a     | gen_systolic[1].u_systolic/a_reg[6][63]_i_1_bufg_place/O                                         | gen_systolic[1].u_systolic/a_reg                                                       |
| g7        | src7      | BUFGCE/O        | None       | BUFGCE_X0Y147 | X2Y6         | X2Y6 | n/a               |                  |                 3 |           0 |            1152 |          n/a | n/a     | gen_systolic[2].u_systolic/a_reg[6][63]_i_1_bufg_place/O                                         | gen_systolic[2].u_systolic/a_reg                                                       |
| g8        | src8      | BUFGCE/O        | None       | BUFGCE_X1Y147 | X4Y6         | X4Y6 | n/a               |                  |                 3 |           0 |            1152 |          n/a | n/a     | gen_systolic[3].u_systolic/a_reg[6][63]_i_1_bufg_place/O                                         | gen_systolic[3].u_systolic/a_reg                                                       |
| g9        | src9      | BUFGCE/O        | None       | BUFGCE_X1Y128 | X4Y5         | X4Y5 | n/a               |                  |                32 |           0 |           31620 |          n/a | n/a     | rst_n_IBUF_BUFG_inst/O                                                                           | rst_n_IBUF_BUFG                                                                        |
| g10       | src10     | BUFGCE/O        | PBlock     | BUFGCE_X0Y169 | X2Y7         | X2Y7 | n/a               |                  |                18 |           0 |            1625 |          n/a | n/a     | u_l2_cache/req_wdata[511]_i_1_bufg_place/O                                                       | u_l2_cache/arb_priority0                                                               |
+-----------+-----------+-----------------+------------+---------------+--------------+------+-------------------+------------------+-------------------+-------------+-----------------+--------------+---------+--------------------------------------------------------------------------------------------------+----------------------------------------------------------------------------------------+
* Clock Loads column represents cell count of net connects that connect to a clock pin. Internal cell leaf pins are not considered
** Non-Clock Loads column represents cell count of non-clock pin loads


3. Global Clock Source Details
------------------------------

+-----------+-----------+-----------------+------------+----------------+--------------+-------------+-----------------+---------------------+--------------+---------------------------------------------------------------------------------------+---------------------------------------------------------------------------------------------------+
| Source Id | Global Id | Driver Type/Pin | Constraint | Site           | Clock Region | Clock Loads | Non-Clock Loads | Source Clock Period | Source Clock | Driver Pin                                                                            | Net                                                                                               |
+-----------+-----------+-----------------+------------+----------------+--------------+-------------+-----------------+---------------------+--------------+---------------------------------------------------------------------------------------+---------------------------------------------------------------------------------------------------+
| src0      | g0        | IBUFCTRL/O      | IOB_X0Y78  | IOB_X0Y78      | X2Y1         |           1 |               0 |              10.000 | sys_clk      | clk_IBUF_inst/IBUFCTRL_INST/O                                                         | clk_IBUF_inst/O                                                                                   |
| src1      | g1        | LUT2/O          | None       | SLICE_X122Y467 | X4Y7         |           1 |               0 |                     |              | gen_dls_pairs[0].u_dls_pair/u_primary/gen_fpu.u_fpu/u_sqrt/cycle[4]_i_2__13/O         | gen_dls_pairs[0].u_dls_pair/u_primary/gen_fpu.u_fpu/u_sqrt/FSM_onehot_dls_state_reg[3]_bufg_place |
| src2      | g2        | LUT2/O          | None       | SLICE_X137Y356 | X4Y5         |           1 |              23 |                     |              | gen_dls_pairs[1].u_dls_pair/u_shadow/gen_fpu.u_fpu/mem_wb_result[63]_i_1__2/O         | gen_dls_pairs[1].u_dls_pair/u_shadow/gen_fpu.u_fpu/FSM_onehot_dls_state_reg[3]_bufg_place         |
| src3      | g3        | LUT2/O          | None       | SLICE_X53Y436  | X1Y7         |           1 |               0 |                     |              | gen_dls_pairs[2].u_dls_pair/u_primary/gen_fpu.u_fpu/u_sqrt/cycle[4]_i_2__14/O         | gen_dls_pairs[2].u_dls_pair/u_primary/gen_fpu.u_fpu/u_sqrt/FSM_onehot_dls_state_reg[3]_bufg_place |
| src4      | g4        | LUT2/O          | None       | SLICE_X112Y425 | X4Y7         |           1 |              24 |                     |              | gen_dls_pairs[3].u_dls_pair/u_primary/gen_fpu.u_fpu/u_sqrt/mem_wb_result[63]_i_1__6/O | gen_dls_pairs[3].u_dls_pair/u_primary/gen_fpu.u_fpu/u_sqrt/FSM_onehot_dls_state_reg[3]_bufg_place |
| src5      | g5        | LUT2/O          | None       | SLICE_X139Y443 | X4Y7         |           1 |               0 |                     |              | gen_systolic[0].u_systolic/a_reg[6][63]_i_1/O                                         | gen_systolic[0].u_systolic/a_reg_bufg_place                                                       |
| src6      | g6        | LUT2/O          | None       | SLICE_X83Y322  | X2Y5         |           1 |               0 |                     |              | gen_systolic[1].u_systolic/a_reg[6][63]_i_1/O                                         | gen_systolic[1].u_systolic/a_reg_bufg_place                                                       |
| src7      | g7        | LUT2/O          | None       | SLICE_X29Y356  | X0Y5         |           1 |               0 |                     |              | gen_systolic[2].u_systolic/a_reg[6][63]_i_1/O                                         | gen_systolic[2].u_systolic/a_reg_bufg_place                                                       |
| src8      | g8        | LUT2/O          | None       | SLICE_X111Y359 | X3Y5         |           1 |               0 |                     |              | gen_systolic[3].u_systolic/a_reg[6][63]_i_1/O                                         | gen_systolic[3].u_systolic/a_reg_bufg_place                                                       |
| src9      | g9        | IBUFCTRL/O      | IOB_X0Y54  | IOB_X0Y54      | X2Y1         |           1 |             139 |                     |              | rst_n_IBUF_inst/IBUFCTRL_INST/O                                                       | rst_n_IBUF_inst/O                                                                                 |
| src10     | g10       | LUT4/O          | PBlock     | SLICE_X84Y425  | X2Y7         |           1 |               0 |                     |              | u_l2_cache/req_wdata[511]_i_1/O                                                       | u_l2_cache/arb_priority0_bufg_place                                                               |
+-----------+-----------+-----------------+------------+----------------+--------------+-------------+-----------------+---------------------+--------------+---------------------------------------------------------------------------------------+---------------------------------------------------------------------------------------------------+
* Clock Loads column represents cell count of net connects that connect to a clock pin. Internal cell leaf pins are not considered
** Non-Clock Loads column represents cell count of non-clock pin loads


4. Clock Regions : Clock Primitives
-----------------------------------

+-------------------+---------------+---------------+---------------+---------------+---------------+---------------+---------------+
|                   |  Global Clock |     BUFGCE    |   BUFGCE_DIV  |    BUFGCTRL   |    BUFG_GT    |      MMCM     |      PLL      |
+-------------------+-------+-------+-------+-------+-------+-------+-------+-------+-------+-------+-------+-------+-------+-------+
| Clock Region Name | Used  | Avail | Used  | Avail | Used  | Avail | Used  | Avail | Used  | Avail | Used  | Avail | Used  | Avail |
+-------------------+-------+-------+-------+-------+-------+-------+-------+-------+-------+-------+-------+-------+-------+-------+
| X0Y0              |     2 |    24 |     0 |     0 |     0 |     0 |     0 |     0 |     0 |    24 |     0 |     0 |     0 |     0 |
| X1Y0              |     2 |    24 |     0 |     0 |     0 |     0 |     0 |     0 |     0 |     0 |     0 |     0 |     0 |     0 |
| X2Y0              |     2 |    24 |     0 |    24 |     0 |     4 |     0 |     8 |     0 |     0 |     0 |     1 |     0 |     2 |
| X3Y0              |     1 |    24 |     0 |     0 |     0 |     0 |     0 |     0 |     0 |     0 |     0 |     0 |     0 |     0 |
| X4Y0              |     1 |    24 |     0 |    24 |     0 |     4 |     0 |     8 |     0 |     0 |     0 |     1 |     0 |     2 |
| X5Y0              |     0 |    24 |     0 |     0 |     0 |     0 |     0 |     0 |     0 |    24 |     0 |     0 |     0 |     0 |
| X0Y1              |     0 |    24 |     0 |     0 |     0 |     0 |     0 |     0 |     0 |    24 |     0 |     0 |     0 |     0 |
| X1Y1              |     0 |    24 |     0 |     0 |     0 |     0 |     0 |     0 |     0 |     0 |     0 |     0 |     0 |     0 |
| X2Y1              |     0 |    24 |     1 |    24 |     0 |     4 |     0 |     8 |     0 |     0 |     0 |     1 |     0 |     2 |
| X3Y1              |     0 |    24 |     0 |     0 |     0 |     0 |     0 |     0 |     0 |     0 |     0 |     0 |     0 |     0 |
| X4Y1              |     0 |    24 |     0 |    24 |     0 |     4 |     0 |     8 |     0 |     0 |     0 |     1 |     0 |     2 |
| X5Y1              |     0 |    24 |     0 |     0 |     0 |     0 |     0 |     0 |     0 |    24 |     0 |     0 |     0 |     0 |
| X0Y2              |     0 |    24 |     0 |     0 |     0 |     0 |     0 |     0 |     0 |    24 |     0 |     0 |     0 |     0 |
| X1Y2              |     0 |    24 |     0 |     0 |     0 |     0 |     0 |     0 |     0 |     0 |     0 |     0 |     0 |     0 |
| X2Y2              |     2 |    24 |     0 |    24 |     0 |     4 |     0 |     8 |     0 |     0 |     0 |     1 |     0 |     2 |
| X3Y2              |     1 |    24 |     0 |     0 |     0 |     0 |     0 |     0 |     0 |     0 |     0 |     0 |     0 |     0 |
| X4Y2              |     1 |    24 |     0 |    24 |     0 |     4 |     0 |     8 |     0 |     0 |     0 |     1 |     0 |     2 |
| X5Y2              |     0 |    24 |     0 |     0 |     0 |     0 |     0 |     0 |     0 |    24 |     0 |     0 |     0 |     0 |
| X0Y3              |     0 |    24 |     0 |     0 |     0 |     0 |     0 |     0 |     0 |    24 |     0 |     0 |     0 |     0 |
| X1Y3              |     1 |    24 |     0 |     0 |     0 |     0 |     0 |     0 |     0 |     0 |     0 |     0 |     0 |     0 |
| X2Y3              |     1 |    24 |     0 |    24 |     0 |     4 |     0 |     8 |     0 |     0 |     0 |     1 |     0 |     2 |
| X3Y3              |     1 |    24 |     0 |     0 |     0 |     0 |     0 |     0 |     0 |     0 |     0 |     0 |     0 |     0 |
| X4Y3              |     1 |    24 |     0 |    24 |     0 |     4 |     0 |     8 |     0 |     0 |     0 |     1 |     0 |     2 |
| X5Y3              |     0 |    24 |     0 |     0 |     0 |     0 |     0 |     0 |     0 |    24 |     0 |     0 |     0 |     0 |
| X0Y4              |     1 |    24 |     0 |     0 |     0 |     0 |     0 |     0 |     0 |    24 |     0 |     0 |     0 |     0 |
| X1Y4              |     2 |    24 |     0 |     0 |     0 |     0 |     0 |     0 |     0 |     0 |     0 |     0 |     0 |     0 |
| X2Y4              |     2 |    24 |     0 |    24 |     0 |     4 |     0 |     8 |     0 |     0 |     0 |     1 |     0 |     2 |
| X3Y4              |     2 |    24 |     0 |     0 |     0 |     0 |     0 |     0 |     0 |     0 |     0 |     0 |     0 |     0 |
| X4Y4              |     2 |    24 |     0 |    24 |     0 |     4 |     0 |     8 |     0 |     0 |     0 |     1 |     0 |     2 |
| X5Y4              |     1 |    24 |     0 |     0 |     0 |     0 |     0 |     0 |     0 |    24 |     0 |     0 |     0 |     0 |
| X0Y5              |     4 |    24 |     0 |     0 |     0 |     0 |     0 |     0 |     0 |    24 |     0 |     0 |     0 |     0 |
| X1Y5              |     4 |    24 |     0 |     0 |     0 |     0 |     0 |     0 |     0 |     0 |     0 |     0 |     0 |     0 |
| X2Y5              |     7 |    24 |     1 |    24 |     0 |     4 |     0 |     8 |     0 |     0 |     0 |     1 |     0 |     2 |
| X3Y5              |     5 |    24 |     0 |     0 |     0 |     0 |     0 |     0 |     0 |     0 |     0 |     0 |     0 |     0 |
| X4Y5              |     4 |    24 |     1 |    24 |     0 |     4 |     0 |     8 |     0 |     0 |     0 |     1 |     0 |     2 |
| X5Y5              |     2 |    24 |     0 |     0 |     0 |     0 |     0 |     0 |     0 |    24 |     0 |     0 |     0 |     0 |
| X0Y6              |     4 |    24 |     0 |     0 |     0 |     0 |     0 |     0 |     0 |    24 |     0 |     0 |     0 |     0 |
| X1Y6              |     5 |    24 |     0 |     0 |     0 |     0 |     0 |     0 |     0 |     0 |     0 |     0 |     0 |     0 |
| X2Y6              |     6 |    24 |     1 |    24 |     0 |     4 |     0 |     8 |     0 |     0 |     0 |     1 |     0 |     2 |
| X3Y6              |     5 |    24 |     0 |     0 |     0 |     0 |     0 |     0 |     0 |     0 |     0 |     0 |     0 |     0 |
| X4Y6              |     7 |    24 |     2 |    24 |     0 |     4 |     0 |     8 |     0 |     0 |     0 |     1 |     0 |     2 |
| X5Y6              |     5 |    24 |     0 |     0 |     0 |     0 |     0 |     0 |     0 |    24 |     0 |     0 |     0 |     0 |
| X0Y7              |     3 |    24 |     0 |     0 |     0 |     0 |     0 |     0 |     0 |    24 |     0 |     0 |     0 |     0 |
| X1Y7              |     4 |    24 |     0 |     0 |     0 |     0 |     0 |     0 |     0 |     0 |     0 |     0 |     0 |     0 |
| X2Y7              |     6 |    24 |     2 |    24 |     0 |     4 |     0 |     8 |     0 |     0 |     0 |     1 |     0 |     2 |
| X3Y7              |     5 |    24 |     0 |     0 |     0 |     0 |     0 |     0 |     0 |     0 |     0 |     0 |     0 |     0 |
| X4Y7              |     6 |    24 |     2 |    24 |     0 |     4 |     0 |     8 |     0 |     0 |     0 |     1 |     0 |     2 |
| X5Y7              |     6 |    24 |     0 |     0 |     0 |     0 |     0 |     0 |     0 |    24 |     0 |     0 |     0 |     0 |
| X0Y8              |     2 |    24 |     0 |     0 |     0 |     0 |     0 |     0 |     0 |    24 |     0 |     0 |     0 |     0 |
| X1Y8              |     4 |    24 |     0 |     0 |     0 |     0 |     0 |     0 |     0 |     0 |     0 |     0 |     0 |     0 |
| X2Y8              |     5 |    24 |     0 |    24 |     0 |     4 |     0 |     8 |     0 |     0 |     0 |     1 |     0 |     2 |
| X3Y8              |     4 |    24 |     0 |     0 |     0 |     0 |     0 |     0 |     0 |     0 |     0 |     0 |     0 |     0 |
| X4Y8              |     4 |    24 |     1 |    24 |     0 |     4 |     0 |     8 |     0 |     0 |     0 |     1 |     0 |     2 |
| X5Y8              |     3 |    24 |     0 |     0 |     0 |     0 |     0 |     0 |     0 |    24 |     0 |     0 |     0 |     0 |
| X0Y9              |     2 |    24 |     0 |     0 |     0 |     0 |     0 |     0 |     0 |    24 |     0 |     0 |     0 |     0 |
| X1Y9              |     3 |    24 |     0 |     0 |     0 |     0 |     0 |     0 |     0 |     0 |     0 |     0 |     0 |     0 |
| X2Y9              |     3 |    24 |     0 |    24 |     0 |     4 |     0 |     8 |     0 |     0 |     0 |     1 |     0 |     2 |
| X3Y9              |     2 |    24 |     0 |     0 |     0 |     0 |     0 |     0 |     0 |     0 |     0 |     0 |     0 |     0 |
| X4Y9              |     2 |    24 |     0 |    24 |     0 |     4 |     0 |     8 |     0 |     0 |     0 |     1 |     0 |     2 |
| X5Y9              |     1 |    24 |     0 |     0 |     0 |     0 |     0 |     0 |     0 |    24 |     0 |     0 |     0 |     0 |
| X0Y10             |     1 |    24 |     0 |     0 |     0 |     0 |     0 |     0 |     0 |    24 |     0 |     0 |     0 |     0 |
| X1Y10             |     1 |    24 |     0 |     0 |     0 |     0 |     0 |     0 |     0 |     0 |     0 |     0 |     0 |     0 |
| X2Y10             |     1 |    24 |     0 |    24 |     0 |     4 |     0 |     8 |     0 |     0 |     0 |     1 |     0 |     2 |
| X3Y10             |     1 |    24 |     0 |     0 |     0 |     0 |     0 |     0 |     0 |     0 |     0 |     0 |     0 |     0 |
| X4Y10             |     1 |    24 |     0 |    24 |     0 |     4 |     0 |     8 |     0 |     0 |     0 |     1 |     0 |     2 |
| X5Y10             |     1 |    24 |     0 |     0 |     0 |     0 |     0 |     0 |     0 |    24 |     0 |     0 |     0 |     0 |
| X0Y11             |     1 |    24 |     0 |     0 |     0 |     0 |     0 |     0 |     0 |    24 |     0 |     0 |     0 |     0 |
| X1Y11             |     1 |    24 |     0 |     0 |     0 |     0 |     0 |     0 |     0 |     0 |     0 |     0 |     0 |     0 |
| X2Y11             |     1 |    24 |     0 |    24 |     0 |     4 |     0 |     8 |     0 |     0 |     0 |     1 |     0 |     2 |
| X3Y11             |     1 |    24 |     0 |     0 |     0 |     0 |     0 |     0 |     0 |     0 |     0 |     0 |     0 |     0 |
| X4Y11             |     1 |    24 |     0 |    24 |     0 |     4 |     0 |     8 |     0 |     0 |     0 |     1 |     0 |     2 |
| X5Y11             |     0 |    24 |     0 |     0 |     0 |     0 |     0 |     0 |     0 |    24 |     0 |     0 |     0 |     0 |
| X0Y12             |     0 |    24 |     0 |     0 |     0 |     0 |     0 |     0 |     0 |    24 |     0 |     0 |     0 |     0 |
| X1Y12             |     0 |    24 |     0 |     0 |     0 |     0 |     0 |     0 |     0 |     0 |     0 |     0 |     0 |     0 |
| X2Y12             |     1 |    24 |     0 |    24 |     0 |     4 |     0 |     8 |     0 |     0 |     0 |     1 |     0 |     2 |
| X3Y12             |     1 |    24 |     0 |     0 |     0 |     0 |     0 |     0 |     0 |     0 |     0 |     0 |     0 |     0 |
| X4Y12             |     0 |    24 |     0 |    24 |     0 |     4 |     0 |     8 |     0 |     0 |     0 |     1 |     0 |     2 |
| X5Y12             |     0 |    24 |     0 |     0 |     0 |     0 |     0 |     0 |     0 |    24 |     0 |     0 |     0 |     0 |
| X0Y13             |     0 |    24 |     0 |     0 |     0 |     0 |     0 |     0 |     0 |    24 |     0 |     0 |     0 |     0 |
| X1Y13             |     0 |    24 |     0 |     0 |     0 |     0 |     0 |     0 |     0 |     0 |     0 |     0 |     0 |     0 |
| X2Y13             |     0 |    24 |     0 |    24 |     0 |     4 |     0 |     8 |     0 |     0 |     0 |     1 |     0 |     2 |
| X3Y13             |     0 |    24 |     0 |     0 |     0 |     0 |     0 |     0 |     0 |     0 |     0 |     0 |     0 |     0 |
| X4Y13             |     0 |    24 |     0 |    24 |     0 |     4 |     0 |     8 |     0 |     0 |     0 |     1 |     0 |     2 |
| X5Y13             |     0 |    24 |     0 |     0 |     0 |     0 |     0 |     0 |     0 |    24 |     0 |     0 |     0 |     0 |
| X0Y14             |     0 |    24 |     0 |     0 |     0 |     0 |     0 |     0 |     0 |    24 |     0 |     0 |     0 |     0 |
| X1Y14             |     0 |    24 |     0 |     0 |     0 |     0 |     0 |     0 |     0 |     0 |     0 |     0 |     0 |     0 |
| X2Y14             |     0 |    24 |     0 |    24 |     0 |     4 |     0 |     8 |     0 |     0 |     0 |     1 |     0 |     2 |
| X3Y14             |     0 |    24 |     0 |     0 |     0 |     0 |     0 |     0 |     0 |     0 |     0 |     0 |     0 |     0 |
| X4Y14             |     0 |    24 |     0 |    24 |     0 |     4 |     0 |     8 |     0 |     0 |     0 |     1 |     0 |     2 |
| X5Y14             |     0 |    24 |     0 |     0 |     0 |     0 |     0 |     0 |     0 |    24 |     0 |     0 |     0 |     0 |
+-------------------+-------+-------+-------+-------+-------+-------+-------+-------+-------+-------+-------+-------+-------+-------+
* Global Clock column represents track count; while other columns represents cell counts


5. Clock Regions : Load Primitives
----------------------------------

+-------------------+------------------+------------------+------------------+------------------+------------------+------------------+------------------+------------------+
|                   |   Global Clock   |        FF        |      LUTRAM      |  Block RAM (18K) |       URAM       |        DSP       |        GT        |      HARD IP     |
+-------------------+--------+---------+--------+---------+--------+---------+--------+---------+--------+---------+--------+---------+--------+---------+--------+---------+
| Clock Region Name | Used   | Avail   | Used   | Avail   | Used   | Avail   | Used   | Avail   | Used   | Avail   | Used   | Avail   | Used   | Avail   | Used   | Avail   |
+-------------------+--------+---------+--------+---------+--------+---------+--------+---------+--------+---------+--------+---------+--------+---------+--------+---------+
| X0Y0              |      2 |      24 |    130 |   27840 |      0 |    6720 |      0 |      72 |      0 |       0 |      0 |     120 |      0 |       4 |      0 |       1 |
| X1Y0              |      2 |      24 |      0 |   21120 |      0 |    5280 |      0 |      24 |      0 |      16 |      0 |      72 |      0 |       0 |      0 |       0 |
| X2Y0              |      2 |      24 |      0 |   29760 |      0 |    6720 |      0 |      72 |      0 |      16 |      0 |      72 |      0 |       0 |      0 |       0 |
| X3Y0              |      1 |      24 |      0 |   21120 |      0 |    5280 |      0 |      24 |      0 |      16 |      0 |      72 |      0 |       0 |      0 |       0 |
| X4Y0              |      1 |      24 |      0 |   26880 |      0 |    6240 |      0 |      48 |      0 |      16 |      0 |      72 |      0 |       0 |      0 |       0 |
| X5Y0              |      0 |      24 |      0 |   24000 |      0 |    5760 |      0 |      48 |      0 |       0 |      0 |      48 |      0 |       4 |      0 |       1 |
| X0Y1              |      0 |      24 |      0 |   29760 |      0 |    7680 |      0 |      72 |      0 |       0 |      0 |     120 |      0 |       4 |      0 |       1 |
| X1Y1              |      0 |      24 |      0 |   23040 |      0 |    6240 |      0 |      24 |      0 |      16 |      0 |      72 |      0 |       0 |      0 |       0 |
| X2Y1              |      0 |      24 |      0 |   31680 |      0 |    7680 |      0 |      72 |      0 |      16 |      0 |      72 |      0 |       0 |      0 |       0 |
| X3Y1              |      0 |      24 |      0 |   23040 |      0 |    6240 |      0 |      24 |      0 |      16 |      0 |      72 |      0 |       0 |      0 |       0 |
| X4Y1              |      0 |      24 |      0 |   28800 |      0 |    7200 |      0 |      48 |      0 |      16 |      0 |      72 |      0 |       0 |      0 |       0 |
| X5Y1              |      0 |      24 |      0 |   25920 |      0 |    6720 |      0 |      48 |      0 |       0 |      0 |      48 |      0 |       4 |      0 |       0 |
| X0Y2              |      0 |      24 |      0 |   29760 |      0 |    7680 |      0 |      72 |      0 |       0 |      0 |     120 |      0 |       4 |      0 |       1 |
| X1Y2              |      0 |      24 |      0 |   23040 |      0 |    6240 |      0 |      24 |      0 |      16 |      0 |      72 |      0 |       0 |      0 |       0 |
| X2Y2              |      2 |      24 |     83 |   31680 |      0 |    7680 |      0 |      72 |      0 |      16 |      0 |      72 |      0 |       0 |      0 |       0 |
| X3Y2              |      1 |      24 |      0 |   23040 |      0 |    6240 |      0 |      24 |      0 |      16 |      0 |      72 |      0 |       0 |      0 |       0 |
| X4Y2              |      1 |      24 |      0 |   28800 |      0 |    7200 |      0 |      48 |      0 |      16 |      0 |      72 |      0 |       0 |      0 |       0 |
| X5Y2              |      0 |      24 |      0 |   25920 |      0 |    6720 |      0 |      48 |      0 |       0 |      0 |      48 |      0 |       4 |      0 |       0 |
| X0Y3              |      0 |      24 |      0 |   29760 |      0 |    7680 |      0 |      72 |      0 |       0 |      0 |     120 |      0 |       4 |      0 |       1 |
| X1Y3              |      1 |      24 |      0 |   23040 |      0 |    6240 |      7 |      24 |      0 |      16 |      0 |      72 |      0 |       0 |      0 |       0 |
| X2Y3              |      1 |      24 |      0 |   31680 |      0 |    7680 |     37 |      72 |      0 |      16 |      0 |      72 |      0 |       0 |      0 |       0 |
| X3Y3              |      1 |      24 |      0 |   23040 |      0 |    6240 |     14 |      24 |      0 |      16 |      0 |      72 |      0 |       0 |      0 |       0 |
| X4Y3              |      1 |      24 |      0 |   28800 |      0 |    7200 |     23 |      48 |      0 |      16 |      0 |      72 |      0 |       0 |      0 |       0 |
| X5Y3              |      0 |      24 |      0 |   25920 |      0 |    6720 |      0 |      48 |      0 |       0 |      0 |      48 |      0 |       4 |      0 |       1 |
| X0Y4              |      1 |      24 |      0 |   27840 |      0 |    6720 |     32 |      72 |      0 |       0 |      0 |     120 |      0 |       4 |      0 |       1 |
| X1Y4              |      2 |      24 |     32 |   21120 |      0 |    5280 |     24 |      24 |      0 |      16 |      0 |      72 |      0 |       0 |      0 |       0 |
| X2Y4              |      2 |      24 |     22 |   29760 |      0 |    6720 |     72 |      72 |      0 |      16 |      0 |      72 |      0 |       0 |      0 |       0 |
| X3Y4              |      2 |      24 |     32 |   21120 |      0 |    5280 |     24 |      24 |      0 |      16 |      0 |      72 |      0 |       0 |      0 |       0 |
| X4Y4              |      2 |      24 |      0 |   26880 |      0 |    6240 |     48 |      48 |      0 |      16 |      0 |      72 |      0 |       0 |      0 |       0 |
| X5Y4              |      1 |      24 |      0 |   24000 |      0 |    5760 |     42 |      48 |      0 |       0 |      0 |      48 |      0 |       4 |      0 |       1 |
| X0Y5              |      4 |      24 |   3186 |   27840 |      0 |    6720 |     72 |      72 |      0 |       0 |      0 |     120 |      0 |       4 |      0 |       1 |
| X1Y5              |      4 |      24 |   3902 |   21120 |      0 |    5280 |     24 |      24 |      0 |      16 |      0 |      72 |      0 |       0 |      0 |       0 |
| X2Y5              |      7 |      24 |   6138 |   29760 |      0 |    6720 |     72 |      72 |      0 |      16 |      0 |      72 |      0 |       0 |      0 |       0 |
| X3Y5              |      5 |      24 |   4876 |   21120 |      0 |    5280 |     24 |      24 |      0 |      16 |      0 |      72 |      0 |       0 |      0 |       0 |
| X4Y5              |      4 |      24 |   5784 |   26880 |     54 |    6240 |     48 |      48 |      0 |      16 |      0 |      72 |      0 |       0 |      0 |       0 |
| X5Y5              |      2 |      24 |   4526 |   24000 |      0 |    5760 |     48 |      48 |      0 |       0 |      0 |      48 |      0 |       4 |      0 |       1 |
| X0Y6              |      4 |      24 |   2967 |   29760 |      0 |    7680 |     72 |      72 |      0 |       0 |      0 |     120 |      0 |       4 |      0 |       1 |
| X1Y6              |      5 |      24 |   4561 |   23040 |     54 |    6240 |     24 |      24 |      0 |      16 |      0 |      72 |      0 |       0 |      0 |       0 |
| X2Y6              |      6 |      24 |   6283 |   31680 |      0 |    7680 |     72 |      72 |      0 |      16 |      0 |      72 |      0 |       0 |      0 |       0 |
| X3Y6              |      5 |      24 |   5274 |   23040 |     54 |    6240 |     24 |      24 |      0 |      16 |      0 |      72 |      0 |       0 |      0 |       0 |
| X4Y6              |      7 |      24 |   4960 |   28800 |      0 |    7200 |     48 |      48 |      0 |      16 |      0 |      72 |      0 |       0 |      0 |       0 |
| X5Y6              |      5 |      24 |   2444 |   25920 |      0 |    6720 |     48 |      48 |      0 |       0 |      0 |      48 |      0 |       4 |      0 |       0 |
| X0Y7              |      3 |      24 |   2439 |   29760 |      0 |    7680 |     72 |      72 |      0 |       0 |      0 |     120 |      0 |       4 |      0 |       1 |
| X1Y7              |      4 |      24 |   4692 |   23040 |      0 |    6240 |     24 |      24 |      0 |      16 |      0 |      72 |      0 |       0 |      0 |       0 |
| X2Y7              |      6 |      24 |   6383 |   31680 |      0 |    7680 |     72 |      72 |      0 |      16 |      0 |      72 |      0 |       0 |      0 |       0 |
| X3Y7              |      5 |      24 |   5726 |   23040 |      0 |    6240 |     24 |      24 |      0 |      16 |      0 |      72 |      0 |       0 |      0 |       0 |
| X4Y7              |      6 |      24 |   5917 |   28800 |      0 |    7200 |     48 |      48 |      0 |      16 |      0 |      72 |      0 |       0 |      0 |       0 |
| X5Y7              |      6 |      24 |   5646 |   25920 |     54 |    6720 |     48 |      48 |      0 |       0 |      0 |      48 |      0 |       4 |      0 |       0 |
| X0Y8              |      2 |      24 |   2050 |   29760 |      0 |    7680 |     72 |      72 |      0 |       0 |      0 |     120 |      0 |       4 |      0 |       1 |
| X1Y8              |      4 |      24 |   2989 |   23040 |      0 |    6240 |     24 |      24 |      0 |      16 |      0 |      72 |      0 |       0 |      0 |       0 |
| X2Y8              |      5 |      24 |   3697 |   31680 |      0 |    7680 |     72 |      72 |      0 |      16 |      0 |      72 |      0 |       0 |      0 |       0 |
| X3Y8              |      4 |      24 |   3280 |   23040 |      0 |    6240 |     24 |      24 |      0 |      16 |      0 |      72 |      0 |       0 |      0 |       0 |
| X4Y8              |      4 |      24 |   7183 |   28800 |      0 |    7200 |     48 |      48 |      0 |      16 |      0 |      72 |      0 |       0 |      0 |       0 |
| X5Y8              |      3 |      24 |   7510 |   25920 |      0 |    6720 |     48 |      48 |      0 |       0 |      0 |      48 |      0 |       4 |      0 |       1 |
| X0Y9              |      2 |      24 |    603 |   27840 |      0 |    6720 |     72 |      72 |      0 |       0 |      0 |     120 |      0 |       4 |      0 |       1 |
| X1Y9              |      3 |      24 |   1533 |   21120 |      0 |    5280 |     24 |      24 |      0 |      16 |      0 |      72 |      0 |       0 |      0 |       0 |
| X2Y9              |      3 |      24 |   2578 |   29760 |      0 |    6720 |     72 |      72 |      0 |      16 |      0 |      72 |      0 |       0 |      0 |       0 |
| X3Y9              |      2 |      24 |   1689 |   21120 |      0 |    5280 |     24 |      24 |      0 |      16 |      0 |      72 |      0 |       0 |      0 |       0 |
| X4Y9              |      2 |      24 |   6969 |   26880 |      0 |    6240 |     48 |      48 |      0 |      16 |      0 |      72 |      0 |       0 |      0 |       0 |
| X5Y9              |      1 |      24 |   7329 |   24000 |      0 |    5760 |     48 |      48 |      0 |       0 |      0 |      48 |      0 |       4 |      0 |       1 |
| X0Y10             |      1 |      24 |      0 |   27840 |      0 |    6720 |     61 |      72 |      0 |       0 |      0 |     120 |      0 |       4 |      0 |       1 |
| X1Y10             |      1 |      24 |      0 |   21120 |      0 |    5280 |     24 |      24 |      0 |      16 |      0 |      72 |      0 |       0 |      0 |       0 |
| X2Y10             |      1 |      24 |      0 |   29760 |      0 |    6720 |     72 |      72 |      0 |      16 |      0 |      72 |      0 |       0 |      0 |       0 |
| X3Y10             |      1 |      24 |      0 |   21120 |      0 |    5280 |     24 |      24 |      0 |      16 |      0 |      72 |      0 |       0 |      0 |       0 |
| X4Y10             |      1 |      24 |      0 |   26880 |      0 |    6240 |     48 |      48 |      0 |      16 |      0 |      72 |      0 |       0 |      0 |       0 |
| X5Y10             |      1 |      24 |      0 |   24000 |      0 |    5760 |     43 |      48 |      0 |       0 |      0 |      48 |      0 |       4 |      0 |       1 |
| X0Y11             |      1 |      24 |      0 |   29760 |      0 |    7680 |      8 |      72 |      0 |       0 |      0 |     120 |      0 |       4 |      0 |       1 |
| X1Y11             |      1 |      24 |      0 |   23040 |      0 |    6240 |     20 |      24 |      0 |      16 |      0 |      72 |      0 |       0 |      0 |       0 |
| X2Y11             |      1 |      24 |      0 |   31680 |      0 |    7680 |     54 |      72 |      0 |      16 |      0 |      72 |      0 |       0 |      0 |       0 |
| X3Y11             |      1 |      24 |      0 |   23040 |      0 |    6240 |     23 |      24 |      0 |      16 |      0 |      72 |      0 |       0 |      0 |       0 |
| X4Y11             |      1 |      24 |      0 |   28800 |      0 |    7200 |     20 |      48 |      0 |      16 |      0 |      72 |      0 |       0 |      0 |       0 |
| X5Y11             |      0 |      24 |      0 |   25920 |      0 |    6720 |      0 |      48 |      0 |       0 |      0 |      48 |      0 |       4 |      0 |       0 |
| X0Y12             |      0 |      24 |      0 |   29760 |      0 |    7680 |      0 |      72 |      0 |       0 |      0 |     120 |      0 |       4 |      0 |       1 |
| X1Y12             |      0 |      24 |      0 |   23040 |      0 |    6240 |      0 |      24 |      0 |      16 |      0 |      72 |      0 |       0 |      0 |       0 |
| X2Y12             |      1 |      24 |      0 |   31680 |      0 |    7680 |      0 |      72 |      0 |      16 |      0 |      72 |      0 |       0 |      0 |       0 |
| X3Y12             |      1 |      24 |      0 |   23040 |      0 |    6240 |      2 |      24 |      0 |      16 |      0 |      72 |      0 |       0 |      0 |       0 |
| X4Y12             |      0 |      24 |      0 |   28800 |      0 |    7200 |      0 |      48 |      0 |      16 |      0 |      72 |      0 |       0 |      0 |       0 |
| X5Y12             |      0 |      24 |      0 |   25920 |      0 |    6720 |      0 |      48 |      0 |       0 |      0 |      48 |      0 |       4 |      0 |       0 |
| X0Y13             |      0 |      24 |      0 |   29760 |      0 |    7680 |      0 |      72 |      0 |       0 |      0 |     120 |      0 |       4 |      0 |       1 |
| X1Y13             |      0 |      24 |      0 |   23040 |      0 |    6240 |      0 |      24 |      0 |      16 |      0 |      72 |      0 |       0 |      0 |       0 |
| X2Y13             |      0 |      24 |      0 |   31680 |      0 |    7680 |      0 |      72 |      0 |      16 |      0 |      72 |      0 |       0 |      0 |       0 |
| X3Y13             |      0 |      24 |      0 |   23040 |      0 |    6240 |      0 |      24 |      0 |      16 |      0 |      72 |      0 |       0 |      0 |       0 |
| X4Y13             |      0 |      24 |      0 |   28800 |      0 |    7200 |      0 |      48 |      0 |      16 |      0 |      72 |      0 |       0 |      0 |       0 |
| X5Y13             |      0 |      24 |      0 |   25920 |      0 |    6720 |      0 |      48 |      0 |       0 |      0 |      48 |      0 |       4 |      0 |       1 |
| X0Y14             |      0 |      24 |      0 |   27840 |      0 |    6720 |      0 |      72 |      0 |       0 |      0 |     120 |      0 |       4 |      0 |       1 |
| X1Y14             |      0 |      24 |      0 |   21120 |      0 |    5280 |      0 |      24 |      0 |      16 |      0 |      72 |      0 |       0 |      0 |       0 |
| X2Y14             |      0 |      24 |      0 |   29760 |      0 |    6720 |      0 |      72 |      0 |      16 |      0 |      72 |      0 |       0 |      0 |       0 |
| X3Y14             |      0 |      24 |      0 |   21120 |      0 |    5280 |      0 |      24 |      0 |      16 |      0 |      72 |      0 |       0 |      0 |       0 |
| X4Y14             |      0 |      24 |      0 |   26880 |      0 |    6240 |      0 |      48 |      0 |      16 |      0 |      72 |      0 |       0 |      0 |       0 |
| X5Y14             |      0 |      24 |      0 |   24000 |      0 |    5760 |      0 |      48 |      0 |       0 |      0 |      48 |      0 |       4 |      0 |       1 |
+-------------------+--------+---------+--------+---------+--------+---------+--------+---------+--------+---------+--------+---------+--------+---------+--------+---------+
* Global Clock column represents track count; while other columns represents cell counts


6. Clock Regions : Global Clock Summary
---------------------------------------

All Modules
+-----+----+----+----+----+----+----+
|     | X0 | X1 | X2 | X3 | X4 | X5 |
+-----+----+----+----+----+----+----+
| Y14 |  0 |  0 |  0 |  0 |  0 |  0 |
| Y13 |  0 |  0 |  0 |  0 |  0 |  0 |
| Y12 |  0 |  0 |  1 |  1 |  0 |  0 |
| Y11 |  1 |  1 |  1 |  1 |  1 |  0 |
| Y10 |  1 |  1 |  1 |  1 |  1 |  1 |
| Y9  |  2 |  3 |  3 |  2 |  2 |  1 |
| Y8  |  2 |  4 |  5 |  4 |  4 |  3 |
| Y7  |  3 |  4 |  6 |  5 |  6 |  6 |
| Y6  |  4 |  5 |  6 |  5 |  7 |  5 |
| Y5  |  4 |  4 |  7 |  5 |  4 |  2 |
| Y4  |  1 |  2 |  2 |  2 |  2 |  1 |
| Y3  |  0 |  1 |  1 |  1 |  2 |  0 |
| Y2  |  0 |  0 |  2 |  1 |  1 |  0 |
| Y1  |  0 |  0 |  0 |  0 |  0 |  0 |
| Y0  |  2 |  2 |  2 |  1 |  1 |  0 |
+-----+----+----+----+----+----+----+


7. Clock Regions : Routing Resource Utilization
-----------------------------------------------

All Modules
+-------------------+----------------------+----------------------+----------------------+----------------------+
|                   |        HROUTES       |        HDISTRS       |        VROUTES       |        VDISTRS       |
+-------------------+------+-------+-------+------+-------+-------+------+-------+-------+------+-------+-------+
| Clock Region Name | Used | Avail | Util% | Used | Avail | Util% | Used | Avail | Util% | Used | Avail | Util% |
+-------------------+------+-------+-------+------+-------+-------+------+-------+-------+------+-------+-------+
| X0Y0              |    0 |    24 |  0.00 |    2 |    24 |  8.33 |    0 |    24 |  0.00 |    0 |    24 |  0.00 |
| X1Y0              |    0 |    24 |  0.00 |    2 |    24 |  8.33 |    0 |    24 |  0.00 |    0 |    24 |  0.00 |
| X2Y0              |    0 |    24 |  0.00 |    2 |    24 |  8.33 |    0 |    24 |  0.00 |    1 |    24 |  4.17 |
| X3Y0              |    0 |    24 |  0.00 |    1 |    24 |  4.17 |    0 |    24 |  0.00 |    0 |    24 |  0.00 |
| X4Y0              |    0 |    24 |  0.00 |    1 |    24 |  4.17 |    0 |    24 |  0.00 |    1 |    24 |  4.17 |
| X5Y0              |    0 |    24 |  0.00 |    0 |    24 |  0.00 |    0 |    24 |  0.00 |    0 |    24 |  0.00 |
| X0Y1              |    0 |    24 |  0.00 |    0 |    24 |  0.00 |    0 |    24 |  0.00 |    0 |    24 |  0.00 |
| X1Y1              |    0 |    24 |  0.00 |    0 |    24 |  0.00 |    0 |    24 |  0.00 |    0 |    24 |  0.00 |
| X2Y1              |    1 |    24 |  4.17 |    0 |    24 |  0.00 |    0 |    24 |  0.00 |    1 |    24 |  4.17 |
| X3Y1              |    0 |    24 |  0.00 |    0 |    24 |  0.00 |    0 |    24 |  0.00 |    0 |    24 |  0.00 |
| X4Y1              |    0 |    24 |  0.00 |    0 |    24 |  0.00 |    0 |    24 |  0.00 |    1 |    24 |  4.17 |
| X5Y1              |    0 |    24 |  0.00 |    0 |    24 |  0.00 |    0 |    24 |  0.00 |    0 |    24 |  0.00 |
| X0Y2              |    0 |    24 |  0.00 |    0 |    24 |  0.00 |    0 |    24 |  0.00 |    0 |    24 |  0.00 |
| X1Y2              |    0 |    24 |  0.00 |    0 |    24 |  0.00 |    0 |    24 |  0.00 |    0 |    24 |  0.00 |
| X2Y2              |    0 |    24 |  0.00 |    2 |    24 |  8.33 |    1 |    24 |  4.17 |    1 |    24 |  4.17 |
| X3Y2              |    0 |    24 |  0.00 |    1 |    24 |  4.17 |    0 |    24 |  0.00 |    0 |    24 |  0.00 |
| X4Y2              |    0 |    24 |  0.00 |    1 |    24 |  4.17 |    0 |    24 |  0.00 |    1 |    24 |  4.17 |
| X5Y2              |    0 |    24 |  0.00 |    0 |    24 |  0.00 |    0 |    24 |  0.00 |    0 |    24 |  0.00 |
| X0Y3              |    0 |    24 |  0.00 |    0 |    24 |  0.00 |    0 |    24 |  0.00 |    0 |    24 |  0.00 |
| X1Y3              |    0 |    24 |  0.00 |    1 |    24 |  4.17 |    0 |    24 |  0.00 |    0 |    24 |  0.00 |
| X2Y3              |    0 |    24 |  0.00 |    1 |    24 |  4.17 |    1 |    24 |  4.17 |    1 |    24 |  4.17 |
| X3Y3              |    0 |    24 |  0.00 |    1 |    24 |  4.17 |    0 |    24 |  0.00 |    0 |    24 |  0.00 |
| X4Y3              |    0 |    24 |  0.00 |    1 |    24 |  4.17 |    0 |    24 |  0.00 |    1 |    24 |  4.17 |
| X5Y3              |    0 |    24 |  0.00 |    0 |    24 |  0.00 |    0 |    24 |  0.00 |    0 |    24 |  0.00 |
| X0Y4              |    0 |    24 |  0.00 |    1 |    24 |  4.17 |    0 |    24 |  0.00 |    0 |    24 |  0.00 |
| X1Y4              |    0 |    24 |  0.00 |    2 |    24 |  8.33 |    0 |    24 |  0.00 |    0 |    24 |  0.00 |
| X2Y4              |    0 |    24 |  0.00 |    2 |    24 |  8.33 |    1 |    24 |  4.17 |    1 |    24 |  4.17 |
| X3Y4              |    0 |    24 |  0.00 |    2 |    24 |  8.33 |    0 |    24 |  0.00 |    0 |    24 |  0.00 |
| X4Y4              |    0 |    24 |  0.00 |    2 |    24 |  8.33 |    0 |    24 |  0.00 |    1 |    24 |  4.17 |
| X5Y4              |    0 |    24 |  0.00 |    1 |    24 |  4.17 |    0 |    24 |  0.00 |    0 |    24 |  0.00 |
| X0Y5              |    0 |    24 |  0.00 |    4 |    24 | 16.67 |    0 |    24 |  0.00 |    0 |    24 |  0.00 |
| X1Y5              |    0 |    24 |  0.00 |    4 |    24 | 16.67 |    0 |    24 |  0.00 |    0 |    24 |  0.00 |
| X2Y5              |    0 |    24 |  0.00 |    7 |    24 | 29.17 |    1 |    24 |  4.17 |    4 |    24 | 16.67 |
| X3Y5              |    0 |    24 |  0.00 |    5 |    24 | 20.83 |    0 |    24 |  0.00 |    0 |    24 |  0.00 |
| X4Y5              |    1 |    24 |  4.17 |    4 |    24 | 16.67 |    0 |    24 |  0.00 |    3 |    24 | 12.50 |
| X5Y5              |    0 |    24 |  0.00 |    2 |    24 |  8.33 |    0 |    24 |  0.00 |    0 |    24 |  0.00 |
| X0Y6              |    0 |    24 |  0.00 |    4 |    24 | 16.67 |    0 |    24 |  0.00 |    0 |    24 |  0.00 |
| X1Y6              |    0 |    24 |  0.00 |    5 |    24 | 20.83 |    0 |    24 |  0.00 |    0 |    24 |  0.00 |
| X2Y6              |    0 |    24 |  0.00 |    6 |    24 | 25.00 |    1 |    24 |  4.17 |    4 |    24 | 16.67 |
| X3Y6              |    0 |    24 |  0.00 |    5 |    24 | 20.83 |    0 |    24 |  0.00 |    0 |    24 |  0.00 |
| X4Y6              |    0 |    24 |  0.00 |    7 |    24 | 29.17 |    0 |    24 |  0.00 |    5 |    24 | 20.83 |
| X5Y6              |    0 |    24 |  0.00 |    5 |    24 | 20.83 |    0 |    24 |  0.00 |    0 |    24 |  0.00 |
| X0Y7              |    0 |    24 |  0.00 |    3 |    24 | 12.50 |    0 |    24 |  0.00 |    0 |    24 |  0.00 |
| X1Y7              |    0 |    24 |  0.00 |    4 |    24 | 16.67 |    0 |    24 |  0.00 |    0 |    24 |  0.00 |
| X2Y7              |    0 |    24 |  0.00 |    6 |    24 | 25.00 |    0 |    24 |  0.00 |    3 |    24 | 12.50 |
| X3Y7              |    0 |    24 |  0.00 |    5 |    24 | 20.83 |    0 |    24 |  0.00 |    0 |    24 |  0.00 |
| X4Y7              |    0 |    24 |  0.00 |    6 |    24 | 25.00 |    0 |    24 |  0.00 |    4 |    24 | 16.67 |
| X5Y7              |    0 |    24 |  0.00 |    6 |    24 | 25.00 |    0 |    24 |  0.00 |    0 |    24 |  0.00 |
| X0Y8              |    0 |    24 |  0.00 |    2 |    24 |  8.33 |    0 |    24 |  0.00 |    0 |    24 |  0.00 |
| X1Y8              |    0 |    24 |  0.00 |    4 |    24 | 16.67 |    0 |    24 |  0.00 |    0 |    24 |  0.00 |
| X2Y8              |    0 |    24 |  0.00 |    5 |    24 | 20.83 |    0 |    24 |  0.00 |    2 |    24 |  8.33 |
| X3Y8              |    0 |    24 |  0.00 |    4 |    24 | 16.67 |    0 |    24 |  0.00 |    0 |    24 |  0.00 |
| X4Y8              |    0 |    24 |  0.00 |    4 |    24 | 16.67 |    0 |    24 |  0.00 |    2 |    24 |  8.33 |
| X5Y8              |    0 |    24 |  0.00 |    3 |    24 | 12.50 |    0 |    24 |  0.00 |    0 |    24 |  0.00 |
| X0Y9              |    0 |    24 |  0.00 |    2 |    24 |  8.33 |    0 |    24 |  0.00 |    0 |    24 |  0.00 |
| X1Y9              |    0 |    24 |  0.00 |    3 |    24 | 12.50 |    0 |    24 |  0.00 |    0 |    24 |  0.00 |
| X2Y9              |    0 |    24 |  0.00 |    3 |    24 | 12.50 |    0 |    24 |  0.00 |    1 |    24 |  4.17 |
| X3Y9              |    0 |    24 |  0.00 |    2 |    24 |  8.33 |    0 |    24 |  0.00 |    0 |    24 |  0.00 |
| X4Y9              |    0 |    24 |  0.00 |    2 |    24 |  8.33 |    0 |    24 |  0.00 |    0 |    24 |  0.00 |
| X5Y9              |    0 |    24 |  0.00 |    1 |    24 |  4.17 |    0 |    24 |  0.00 |    0 |    24 |  0.00 |
| X0Y10             |    0 |    24 |  0.00 |    1 |    24 |  4.17 |    0 |    24 |  0.00 |    0 |    24 |  0.00 |
| X1Y10             |    0 |    24 |  0.00 |    1 |    24 |  4.17 |    0 |    24 |  0.00 |    0 |    24 |  0.00 |
| X2Y10             |    0 |    24 |  0.00 |    1 |    24 |  4.17 |    0 |    24 |  0.00 |    1 |    24 |  4.17 |
| X3Y10             |    0 |    24 |  0.00 |    1 |    24 |  4.17 |    0 |    24 |  0.00 |    0 |    24 |  0.00 |
| X4Y10             |    0 |    24 |  0.00 |    1 |    24 |  4.17 |    0 |    24 |  0.00 |    0 |    24 |  0.00 |
| X5Y10             |    0 |    24 |  0.00 |    1 |    24 |  4.17 |    0 |    24 |  0.00 |    0 |    24 |  0.00 |
| X0Y11             |    0 |    24 |  0.00 |    1 |    24 |  4.17 |    0 |    24 |  0.00 |    0 |    24 |  0.00 |
| X1Y11             |    0 |    24 |  0.00 |    1 |    24 |  4.17 |    0 |    24 |  0.00 |    0 |    24 |  0.00 |
| X2Y11             |    0 |    24 |  0.00 |    1 |    24 |  4.17 |    0 |    24 |  0.00 |    1 |    24 |  4.17 |
| X3Y11             |    0 |    24 |  0.00 |    1 |    24 |  4.17 |    0 |    24 |  0.00 |    0 |    24 |  0.00 |
| X4Y11             |    0 |    24 |  0.00 |    1 |    24 |  4.17 |    0 |    24 |  0.00 |    0 |    24 |  0.00 |
| X5Y11             |    0 |    24 |  0.00 |    0 |    24 |  0.00 |    0 |    24 |  0.00 |    0 |    24 |  0.00 |
| X0Y12             |    0 |    24 |  0.00 |    0 |    24 |  0.00 |    0 |    24 |  0.00 |    0 |    24 |  0.00 |
| X1Y12             |    0 |    24 |  0.00 |    0 |    24 |  0.00 |    0 |    24 |  0.00 |    0 |    24 |  0.00 |
| X2Y12             |    0 |    24 |  0.00 |    1 |    24 |  4.17 |    0 |    24 |  0.00 |    0 |    24 |  0.00 |
| X3Y12             |    0 |    24 |  0.00 |    1 |    24 |  4.17 |    0 |    24 |  0.00 |    0 |    24 |  0.00 |
| X4Y12             |    0 |    24 |  0.00 |    0 |    24 |  0.00 |    0 |    24 |  0.00 |    0 |    24 |  0.00 |
| X5Y12             |    0 |    24 |  0.00 |    0 |    24 |  0.00 |    0 |    24 |  0.00 |    0 |    24 |  0.00 |
| X0Y13             |    0 |    24 |  0.00 |    0 |    24 |  0.00 |    0 |    24 |  0.00 |    0 |    24 |  0.00 |
| X1Y13             |    0 |    24 |  0.00 |    0 |    24 |  0.00 |    0 |    24 |  0.00 |    0 |    24 |  0.00 |
| X2Y13             |    0 |    24 |  0.00 |    0 |    24 |  0.00 |    0 |    24 |  0.00 |    0 |    24 |  0.00 |
| X3Y13             |    0 |    24 |  0.00 |    0 |    24 |  0.00 |    0 |    24 |  0.00 |    0 |    24 |  0.00 |
| X4Y13             |    0 |    24 |  0.00 |    0 |    24 |  0.00 |    0 |    24 |  0.00 |    0 |    24 |  0.00 |
| X5Y13             |    0 |    24 |  0.00 |    0 |    24 |  0.00 |    0 |    24 |  0.00 |    0 |    24 |  0.00 |
| X0Y14             |    0 |    24 |  0.00 |    0 |    24 |  0.00 |    0 |    24 |  0.00 |    0 |    24 |  0.00 |
| X1Y14             |    0 |    24 |  0.00 |    0 |    24 |  0.00 |    0 |    24 |  0.00 |    0 |    24 |  0.00 |
| X2Y14             |    0 |    24 |  0.00 |    0 |    24 |  0.00 |    0 |    24 |  0.00 |    0 |    24 |  0.00 |
| X3Y14             |    0 |    24 |  0.00 |    0 |    24 |  0.00 |    0 |    24 |  0.00 |    0 |    24 |  0.00 |
| X4Y14             |    0 |    24 |  0.00 |    0 |    24 |  0.00 |    0 |    24 |  0.00 |    0 |    24 |  0.00 |
| X5Y14             |    0 |    24 |  0.00 |    0 |    24 |  0.00 |    0 |    24 |  0.00 |    0 |    24 |  0.00 |
+-------------------+------+-------+-------+------+-------+-------+------+-------+-------+------+-------+-------+


8. Device Cell Placement Summary for Global Clock g0
----------------------------------------------------

+-----------+-----------------+-------------------+---------+-------------+---------------+----------+-------------+----------+----------------+----------+---------------+
| Global Id | Driver Type/Pin | Driver Region (D) | Clock   | Period (ns) | Waveform (ns) | Root (R) | Slice Loads | IO Loads | Clocking Loads | GT Loads | Net           |
+-----------+-----------------+-------------------+---------+-------------+---------------+----------+-------------+----------+----------------+----------+---------------+
| g0        | BUFGCE/O        | X2Y1              | sys_clk |      10.000 | {0.000 5.000} | X2Y6     |      134791 |        0 |              0 |        0 | clk_IBUF_BUFG |
+-----------+-----------------+-------------------+---------+-------------+---------------+----------+-------------+----------+----------------+----------+---------------+
* Slice Loads column represents load cell count of all cell types other than IO, GT and clock resources
** IO Loads column represents load cell count of IO types
*** Clocking Loads column represents load cell count that are clock resources (global clock buffer, MMCM, PLL, etc)
**** GT Loads column represents load cell count of GT types


+-----+-------+-------+----------+-------+-------+-------+-----------------------+
|     | X0    | X1    | X2       | X3    | X4    | X5    | HORIZONTAL PROG DELAY |
+-----+-------+-------+----------+-------+-------+-------+-----------------------+
| Y14 |     0 |     0 |        0 |     0 |     0 |     0 |                     - |
| Y13 |     0 |     0 |        0 |     0 |     0 |     0 |                     - |
| Y12 |     0 |     0 |        0 |     1 |     0 |     0 |                     0 |
| Y11 |     4 |    10 |       33 |    12 |    12 |     0 |                     0 |
| Y10 |    31 |    12 |       36 |    12 |    24 |    23 |                     1 |
| Y9  |   639 |  1547 |     2618 |  1702 |  6995 |  7353 |                     2 |
| Y8  |  2089 |  3002 |     3739 |  3293 |  7208 |  7535 |                     3 |
| Y7  |  2479 |  4706 |     6422 |  5740 |  5944 |  5729 |                     4 |
| Y6  |  3008 |  4628 | (R) 6322 |  5343 |  4987 |  2470 |                     4 |
| Y5  |  3222 |  3914 |     6178 |  4890 |  5863 |  4550 |                     3 |
| Y4  |    16 |    44 |       58 |    44 |    24 |    22 |                     2 |
| Y3  |     0 |     4 |       19 |     7 |    15 |     0 |                     1 |
| Y2  |     0 |     0 |       83 |     0 |     0 |     0 |                     0 |
| Y1  |     0 |     0 |    (D) 0 |     0 |     0 |     0 |                     - |
| Y0  |   130 |     0 |        0 |     0 |     0 |     0 |                     0 |
+-----+-------+-------+----------+-------+-------+-------+-----------------------+


9. Device Cell Placement Summary for Global Clock g1
----------------------------------------------------

+-----------+-----------------+-------------------+-------+-------------+---------------+----------+-------------+----------+----------------+----------+----------------------------------------------------------------------------------------+
| Global Id | Driver Type/Pin | Driver Region (D) | Clock | Period (ns) | Waveform (ns) | Root (R) | Slice Loads | IO Loads | Clocking Loads | GT Loads | Net                                                                                    |
+-----------+-----------------+-------------------+-------+-------------+---------------+----------+-------------+----------+----------------+----------+----------------------------------------------------------------------------------------+
| g1        | BUFGCE/O        | X4Y8              |       |             |               | X4Y8     |        8250 |        0 |              0 |        0 | gen_dls_pairs[0].u_dls_pair/u_primary/gen_fpu.u_fpu/u_sqrt/FSM_onehot_dls_state_reg[3] |
+-----------+-----------------+-------------------+-------+-------------+---------------+----------+-------------+----------+----------------+----------+----------------------------------------------------------------------------------------+
* Slice Loads column represents load cell count of all cell types other than IO, GT and clock resources
** IO Loads column represents load cell count of IO types
*** Clocking Loads column represents load cell count that are clock resources (global clock buffer, MMCM, PLL, etc)
**** GT Loads column represents load cell count of GT types


+-----+----+----+-----+-------+--------------+-------+-----------------------+
|     | X0 | X1 | X2  | X3    | X4           | X5    | HORIZONTAL PROG DELAY |
+-----+----+----+-----+-------+--------------+-------+-----------------------+
| Y14 |  0 |  0 |   0 |     0 |            0 |     0 |                     - |
| Y13 |  0 |  0 |   0 |     0 |            0 |     0 |                     - |
| Y12 |  0 |  0 |   0 |     0 |            0 |     0 |                     - |
| Y11 |  0 |  0 |   0 |     0 |            0 |     0 |                     - |
| Y10 |  0 |  0 |   0 |     0 |            0 |     0 |                     - |
| Y9  |  0 |  0 |   0 |     0 |            0 |     0 |                     - |
| Y8  |  0 |  0 |  13 |  1180 | (R) (D) 2223 |  1678 |                     0 |
| Y7  |  0 |  0 |  22 |  1643 |          330 |  1161 |                     0 |
| Y6  |  0 |  0 |   0 |     0 |            0 |     0 |                     - |
| Y5  |  0 |  0 |   0 |     0 |            0 |     0 |                     - |
| Y4  |  0 |  0 |   0 |     0 |            0 |     0 |                     - |
| Y3  |  0 |  0 |   0 |     0 |            0 |     0 |                     - |
| Y2  |  0 |  0 |   0 |     0 |            0 |     0 |                     - |
| Y1  |  0 |  0 |   0 |     0 |            0 |     0 |                     - |
| Y0  |  0 |  0 |   0 |     0 |            0 |     0 |                     - |
+-----+----+----+-----+-------+--------------+-------+-----------------------+


10. Device Cell Placement Summary for Global Clock g2
-----------------------------------------------------

+-----------+-----------------+-------------------+-------+-------------+---------------+----------+-------------+----------+----------------+----------+--------------------------------------------------------------------------------+
| Global Id | Driver Type/Pin | Driver Region (D) | Clock | Period (ns) | Waveform (ns) | Root (R) | Slice Loads | IO Loads | Clocking Loads | GT Loads | Net                                                                            |
+-----------+-----------------+-------------------+-------+-------------+---------------+----------+-------------+----------+----------------+----------+--------------------------------------------------------------------------------+
| g2        | BUFGCE/O        | X4Y6              |       |             |               | X4Y6     |        8393 |        0 |              0 |        0 | gen_dls_pairs[1].u_dls_pair/u_shadow/gen_fpu.u_fpu/FSM_onehot_dls_state_reg[3] |
+-----------+-----------------+-------------------+-------+-------------+---------------+----------+-------------+----------+----------------+----------+--------------------------------------------------------------------------------+
* Slice Loads column represents load cell count of all cell types other than IO, GT and clock resources
** IO Loads column represents load cell count of IO types
*** Clocking Loads column represents load cell count that are clock resources (global clock buffer, MMCM, PLL, etc)
**** GT Loads column represents load cell count of GT types


+-----+----+----+------+-------+-------------+-------+-----------------------+
|     | X0 | X1 | X2   | X3    | X4          | X5    | HORIZONTAL PROG DELAY |
+-----+----+----+------+-------+-------------+-------+-----------------------+
| Y14 |  0 |  0 |    0 |     0 |           0 |     0 |                     - |
| Y13 |  0 |  0 |    0 |     0 |           0 |     0 |                     - |
| Y12 |  0 |  0 |    0 |     0 |           0 |     0 |                     - |
| Y11 |  0 |  0 |    0 |     0 |           0 |     0 |                     - |
| Y10 |  0 |  0 |    0 |     0 |           0 |     0 |                     - |
| Y9  |  0 |  0 |    0 |     0 |           0 |     0 |                     - |
| Y8  |  0 |  0 |    0 |     0 |           0 |     0 |                     - |
| Y7  |  0 |  0 |    0 |     0 |           0 |     0 |                     - |
| Y6  |  0 |  0 |    0 |     0 | (R) (D) 219 |  1006 |                     0 |
| Y5  |  0 |  0 |  263 |  1508 |        1809 |  3588 |                     0 |
| Y4  |  0 |  0 |    0 |     0 |           0 |     0 |                     - |
| Y3  |  0 |  0 |    0 |     0 |           0 |     0 |                     - |
| Y2  |  0 |  0 |    0 |     0 |           0 |     0 |                     - |
| Y1  |  0 |  0 |    0 |     0 |           0 |     0 |                     - |
| Y0  |  0 |  0 |    0 |     0 |           0 |     0 |                     - |
+-----+----+----+------+-------+-------------+-------+-----------------------+


11. Device Cell Placement Summary for Global Clock g3
-----------------------------------------------------

+-----------+-----------------+-------------------+-------+-------------+---------------+----------+-------------+----------+----------------+----------+----------------------------------------------------------------------------------------+
| Global Id | Driver Type/Pin | Driver Region (D) | Clock | Period (ns) | Waveform (ns) | Root (R) | Slice Loads | IO Loads | Clocking Loads | GT Loads | Net                                                                                    |
+-----------+-----------------+-------------------+-------+-------------+---------------+----------+-------------+----------+----------------+----------+----------------------------------------------------------------------------------------+
| g3        | BUFGCE/O        | X2Y7              |       |             |               | X2Y7     |        8250 |        0 |              0 |        0 | gen_dls_pairs[2].u_dls_pair/u_primary/gen_fpu.u_fpu/u_sqrt/FSM_onehot_dls_state_reg[3] |
+-----------+-----------------+-------------------+-------+-------------+---------------+----------+-------------+----------+----------------+----------+----------------------------------------------------------------------------------------+
* Slice Loads column represents load cell count of all cell types other than IO, GT and clock resources
** IO Loads column represents load cell count of IO types
*** Clocking Loads column represents load cell count that are clock resources (global clock buffer, MMCM, PLL, etc)
**** GT Loads column represents load cell count of GT types


+-----+------+-------+--------------+----+----+----+-----------------------+
|     | X0   | X1    | X2           | X3 | X4 | X5 | HORIZONTAL PROG DELAY |
+-----+------+-------+--------------+----+----+----+-----------------------+
| Y14 |    0 |     0 |            0 |  0 |  0 |  0 |                     - |
| Y13 |    0 |     0 |            0 |  0 |  0 |  0 |                     - |
| Y12 |    0 |     0 |            0 |  0 |  0 |  0 |                     - |
| Y11 |    0 |     0 |            0 |  0 |  0 |  0 |                     - |
| Y10 |    0 |     0 |            0 |  0 |  0 |  0 |                     - |
| Y9  |    0 |     0 |            0 |  0 |  0 |  0 |                     - |
| Y8  |    0 |   634 |          755 |  0 |  0 |  0 |                     0 |
| Y7  |   11 |  2103 | (R) (D) 1539 |  0 |  0 |  0 |                     0 |
| Y6  |  818 |  1112 |         1149 |  0 |  0 |  0 |                     0 |
| Y5  |   65 |    53 |           11 |  0 |  0 |  0 |                     0 |
| Y4  |    0 |     0 |            0 |  0 |  0 |  0 |                     - |
| Y3  |    0 |     0 |            0 |  0 |  0 |  0 |                     - |
| Y2  |    0 |     0 |            0 |  0 |  0 |  0 |                     - |
| Y1  |    0 |     0 |            0 |  0 |  0 |  0 |                     - |
| Y0  |    0 |     0 |            0 |  0 |  0 |  0 |                     - |
+-----+------+-------+--------------+----+----+----+-----------------------+


12. Device Cell Placement Summary for Global Clock g4
-----------------------------------------------------

+-----------+-----------------+-------------------+-------+-------------+---------------+----------+-------------+----------+----------------+----------+----------------------------------------------------------------------------------------+
| Global Id | Driver Type/Pin | Driver Region (D) | Clock | Period (ns) | Waveform (ns) | Root (R) | Slice Loads | IO Loads | Clocking Loads | GT Loads | Net                                                                                    |
+-----------+-----------------+-------------------+-------+-------------+---------------+----------+-------------+----------+----------------+----------+----------------------------------------------------------------------------------------+
| g4        | BUFGCE/O        | X4Y7              |       |             |               | X4Y7     |        8389 |        0 |              0 |        0 | gen_dls_pairs[3].u_dls_pair/u_primary/gen_fpu.u_fpu/u_sqrt/FSM_onehot_dls_state_reg[3] |
+-----------+-----------------+-------------------+-------+-------------+---------------+----------+-------------+----------+----------------+----------+----------------------------------------------------------------------------------------+
* Slice Loads column represents load cell count of all cell types other than IO, GT and clock resources
** IO Loads column represents load cell count of IO types
*** Clocking Loads column represents load cell count that are clock resources (global clock buffer, MMCM, PLL, etc)
**** GT Loads column represents load cell count of GT types


+-----+----+----+-------+-------+--------------+----+-----------------------+
|     | X0 | X1 | X2    | X3    | X4           | X5 | HORIZONTAL PROG DELAY |
+-----+----+----+-------+-------+--------------+----+-----------------------+
| Y14 |  0 |  0 |     0 |     0 |            0 |  0 |                     - |
| Y13 |  0 |  0 |     0 |     0 |            0 |  0 |                     - |
| Y12 |  0 |  0 |     0 |     0 |            0 |  0 |                     - |
| Y11 |  0 |  0 |     0 |     0 |            0 |  0 |                     - |
| Y10 |  0 |  0 |     0 |     0 |            0 |  0 |                     - |
| Y9  |  0 |  0 |     0 |     0 |            0 |  0 |                     - |
| Y8  |  0 |  0 |     0 |     0 |            0 |  0 |                     - |
| Y7  |  0 |  0 |   768 |  2252 | (R) (D) 1550 |  7 |                     0 |
| Y6  |  0 |  0 |  1595 |  1787 |          430 |  0 |                     0 |
| Y5  |  0 |  0 |     0 |     0 |            0 |  0 |                     - |
| Y4  |  0 |  0 |     0 |     0 |            0 |  0 |                     - |
| Y3  |  0 |  0 |     0 |     0 |            0 |  0 |                     - |
| Y2  |  0 |  0 |     0 |     0 |            0 |  0 |                     - |
| Y1  |  0 |  0 |     0 |     0 |            0 |  0 |                     - |
| Y0  |  0 |  0 |     0 |     0 |            0 |  0 |                     - |
+-----+----+----+-------+-------+--------------+----+-----------------------+


13. Device Cell Placement Summary for Global Clock g5
-----------------------------------------------------

+-----------+-----------------+-------------------+-------+-------------+---------------+----------+-------------+----------+----------------+----------+----------------------------------+
| Global Id | Driver Type/Pin | Driver Region (D) | Clock | Period (ns) | Waveform (ns) | Root (R) | Slice Loads | IO Loads | Clocking Loads | GT Loads | Net                              |
+-----------+-----------------+-------------------+-------+-------------+---------------+----------+-------------+----------+----------------+----------+----------------------------------+
| g5        | BUFGCE/O        | X4Y7              |       |             |               | X4Y7     |        1152 |        0 |              0 |        0 | gen_systolic[0].u_systolic/a_reg |
+-----------+-----------------+-------------------+-------+-------------+---------------+----------+-------------+----------+----------------+----------+----------------------------------+
* Slice Loads column represents load cell count of all cell types other than IO, GT and clock resources
** IO Loads column represents load cell count of IO types
*** Clocking Loads column represents load cell count that are clock resources (global clock buffer, MMCM, PLL, etc)
**** GT Loads column represents load cell count of GT types


+-----+----+----+----+----+------------+------+-----------------------+
|     | X0 | X1 | X2 | X3 | X4         | X5   | HORIZONTAL PROG DELAY |
+-----+----+----+----+----+------------+------+-----------------------+
| Y14 |  0 |  0 |  0 |  0 |          0 |    0 |                     - |
| Y13 |  0 |  0 |  0 |  0 |          0 |    0 |                     - |
| Y12 |  0 |  0 |  0 |  0 |          0 |    0 |                     - |
| Y11 |  0 |  0 |  0 |  0 |          0 |    0 |                     - |
| Y10 |  0 |  0 |  0 |  0 |          0 |    0 |                     - |
| Y9  |  0 |  0 |  0 |  0 |          0 |    0 |                     - |
| Y8  |  0 |  0 |  0 |  0 |          0 |    0 |                     - |
| Y7  |  0 |  0 |  0 |  0 | (R) (D) 18 |  302 |                     0 |
| Y6  |  0 |  0 |  0 |  0 |        264 |  568 |                     0 |
| Y5  |  0 |  0 |  0 |  0 |          0 |    0 |                     - |
| Y4  |  0 |  0 |  0 |  0 |          0 |    0 |                     - |
| Y3  |  0 |  0 |  0 |  0 |          0 |    0 |                     - |
| Y2  |  0 |  0 |  0 |  0 |          0 |    0 |                     - |
| Y1  |  0 |  0 |  0 |  0 |          0 |    0 |                     - |
| Y0  |  0 |  0 |  0 |  0 |          0 |    0 |                     - |
+-----+----+----+----+----+------------+------+-----------------------+


14. Device Cell Placement Summary for Global Clock g6
-----------------------------------------------------

+-----------+-----------------+-------------------+-------+-------------+---------------+----------+-------------+----------+----------------+----------+----------------------------------+
| Global Id | Driver Type/Pin | Driver Region (D) | Clock | Period (ns) | Waveform (ns) | Root (R) | Slice Loads | IO Loads | Clocking Loads | GT Loads | Net                              |
+-----------+-----------------+-------------------+-------+-------------+---------------+----------+-------------+----------+----------------+----------+----------------------------------+
| g6        | BUFGCE/O        | X2Y5              |       |             |               | X2Y5     |        1152 |        0 |              0 |        0 | gen_systolic[1].u_systolic/a_reg |
+-----------+-----------------+-------------------+-------+-------------+---------------+----------+-------------+----------+----------------+----------+----------------------------------+
* Slice Loads column represents load cell count of all cell types other than IO, GT and clock resources
** IO Loads column represents load cell count of IO types
*** Clocking Loads column represents load cell count that are clock resources (global clock buffer, MMCM, PLL, etc)
**** GT Loads column represents load cell count of GT types


+-----+----+----+--------------+----+----+----+-----------------------+
|     | X0 | X1 | X2           | X3 | X4 | X5 | HORIZONTAL PROG DELAY |
+-----+----+----+--------------+----+----+----+-----------------------+
| Y14 |  0 |  0 |            0 |  0 |  0 |  0 |                     - |
| Y13 |  0 |  0 |            0 |  0 |  0 |  0 |                     - |
| Y12 |  0 |  0 |            0 |  0 |  0 |  0 |                     - |
| Y11 |  0 |  0 |            0 |  0 |  0 |  0 |                     - |
| Y10 |  0 |  0 |            0 |  0 |  0 |  0 |                     - |
| Y9  |  0 |  0 |            0 |  0 |  0 |  0 |                     - |
| Y8  |  0 |  0 |            0 |  0 |  0 |  0 |                     - |
| Y7  |  0 |  0 |            0 |  0 |  0 |  0 |                     - |
| Y6  |  0 |  0 |            0 |  0 |  0 |  0 |                     - |
| Y5  |  0 |  0 | (R) (D) 1152 |  0 |  0 |  0 |                     0 |
| Y4  |  0 |  0 |            0 |  0 |  0 |  0 |                     - |
| Y3  |  0 |  0 |            0 |  0 |  0 |  0 |                     - |
| Y2  |  0 |  0 |            0 |  0 |  0 |  0 |                     - |
| Y1  |  0 |  0 |            0 |  0 |  0 |  0 |                     - |
| Y0  |  0 |  0 |            0 |  0 |  0 |  0 |                     - |
+-----+----+----+--------------+----+----+----+-----------------------+


15. Device Cell Placement Summary for Global Clock g7
-----------------------------------------------------

+-----------+-----------------+-------------------+-------+-------------+---------------+----------+-------------+----------+----------------+----------+----------------------------------+
| Global Id | Driver Type/Pin | Driver Region (D) | Clock | Period (ns) | Waveform (ns) | Root (R) | Slice Loads | IO Loads | Clocking Loads | GT Loads | Net                              |
+-----------+-----------------+-------------------+-------+-------------+---------------+----------+-------------+----------+----------------+----------+----------------------------------+
| g7        | BUFGCE/O        | X2Y6              |       |             |               | X2Y6     |        1152 |        0 |              0 |        0 | gen_systolic[2].u_systolic/a_reg |
+-----------+-----------------+-------------------+-------+-------------+---------------+----------+-------------+----------+----------------+----------+----------------------------------+
* Slice Loads column represents load cell count of all cell types other than IO, GT and clock resources
** IO Loads column represents load cell count of IO types
*** Clocking Loads column represents load cell count that are clock resources (global clock buffer, MMCM, PLL, etc)
**** GT Loads column represents load cell count of GT types


+-----+------+------+-----------+----+----+----+-----------------------+
|     | X0   | X1   | X2        | X3 | X4 | X5 | HORIZONTAL PROG DELAY |
+-----+------+------+-----------+----+----+----+-----------------------+
| Y14 |    0 |    0 |         0 |  0 |  0 |  0 |                     - |
| Y13 |    0 |    0 |         0 |  0 |  0 |  0 |                     - |
| Y12 |    0 |    0 |         0 |  0 |  0 |  0 |                     - |
| Y11 |    0 |    0 |         0 |  0 |  0 |  0 |                     - |
| Y10 |    0 |    0 |         0 |  0 |  0 |  0 |                     - |
| Y9  |    0 |    0 |         0 |  0 |  0 |  0 |                     - |
| Y8  |    0 |    0 |         0 |  0 |  0 |  0 |                     - |
| Y7  |    0 |    0 |         0 |  0 |  0 |  0 |                     - |
| Y6  |   81 |    0 | (R) (D) 0 |  0 |  0 |  0 |                     0 |
| Y5  |  477 |  594 |         0 |  0 |  0 |  0 |                     0 |
| Y4  |    0 |    0 |         0 |  0 |  0 |  0 |                     - |
| Y3  |    0 |    0 |         0 |  0 |  0 |  0 |                     - |
| Y2  |    0 |    0 |         0 |  0 |  0 |  0 |                     - |
| Y1  |    0 |    0 |         0 |  0 |  0 |  0 |                     - |
| Y0  |    0 |    0 |         0 |  0 |  0 |  0 |                     - |
+-----+------+------+-----------+----+----+----+-----------------------+


16. Device Cell Placement Summary for Global Clock g8
-----------------------------------------------------

+-----------+-----------------+-------------------+-------+-------------+---------------+----------+-------------+----------+----------------+----------+----------------------------------+
| Global Id | Driver Type/Pin | Driver Region (D) | Clock | Period (ns) | Waveform (ns) | Root (R) | Slice Loads | IO Loads | Clocking Loads | GT Loads | Net                              |
+-----------+-----------------+-------------------+-------+-------------+---------------+----------+-------------+----------+----------------+----------+----------------------------------+
| g8        | BUFGCE/O        | X4Y6              |       |             |               | X4Y6     |        1152 |        0 |              0 |        0 | gen_systolic[3].u_systolic/a_reg |
+-----------+-----------------+-------------------+-------+-------------+---------------+----------+-------------+----------+----------------+----------+----------------------------------+
* Slice Loads column represents load cell count of all cell types other than IO, GT and clock resources
** IO Loads column represents load cell count of IO types
*** Clocking Loads column represents load cell count that are clock resources (global clock buffer, MMCM, PLL, etc)
**** GT Loads column represents load cell count of GT types


+-----+----+----+----+------+-------------+----+-----------------------+
|     | X0 | X1 | X2 | X3   | X4          | X5 | HORIZONTAL PROG DELAY |
+-----+----+----+----+------+-------------+----+-----------------------+
| Y14 |  0 |  0 |  0 |    0 |           0 |  0 |                     - |
| Y13 |  0 |  0 |  0 |    0 |           0 |  0 |                     - |
| Y12 |  0 |  0 |  0 |    0 |           0 |  0 |                     - |
| Y11 |  0 |  0 |  0 |    0 |           0 |  0 |                     - |
| Y10 |  0 |  0 |  0 |    0 |           0 |  0 |                     - |
| Y9  |  0 |  0 |  0 |    0 |           0 |  0 |                     - |
| Y8  |  0 |  0 |  0 |    0 |           0 |  0 |                     - |
| Y7  |  0 |  0 |  0 |    0 |           0 |  0 |                     - |
| Y6  |  0 |  0 |  0 |  309 | (R) (D) 139 |  0 |                     0 |
| Y5  |  0 |  0 |  0 |  704 |           0 |  0 |                     0 |
| Y4  |  0 |  0 |  0 |    0 |           0 |  0 |                     - |
| Y3  |  0 |  0 |  0 |    0 |           0 |  0 |                     - |
| Y2  |  0 |  0 |  0 |    0 |           0 |  0 |                     - |
| Y1  |  0 |  0 |  0 |    0 |           0 |  0 |                     - |
| Y0  |  0 |  0 |  0 |    0 |           0 |  0 |                     - |
+-----+----+----+----+------+-------------+----+-----------------------+


17. Device Cell Placement Summary for Global Clock g9
-----------------------------------------------------

+-----------+-----------------+-------------------+-------+-------------+---------------+----------+-------------+----------+----------------+----------+-----------------+
| Global Id | Driver Type/Pin | Driver Region (D) | Clock | Period (ns) | Waveform (ns) | Root (R) | Slice Loads | IO Loads | Clocking Loads | GT Loads | Net             |
+-----------+-----------------+-------------------+-------+-------------+---------------+----------+-------------+----------+----------------+----------+-----------------+
| g9        | BUFGCE/O        | X4Y5              |       |             |               | X4Y5     |       31620 |        0 |              0 |        0 | rst_n_IBUF_BUFG |
+-----------+-----------------+-------------------+-------+-------------+---------------+----------+-------------+----------+----------------+----------+-----------------+
* Slice Loads column represents load cell count of all cell types other than IO, GT and clock resources
** IO Loads column represents load cell count of IO types
*** Clocking Loads column represents load cell count that are clock resources (global clock buffer, MMCM, PLL, etc)
**** GT Loads column represents load cell count of GT types


+-----+-------+-------+-------+-------+--------------+-------+-----------------------+
|     | X0    | X1    | X2    | X3    | X4           | X5    | HORIZONTAL PROG DELAY |
+-----+-------+-------+-------+-------+--------------+-------+-----------------------+
| Y14 |     0 |     0 |     0 |     0 |            0 |     0 |                     - |
| Y13 |     0 |     0 |     0 |     0 |            0 |     0 |                     - |
| Y12 |     0 |     0 |     0 |     0 |            0 |     0 |                     - |
| Y11 |     0 |     0 |     0 |     0 |            0 |     0 |                     - |
| Y10 |     0 |     0 |     0 |     0 |            0 |     0 |                     - |
| Y9  |     6 |    28 |   197 |   280 |            0 |     0 |                     0 |
| Y8  |   188 |   119 |   363 |   129 |         1077 |    40 |                     0 |
| Y7  |   175 |   696 |   739 |   206 |         2149 |  1670 |                     0 |
| Y6  |   607 |  2439 |   909 |  2463 |         3367 |  1228 |                     0 |
| Y5  |  1722 |  2382 |  2733 |  2083 | (R) (D) 3326 |     0 |                     0 |
| Y4  |     0 |    32 |    22 |    32 |            0 |     0 |                     0 |
| Y3  |     0 |     0 |     0 |     0 |            0 |     0 |                     - |
| Y2  |     0 |     0 |    83 |     0 |            0 |     0 |                     0 |
| Y1  |     0 |     0 |     0 |     0 |            0 |     0 |                     - |
| Y0  |   130 |     0 |     0 |     0 |            0 |     0 |                     0 |
+-----+-------+-------+-------+-------+--------------+-------+-----------------------+


18. Device Cell Placement Summary for Global Clock g10
------------------------------------------------------

+-----------+-----------------+-------------------+-------+-------------+---------------+----------+-------------+----------+----------------+----------+--------------------------+
| Global Id | Driver Type/Pin | Driver Region (D) | Clock | Period (ns) | Waveform (ns) | Root (R) | Slice Loads | IO Loads | Clocking Loads | GT Loads | Net                      |
+-----------+-----------------+-------------------+-------+-------------+---------------+----------+-------------+----------+----------------+----------+--------------------------+
| g10       | BUFGCE/O        | X2Y7              |       |             |               | X2Y7     |        1625 |        0 |              0 |        0 | u_l2_cache/arb_priority0 |
+-----------+-----------------+-------------------+-------+-------------+---------------+----------+-------------+----------+----------------+----------+--------------------------+
* Slice Loads column represents load cell count of all cell types other than IO, GT and clock resources
** IO Loads column represents load cell count of IO types
*** Clocking Loads column represents load cell count that are clock resources (global clock buffer, MMCM, PLL, etc)
**** GT Loads column represents load cell count of GT types


+-----+----+-----+-------------+------+------+----+-----------------------+
|     | X0 | X1  | X2          | X3   | X4   | X5 | HORIZONTAL PROG DELAY |
+-----+----+-----+-------------+------+------+----+-----------------------+
| Y14 |  0 |   0 |           0 |    0 |    0 |  0 |                     - |
| Y13 |  0 |   0 |           0 |    0 |    0 |  0 |                     - |
| Y12 |  0 |   0 |           0 |    0 |    0 |  0 |                     - |
| Y11 |  0 |   0 |           0 |    0 |    0 |  0 |                     - |
| Y10 |  0 |   0 |           0 |    0 |    0 |  0 |                     - |
| Y9  |  0 |   3 |         133 |    0 |    0 |  0 |                     0 |
| Y8  |  0 |  61 |         304 |   95 |   50 |  0 |                     0 |
| Y7  |  0 |  25 | (R) (D) 162 |  124 |   30 |  4 |                     0 |
| Y6  |  0 |   9 |         132 |   28 |  154 |  2 |                     0 |
| Y5  |  0 |   0 |         308 |    1 |    0 |  0 |                     0 |
| Y4  |  0 |   0 |           0 |    0 |    0 |  0 |                     - |
| Y3  |  0 |   0 |           0 |    0 |    0 |  0 |                     - |
| Y2  |  0 |   0 |           0 |    0 |    0 |  0 |                     - |
| Y1  |  0 |   0 |           0 |    0 |    0 |  0 |                     - |
| Y0  |  0 |   0 |           0 |    0 |    0 |  0 |                     - |
+-----+----+-----+-------------+------+------+----+-----------------------+


19. Clock Region Cell Placement per Global Clock: Region X0Y0
-------------------------------------------------------------

+-----------+-------+-----------------+------------+-------------+-----------------+-----+-------------+------+------+-----+----+------+-----+---------+-----------------+
| Global Id | Track | Driver Type/Pin | Constraint | Clock Loads | Non-Clock Loads | FF  | Memory LUTs | RAMB | URAM | DSP | GT | MMCM | PLL | Hard IP | Net             |
+-----------+-------+-----------------+------------+-------------+-----------------+-----+-------------+------+------+-----+----+------+-----+---------+-----------------+
| g0        | 2     | BUFGCE/O        | None       |         130 |               0 | 130 |           0 |    0 |    0 |   0 |  0 |    0 |   0 |       0 | clk_IBUF_BUFG   |
| g9        | 8     | BUFGCE/O        | None       |           0 |             130 | 130 |           0 |    0 |    0 |   0 |  0 |    0 |   0 |       0 | rst_n_IBUF_BUFG |
+-----------+-------+-----------------+------------+-------------+-----------------+-----+-------------+------+------+-----+----+------+-----+---------+-----------------+
* Clock Loads column represents cell count of net connects that connect to a clock pin. Internal cell leaf pins are not considered
** Non-Clock Loads column represents cell count of non-clock pin loads
*** Columns FF, LUTRAM, RAMB through 'Hard IP' represents load cell counts


20. Clock Region Cell Placement per Global Clock: Region X1Y0
-------------------------------------------------------------

+-----------+-------+-----------------+------------+-------------+-----------------+----+-------------+------+------+-----+----+------+-----+---------+-----------------+
| Global Id | Track | Driver Type/Pin | Constraint | Clock Loads | Non-Clock Loads | FF | Memory LUTs | RAMB | URAM | DSP | GT | MMCM | PLL | Hard IP | Net             |
+-----------+-------+-----------------+------------+-------------+-----------------+----+-------------+------+------+-----+----+------+-----+---------+-----------------+
| g0+       | 2     | BUFGCE/O        | None       |           0 |               0 |  0 |           0 |    0 |    0 |   0 |  0 |    0 |   0 |       0 | clk_IBUF_BUFG   |
| g9+       | 8     | BUFGCE/O        | None       |           0 |               0 |  0 |           0 |    0 |    0 |   0 |  0 |    0 |   0 |       0 | rst_n_IBUF_BUFG |
+-----------+-------+-----------------+------------+-------------+-----------------+----+-------------+------+------+-----+----+------+-----+---------+-----------------+
* Clock Loads column represents cell count of net connects that connect to a clock pin. Internal cell leaf pins are not considered
** Non-Clock Loads column represents cell count of non-clock pin loads
*** Columns FF, LUTRAM, RAMB through 'Hard IP' represents load cell counts
**** In Global Id column, sympbol '+' indicates that global clock was used only to route through the clock region.


21. Clock Region Cell Placement per Global Clock: Region X2Y0
-------------------------------------------------------------

+-----------+-------+-----------------+------------+-------------+-----------------+----+-------------+------+------+-----+----+------+-----+---------+-----------------+
| Global Id | Track | Driver Type/Pin | Constraint | Clock Loads | Non-Clock Loads | FF | Memory LUTs | RAMB | URAM | DSP | GT | MMCM | PLL | Hard IP | Net             |
+-----------+-------+-----------------+------------+-------------+-----------------+----+-------------+------+------+-----+----+------+-----+---------+-----------------+
| g0+       | 2     | BUFGCE/O        | None       |           0 |               0 |  0 |           0 |    0 |    0 |   0 |  0 |    0 |   0 |       0 | clk_IBUF_BUFG   |
| g9+       | 8     | BUFGCE/O        | None       |           0 |               0 |  0 |           0 |    0 |    0 |   0 |  0 |    0 |   0 |       0 | rst_n_IBUF_BUFG |
+-----------+-------+-----------------+------------+-------------+-----------------+----+-------------+------+------+-----+----+------+-----+---------+-----------------+
* Clock Loads column represents cell count of net connects that connect to a clock pin. Internal cell leaf pins are not considered
** Non-Clock Loads column represents cell count of non-clock pin loads
*** Columns FF, LUTRAM, RAMB through 'Hard IP' represents load cell counts
**** In Global Id column, sympbol '+' indicates that global clock was used only to route through the clock region.


22. Clock Region Cell Placement per Global Clock: Region X3Y0
-------------------------------------------------------------

+-----------+-------+-----------------+------------+-------------+-----------------+----+-------------+------+------+-----+----+------+-----+---------+-----------------+
| Global Id | Track | Driver Type/Pin | Constraint | Clock Loads | Non-Clock Loads | FF | Memory LUTs | RAMB | URAM | DSP | GT | MMCM | PLL | Hard IP | Net             |
+-----------+-------+-----------------+------------+-------------+-----------------+----+-------------+------+------+-----+----+------+-----+---------+-----------------+
| g9+       | 8     | BUFGCE/O        | None       |           0 |               0 |  0 |           0 |    0 |    0 |   0 |  0 |    0 |   0 |       0 | rst_n_IBUF_BUFG |
+-----------+-------+-----------------+------------+-------------+-----------------+----+-------------+------+------+-----+----+------+-----+---------+-----------------+
* Clock Loads column represents cell count of net connects that connect to a clock pin. Internal cell leaf pins are not considered
** Non-Clock Loads column represents cell count of non-clock pin loads
*** Columns FF, LUTRAM, RAMB through 'Hard IP' represents load cell counts
**** In Global Id column, sympbol '+' indicates that global clock was used only to route through the clock region.


23. Clock Region Cell Placement per Global Clock: Region X4Y0
-------------------------------------------------------------

+-----------+-------+-----------------+------------+-------------+-----------------+----+-------------+------+------+-----+----+------+-----+---------+-----------------+
| Global Id | Track | Driver Type/Pin | Constraint | Clock Loads | Non-Clock Loads | FF | Memory LUTs | RAMB | URAM | DSP | GT | MMCM | PLL | Hard IP | Net             |
+-----------+-------+-----------------+------------+-------------+-----------------+----+-------------+------+------+-----+----+------+-----+---------+-----------------+
| g9+       | 8     | BUFGCE/O        | None       |           0 |               0 |  0 |           0 |    0 |    0 |   0 |  0 |    0 |   0 |       0 | rst_n_IBUF_BUFG |
+-----------+-------+-----------------+------------+-------------+-----------------+----+-------------+------+------+-----+----+------+-----+---------+-----------------+
* Clock Loads column represents cell count of net connects that connect to a clock pin. Internal cell leaf pins are not considered
** Non-Clock Loads column represents cell count of non-clock pin loads
*** Columns FF, LUTRAM, RAMB through 'Hard IP' represents load cell counts
**** In Global Id column, sympbol '+' indicates that global clock was used only to route through the clock region.


24. Clock Region Cell Placement per Global Clock: Region X2Y2
-------------------------------------------------------------

+-----------+-------+-----------------+------------+-------------+-----------------+----+-------------+------+------+-----+----+------+-----+---------+-----------------+
| Global Id | Track | Driver Type/Pin | Constraint | Clock Loads | Non-Clock Loads | FF | Memory LUTs | RAMB | URAM | DSP | GT | MMCM | PLL | Hard IP | Net             |
+-----------+-------+-----------------+------------+-------------+-----------------+----+-------------+------+------+-----+----+------+-----+---------+-----------------+
| g0        | 2     | BUFGCE/O        | None       |          83 |               0 | 83 |           0 |    0 |    0 |   0 |  0 |    0 |   0 |       0 | clk_IBUF_BUFG   |
| g9        | 8     | BUFGCE/O        | None       |           0 |              83 | 83 |           0 |    0 |    0 |   0 |  0 |    0 |   0 |       0 | rst_n_IBUF_BUFG |
+-----------+-------+-----------------+------------+-------------+-----------------+----+-------------+------+------+-----+----+------+-----+---------+-----------------+
* Clock Loads column represents cell count of net connects that connect to a clock pin. Internal cell leaf pins are not considered
** Non-Clock Loads column represents cell count of non-clock pin loads
*** Columns FF, LUTRAM, RAMB through 'Hard IP' represents load cell counts


25. Clock Region Cell Placement per Global Clock: Region X3Y2
-------------------------------------------------------------

+-----------+-------+-----------------+------------+-------------+-----------------+----+-------------+------+------+-----+----+------+-----+---------+-----------------+
| Global Id | Track | Driver Type/Pin | Constraint | Clock Loads | Non-Clock Loads | FF | Memory LUTs | RAMB | URAM | DSP | GT | MMCM | PLL | Hard IP | Net             |
+-----------+-------+-----------------+------------+-------------+-----------------+----+-------------+------+------+-----+----+------+-----+---------+-----------------+
| g9+       | 8     | BUFGCE/O        | None       |           0 |               0 |  0 |           0 |    0 |    0 |   0 |  0 |    0 |   0 |       0 | rst_n_IBUF_BUFG |
+-----------+-------+-----------------+------------+-------------+-----------------+----+-------------+------+------+-----+----+------+-----+---------+-----------------+
* Clock Loads column represents cell count of net connects that connect to a clock pin. Internal cell leaf pins are not considered
** Non-Clock Loads column represents cell count of non-clock pin loads
*** Columns FF, LUTRAM, RAMB through 'Hard IP' represents load cell counts
**** In Global Id column, sympbol '+' indicates that global clock was used only to route through the clock region.


26. Clock Region Cell Placement per Global Clock: Region X4Y2
-------------------------------------------------------------

+-----------+-------+-----------------+------------+-------------+-----------------+----+-------------+------+------+-----+----+------+-----+---------+-----------------+
| Global Id | Track | Driver Type/Pin | Constraint | Clock Loads | Non-Clock Loads | FF | Memory LUTs | RAMB | URAM | DSP | GT | MMCM | PLL | Hard IP | Net             |
+-----------+-------+-----------------+------------+-------------+-----------------+----+-------------+------+------+-----+----+------+-----+---------+-----------------+
| g9+       | 8     | BUFGCE/O        | None       |           0 |               0 |  0 |           0 |    0 |    0 |   0 |  0 |    0 |   0 |       0 | rst_n_IBUF_BUFG |
+-----------+-------+-----------------+------------+-------------+-----------------+----+-------------+------+------+-----+----+------+-----+---------+-----------------+
* Clock Loads column represents cell count of net connects that connect to a clock pin. Internal cell leaf pins are not considered
** Non-Clock Loads column represents cell count of non-clock pin loads
*** Columns FF, LUTRAM, RAMB through 'Hard IP' represents load cell counts
**** In Global Id column, sympbol '+' indicates that global clock was used only to route through the clock region.


27. Clock Region Cell Placement per Global Clock: Region X1Y3
-------------------------------------------------------------

+-----------+-------+-----------------+------------+-------------+-----------------+----+-------------+------+------+-----+----+------+-----+---------+---------------+
| Global Id | Track | Driver Type/Pin | Constraint | Clock Loads | Non-Clock Loads | FF | Memory LUTs | RAMB | URAM | DSP | GT | MMCM | PLL | Hard IP | Net           |
+-----------+-------+-----------------+------------+-------------+-----------------+----+-------------+------+------+-----+----+------+-----+---------+---------------+
| g0        | 2     | BUFGCE/O        | None       |           4 |               0 |  0 |           0 |    4 |    0 |   0 |  0 |    0 |   0 |       0 | clk_IBUF_BUFG |
+-----------+-------+-----------------+------------+-------------+-----------------+----+-------------+------+------+-----+----+------+-----+---------+---------------+
* Clock Loads column represents cell count of net connects that connect to a clock pin. Internal cell leaf pins are not considered
** Non-Clock Loads column represents cell count of non-clock pin loads
*** Columns FF, LUTRAM, RAMB through 'Hard IP' represents load cell counts


28. Clock Region Cell Placement per Global Clock: Region X2Y3
-------------------------------------------------------------

+-----------+-------+-----------------+------------+-------------+-----------------+----+-------------+------+------+-----+----+------+-----+---------+---------------+
| Global Id | Track | Driver Type/Pin | Constraint | Clock Loads | Non-Clock Loads | FF | Memory LUTs | RAMB | URAM | DSP | GT | MMCM | PLL | Hard IP | Net           |
+-----------+-------+-----------------+------------+-------------+-----------------+----+-------------+------+------+-----+----+------+-----+---------+---------------+
| g0        | 2     | BUFGCE/O        | None       |          19 |               0 |  0 |           0 |   19 |    0 |   0 |  0 |    0 |   0 |       0 | clk_IBUF_BUFG |
+-----------+-------+-----------------+------------+-------------+-----------------+----+-------------+------+------+-----+----+------+-----+---------+---------------+
* Clock Loads column represents cell count of net connects that connect to a clock pin. Internal cell leaf pins are not considered
** Non-Clock Loads column represents cell count of non-clock pin loads
*** Columns FF, LUTRAM, RAMB through 'Hard IP' represents load cell counts


29. Clock Region Cell Placement per Global Clock: Region X3Y3
-------------------------------------------------------------

+-----------+-------+-----------------+------------+-------------+-----------------+----+-------------+------+------+-----+----+------+-----+---------+---------------+
| Global Id | Track | Driver Type/Pin | Constraint | Clock Loads | Non-Clock Loads | FF | Memory LUTs | RAMB | URAM | DSP | GT | MMCM | PLL | Hard IP | Net           |
+-----------+-------+-----------------+------------+-------------+-----------------+----+-------------+------+------+-----+----+------+-----+---------+---------------+
| g0        | 2     | BUFGCE/O        | None       |           7 |               0 |  0 |           0 |    7 |    0 |   0 |  0 |    0 |   0 |       0 | clk_IBUF_BUFG |
+-----------+-------+-----------------+------------+-------------+-----------------+----+-------------+------+------+-----+----+------+-----+---------+---------------+
* Clock Loads column represents cell count of net connects that connect to a clock pin. Internal cell leaf pins are not considered
** Non-Clock Loads column represents cell count of non-clock pin loads
*** Columns FF, LUTRAM, RAMB through 'Hard IP' represents load cell counts


30. Clock Region Cell Placement per Global Clock: Region X4Y3
-------------------------------------------------------------

+-----------+-------+-----------------+------------+-------------+-----------------+----+-------------+------+------+-----+----+------+-----+---------+-----------------+
| Global Id | Track | Driver Type/Pin | Constraint | Clock Loads | Non-Clock Loads | FF | Memory LUTs | RAMB | URAM | DSP | GT | MMCM | PLL | Hard IP | Net             |
+-----------+-------+-----------------+------------+-------------+-----------------+----+-------------+------+------+-----+----+------+-----+---------+-----------------+
| g0        | 2     | BUFGCE/O        | None       |          15 |               0 |  0 |           0 |   15 |    0 |   0 |  0 |    0 |   0 |       0 | clk_IBUF_BUFG   |
| g9+       | 8     | BUFGCE/O        | None       |           0 |               0 |  0 |           0 |    0 |    0 |   0 |  0 |    0 |   0 |       0 | rst_n_IBUF_BUFG |
+-----------+-------+-----------------+------------+-------------+-----------------+----+-------------+------+------+-----+----+------+-----+---------+-----------------+
* Clock Loads column represents cell count of net connects that connect to a clock pin. Internal cell leaf pins are not considered
** Non-Clock Loads column represents cell count of non-clock pin loads
*** Columns FF, LUTRAM, RAMB through 'Hard IP' represents load cell counts
**** In Global Id column, sympbol '+' indicates that global clock was used only to route through the clock region.


31. Clock Region Cell Placement per Global Clock: Region X0Y4
-------------------------------------------------------------

+-----------+-------+-----------------+------------+-------------+-----------------+----+-------------+------+------+-----+----+------+-----+---------+---------------+
| Global Id | Track | Driver Type/Pin | Constraint | Clock Loads | Non-Clock Loads | FF | Memory LUTs | RAMB | URAM | DSP | GT | MMCM | PLL | Hard IP | Net           |
+-----------+-------+-----------------+------------+-------------+-----------------+----+-------------+------+------+-----+----+------+-----+---------+---------------+
| g0        | 2     | BUFGCE/O        | None       |          16 |               0 |  0 |           0 |   16 |    0 |   0 |  0 |    0 |   0 |       0 | clk_IBUF_BUFG |
+-----------+-------+-----------------+------------+-------------+-----------------+----+-------------+------+------+-----+----+------+-----+---------+---------------+
* Clock Loads column represents cell count of net connects that connect to a clock pin. Internal cell leaf pins are not considered
** Non-Clock Loads column represents cell count of non-clock pin loads
*** Columns FF, LUTRAM, RAMB through 'Hard IP' represents load cell counts


32. Clock Region Cell Placement per Global Clock: Region X1Y4
-------------------------------------------------------------

+-----------+-------+-----------------+------------+-------------+-----------------+----+-------------+------+------+-----+----+------+-----+---------+-----------------+
| Global Id | Track | Driver Type/Pin | Constraint | Clock Loads | Non-Clock Loads | FF | Memory LUTs | RAMB | URAM | DSP | GT | MMCM | PLL | Hard IP | Net             |
+-----------+-------+-----------------+------------+-------------+-----------------+----+-------------+------+------+-----+----+------+-----+---------+-----------------+
| g0        | 2     | BUFGCE/O        | None       |          44 |               0 | 32 |           0 |   12 |    0 |   0 |  0 |    0 |   0 |       0 | clk_IBUF_BUFG   |
| g9        | 8     | BUFGCE/O        | None       |           0 |              32 | 32 |           0 |    0 |    0 |   0 |  0 |    0 |   0 |       0 | rst_n_IBUF_BUFG |
+-----------+-------+-----------------+------------+-------------+-----------------+----+-------------+------+------+-----+----+------+-----+---------+-----------------+
* Clock Loads column represents cell count of net connects that connect to a clock pin. Internal cell leaf pins are not considered
** Non-Clock Loads column represents cell count of non-clock pin loads
*** Columns FF, LUTRAM, RAMB through 'Hard IP' represents load cell counts


33. Clock Region Cell Placement per Global Clock: Region X2Y4
-------------------------------------------------------------

+-----------+-------+-----------------+------------+-------------+-----------------+----+-------------+------+------+-----+----+------+-----+---------+-----------------+
| Global Id | Track | Driver Type/Pin | Constraint | Clock Loads | Non-Clock Loads | FF | Memory LUTs | RAMB | URAM | DSP | GT | MMCM | PLL | Hard IP | Net             |
+-----------+-------+-----------------+------------+-------------+-----------------+----+-------------+------+------+-----+----+------+-----+---------+-----------------+
| g0        | 2     | BUFGCE/O        | None       |          58 |               0 | 22 |           0 |   36 |    0 |   0 |  0 |    0 |   0 |       0 | clk_IBUF_BUFG   |
| g9        | 8     | BUFGCE/O        | None       |           0 |              22 | 22 |           0 |    0 |    0 |   0 |  0 |    0 |   0 |       0 | rst_n_IBUF_BUFG |
+-----------+-------+-----------------+------------+-------------+-----------------+----+-------------+------+------+-----+----+------+-----+---------+-----------------+
* Clock Loads column represents cell count of net connects that connect to a clock pin. Internal cell leaf pins are not considered
** Non-Clock Loads column represents cell count of non-clock pin loads
*** Columns FF, LUTRAM, RAMB through 'Hard IP' represents load cell counts


34. Clock Region Cell Placement per Global Clock: Region X3Y4
-------------------------------------------------------------

+-----------+-------+-----------------+------------+-------------+-----------------+----+-------------+------+------+-----+----+------+-----+---------+-----------------+
| Global Id | Track | Driver Type/Pin | Constraint | Clock Loads | Non-Clock Loads | FF | Memory LUTs | RAMB | URAM | DSP | GT | MMCM | PLL | Hard IP | Net             |
+-----------+-------+-----------------+------------+-------------+-----------------+----+-------------+------+------+-----+----+------+-----+---------+-----------------+
| g0        | 2     | BUFGCE/O        | None       |          44 |               0 | 32 |           0 |   12 |    0 |   0 |  0 |    0 |   0 |       0 | clk_IBUF_BUFG   |
| g9        | 8     | BUFGCE/O        | None       |           0 |              32 | 32 |           0 |    0 |    0 |   0 |  0 |    0 |   0 |       0 | rst_n_IBUF_BUFG |
+-----------+-------+-----------------+------------+-------------+-----------------+----+-------------+------+------+-----+----+------+-----+---------+-----------------+
* Clock Loads column represents cell count of net connects that connect to a clock pin. Internal cell leaf pins are not considered
** Non-Clock Loads column represents cell count of non-clock pin loads
*** Columns FF, LUTRAM, RAMB through 'Hard IP' represents load cell counts


35. Clock Region Cell Placement per Global Clock: Region X4Y4
-------------------------------------------------------------

+-----------+-------+-----------------+------------+-------------+-----------------+----+-------------+------+------+-----+----+------+-----+---------+-----------------+
| Global Id | Track | Driver Type/Pin | Constraint | Clock Loads | Non-Clock Loads | FF | Memory LUTs | RAMB | URAM | DSP | GT | MMCM | PLL | Hard IP | Net             |
+-----------+-------+-----------------+------------+-------------+-----------------+----+-------------+------+------+-----+----+------+-----+---------+-----------------+
| g0        | 2     | BUFGCE/O        | None       |          24 |               0 |  0 |           0 |   24 |    0 |   0 |  0 |    0 |   0 |       0 | clk_IBUF_BUFG   |
| g9+       | 8     | BUFGCE/O        | None       |           0 |               0 |  0 |           0 |    0 |    0 |   0 |  0 |    0 |   0 |       0 | rst_n_IBUF_BUFG |
+-----------+-------+-----------------+------------+-------------+-----------------+----+-------------+------+------+-----+----+------+-----+---------+-----------------+
* Clock Loads column represents cell count of net connects that connect to a clock pin. Internal cell leaf pins are not considered
** Non-Clock Loads column represents cell count of non-clock pin loads
*** Columns FF, LUTRAM, RAMB through 'Hard IP' represents load cell counts
**** In Global Id column, sympbol '+' indicates that global clock was used only to route through the clock region.


36. Clock Region Cell Placement per Global Clock: Region X5Y4
-------------------------------------------------------------

+-----------+-------+-----------------+------------+-------------+-----------------+----+-------------+------+------+-----+----+------+-----+---------+---------------+
| Global Id | Track | Driver Type/Pin | Constraint | Clock Loads | Non-Clock Loads | FF | Memory LUTs | RAMB | URAM | DSP | GT | MMCM | PLL | Hard IP | Net           |
+-----------+-------+-----------------+------------+-------------+-----------------+----+-------------+------+------+-----+----+------+-----+---------+---------------+
| g0        | 2     | BUFGCE/O        | None       |          22 |               0 |  0 |           0 |   22 |    0 |   0 |  0 |    0 |   0 |       0 | clk_IBUF_BUFG |
+-----------+-------+-----------------+------------+-------------+-----------------+----+-------------+------+------+-----+----+------+-----+---------+---------------+
* Clock Loads column represents cell count of net connects that connect to a clock pin. Internal cell leaf pins are not considered
** Non-Clock Loads column represents cell count of non-clock pin loads
*** Columns FF, LUTRAM, RAMB through 'Hard IP' represents load cell counts


37. Clock Region Cell Placement per Global Clock: Region X0Y5
-------------------------------------------------------------

+-----------+-------+-----------------+------------+-------------+-----------------+------+-------------+------+------+-----+----+------+-----+---------+----------------------------------------------------------------------------------------+
| Global Id | Track | Driver Type/Pin | Constraint | Clock Loads | Non-Clock Loads | FF   | Memory LUTs | RAMB | URAM | DSP | GT | MMCM | PLL | Hard IP | Net                                                                                    |
+-----------+-------+-----------------+------------+-------------+-----------------+------+-------------+------+------+-----+----+------+-----+---------+----------------------------------------------------------------------------------------+
| g0        | 2     | BUFGCE/O        | None       |        3222 |               0 | 3186 |           0 |   36 |    0 |   0 |  0 |    0 |   0 |       0 | clk_IBUF_BUFG                                                                          |
| g3        | 0     | BUFGCE/O        | None       |           0 |              65 |   65 |           0 |    0 |    0 |   0 |  0 |    0 |   0 |       0 | gen_dls_pairs[2].u_dls_pair/u_primary/gen_fpu.u_fpu/u_sqrt/FSM_onehot_dls_state_reg[3] |
| g7        | 3     | BUFGCE/O        | None       |           0 |             477 |  477 |           0 |    0 |    0 |   0 |  0 |    0 |   0 |       0 | gen_systolic[2].u_systolic/a_reg                                                       |
| g9        | 8     | BUFGCE/O        | None       |           0 |            1722 | 1717 |           0 |    0 |    0 |   0 |  0 |    0 |   0 |       0 | rst_n_IBUF_BUFG                                                                        |
+-----------+-------+-----------------+------------+-------------+-----------------+------+-------------+------+------+-----+----+------+-----+---------+----------------------------------------------------------------------------------------+
* Clock Loads column represents cell count of net connects that connect to a clock pin. Internal cell leaf pins are not considered
** Non-Clock Loads column represents cell count of non-clock pin loads
*** Columns FF, LUTRAM, RAMB through 'Hard IP' represents load cell counts


38. Clock Region Cell Placement per Global Clock: Region X1Y5
-------------------------------------------------------------

+-----------+-------+-----------------+------------+-------------+-----------------+------+-------------+------+------+-----+----+------+-----+---------+----------------------------------------------------------------------------------------+
| Global Id | Track | Driver Type/Pin | Constraint | Clock Loads | Non-Clock Loads | FF   | Memory LUTs | RAMB | URAM | DSP | GT | MMCM | PLL | Hard IP | Net                                                                                    |
+-----------+-------+-----------------+------------+-------------+-----------------+------+-------------+------+------+-----+----+------+-----+---------+----------------------------------------------------------------------------------------+
| g0        | 2     | BUFGCE/O        | None       |        3914 |               0 | 3902 |           0 |   12 |    0 |   0 |  0 |    0 |   0 |       0 | clk_IBUF_BUFG                                                                          |
| g3        | 0     | BUFGCE/O        | None       |           0 |              53 |   53 |           0 |    0 |    0 |   0 |  0 |    0 |   0 |       0 | gen_dls_pairs[2].u_dls_pair/u_primary/gen_fpu.u_fpu/u_sqrt/FSM_onehot_dls_state_reg[3] |
| g7        | 3     | BUFGCE/O        | None       |           0 |             594 |  594 |           0 |    0 |    0 |   0 |  0 |    0 |   0 |       0 | gen_systolic[2].u_systolic/a_reg                                                       |
| g9        | 8     | BUFGCE/O        | None       |           0 |            2382 | 2376 |           0 |    0 |    0 |   0 |  0 |    0 |   0 |       0 | rst_n_IBUF_BUFG                                                                        |
+-----------+-------+-----------------+------------+-------------+-----------------+------+-------------+------+------+-----+----+------+-----+---------+----------------------------------------------------------------------------------------+
* Clock Loads column represents cell count of net connects that connect to a clock pin. Internal cell leaf pins are not considered
** Non-Clock Loads column represents cell count of non-clock pin loads
*** Columns FF, LUTRAM, RAMB through 'Hard IP' represents load cell counts


39. Clock Region Cell Placement per Global Clock: Region X2Y5
-------------------------------------------------------------

+-----------+-------+-----------------+------------+-------------+-----------------+------+-------------+------+------+-----+----+------+-----+---------+----------------------------------------------------------------------------------------+
| Global Id | Track | Driver Type/Pin | Constraint | Clock Loads | Non-Clock Loads | FF   | Memory LUTs | RAMB | URAM | DSP | GT | MMCM | PLL | Hard IP | Net                                                                                    |
+-----------+-------+-----------------+------------+-------------+-----------------+------+-------------+------+------+-----+----+------+-----+---------+----------------------------------------------------------------------------------------+
| g0        | 2     | BUFGCE/O        | None       |        6178 |               0 | 6138 |           0 |   40 |    0 |   0 |  0 |    0 |   0 |       0 | clk_IBUF_BUFG                                                                          |
| g2        | 14    | BUFGCE/O        | None       |           0 |             263 |  263 |           0 |    0 |    0 |   0 |  0 |    0 |   0 |       0 | gen_dls_pairs[1].u_dls_pair/u_shadow/gen_fpu.u_fpu/FSM_onehot_dls_state_reg[3]         |
| g3        | 0     | BUFGCE/O        | None       |           0 |              11 |   11 |           0 |    0 |    0 |   0 |  0 |    0 |   0 |       0 | gen_dls_pairs[2].u_dls_pair/u_primary/gen_fpu.u_fpu/u_sqrt/FSM_onehot_dls_state_reg[3] |
| g6        | 20    | BUFGCE/O        | None       |           0 |            1152 | 1152 |           0 |    0 |    0 |   0 |  0 |    0 |   0 |       0 | gen_systolic[1].u_systolic/a_reg                                                       |
| g7+       | 3     | BUFGCE/O        | None       |           0 |               0 |    0 |           0 |    0 |    0 |   0 |  0 |    0 |   0 |       0 | gen_systolic[2].u_systolic/a_reg                                                       |
| g9        | 8     | BUFGCE/O        | None       |           0 |            2733 | 2682 |           0 |    0 |    0 |   0 |  0 |    0 |   0 |       0 | rst_n_IBUF_BUFG                                                                        |
| g10       | 1     | BUFGCE/O        | PBlock     |           0 |             308 |  308 |           0 |    0 |    0 |   0 |  0 |    0 |   0 |       0 | u_l2_cache/arb_priority0                                                               |
+-----------+-------+-----------------+------------+-------------+-----------------+------+-------------+------+------+-----+----+------+-----+---------+----------------------------------------------------------------------------------------+
* Clock Loads column represents cell count of net connects that connect to a clock pin. Internal cell leaf pins are not considered
** Non-Clock Loads column represents cell count of non-clock pin loads
*** Columns FF, LUTRAM, RAMB through 'Hard IP' represents load cell counts
**** In Global Id column, sympbol '+' indicates that global clock was used only to route through the clock region.


40. Clock Region Cell Placement per Global Clock: Region X3Y5
-------------------------------------------------------------

+-----------+-------+-----------------+------------+-------------+-----------------+------+-------------+------+------+-----+----+------+-----+---------+--------------------------------------------------------------------------------+
| Global Id | Track | Driver Type/Pin | Constraint | Clock Loads | Non-Clock Loads | FF   | Memory LUTs | RAMB | URAM | DSP | GT | MMCM | PLL | Hard IP | Net                                                                            |
+-----------+-------+-----------------+------------+-------------+-----------------+------+-------------+------+------+-----+----+------+-----+---------+--------------------------------------------------------------------------------+
| g0        | 2     | BUFGCE/O        | None       |        4890 |               0 | 4876 |           0 |   14 |    0 |   0 |  0 |    0 |   0 |       0 | clk_IBUF_BUFG                                                                  |
| g2        | 14    | BUFGCE/O        | None       |           0 |            1508 | 1508 |           0 |    0 |    0 |   0 |  0 |    0 |   0 |       0 | gen_dls_pairs[1].u_dls_pair/u_shadow/gen_fpu.u_fpu/FSM_onehot_dls_state_reg[3] |
| g8        | 3     | BUFGCE/O        | None       |           0 |             704 |  704 |           0 |    0 |    0 |   0 |  0 |    0 |   0 |       0 | gen_systolic[3].u_systolic/a_reg                                               |
| g9        | 8     | BUFGCE/O        | None       |           0 |            2083 | 2083 |           0 |    0 |    0 |   0 |  0 |    0 |   0 |       0 | rst_n_IBUF_BUFG                                                                |
| g10       | 1     | BUFGCE/O        | PBlock     |           0 |               1 |    1 |           0 |    0 |    0 |   0 |  0 |    0 |   0 |       0 | u_l2_cache/arb_priority0                                                       |
+-----------+-------+-----------------+------------+-------------+-----------------+------+-------------+------+------+-----+----+------+-----+---------+--------------------------------------------------------------------------------+
* Clock Loads column represents cell count of net connects that connect to a clock pin. Internal cell leaf pins are not considered
** Non-Clock Loads column represents cell count of non-clock pin loads
*** Columns FF, LUTRAM, RAMB through 'Hard IP' represents load cell counts


41. Clock Region Cell Placement per Global Clock: Region X4Y5
-------------------------------------------------------------

+-----------+-------+-----------------+------------+-------------+-----------------+------+-------------+------+------+-----+----+------+-----+---------+--------------------------------------------------------------------------------+
| Global Id | Track | Driver Type/Pin | Constraint | Clock Loads | Non-Clock Loads | FF   | Memory LUTs | RAMB | URAM | DSP | GT | MMCM | PLL | Hard IP | Net                                                                            |
+-----------+-------+-----------------+------------+-------------+-----------------+------+-------------+------+------+-----+----+------+-----+---------+--------------------------------------------------------------------------------+
| g0        | 2     | BUFGCE/O        | None       |        5863 |               0 | 5784 |          54 |   25 |    0 |   0 |  0 |    0 |   0 |       0 | clk_IBUF_BUFG                                                                  |
| g2        | 14    | BUFGCE/O        | None       |           0 |            1809 | 1809 |           0 |    0 |    0 |   0 |  0 |    0 |   0 |       0 | gen_dls_pairs[1].u_dls_pair/u_shadow/gen_fpu.u_fpu/FSM_onehot_dls_state_reg[3] |
| g8+       | 3     | BUFGCE/O        | None       |           0 |               0 |    0 |           0 |    0 |    0 |   0 |  0 |    0 |   0 |       0 | gen_systolic[3].u_systolic/a_reg                                               |
| g9        | 8     | BUFGCE/O        | None       |           0 |            3326 | 3272 |          54 |    0 |    0 |   0 |  0 |    0 |   0 |       0 | rst_n_IBUF_BUFG                                                                |
+-----------+-------+-----------------+------------+-------------+-----------------+------+-------------+------+------+-----+----+------+-----+---------+--------------------------------------------------------------------------------+
* Clock Loads column represents cell count of net connects that connect to a clock pin. Internal cell leaf pins are not considered
** Non-Clock Loads column represents cell count of non-clock pin loads
*** Columns FF, LUTRAM, RAMB through 'Hard IP' represents load cell counts
**** In Global Id column, sympbol '+' indicates that global clock was used only to route through the clock region.


42. Clock Region Cell Placement per Global Clock: Region X5Y5
-------------------------------------------------------------

+-----------+-------+-----------------+------------+-------------+-----------------+------+-------------+------+------+-----+----+------+-----+---------+--------------------------------------------------------------------------------+
| Global Id | Track | Driver Type/Pin | Constraint | Clock Loads | Non-Clock Loads | FF   | Memory LUTs | RAMB | URAM | DSP | GT | MMCM | PLL | Hard IP | Net                                                                            |
+-----------+-------+-----------------+------------+-------------+-----------------+------+-------------+------+------+-----+----+------+-----+---------+--------------------------------------------------------------------------------+
| g0        | 2     | BUFGCE/O        | None       |        4550 |               0 | 4526 |           0 |   24 |    0 |   0 |  0 |    0 |   0 |       0 | clk_IBUF_BUFG                                                                  |
| g2        | 14    | BUFGCE/O        | None       |           0 |            3588 | 3588 |           0 |    0 |    0 |   0 |  0 |    0 |   0 |       0 | gen_dls_pairs[1].u_dls_pair/u_shadow/gen_fpu.u_fpu/FSM_onehot_dls_state_reg[3] |
+-----------+-------+-----------------+------------+-------------+-----------------+------+-------------+------+------+-----+----+------+-----+---------+--------------------------------------------------------------------------------+
* Clock Loads column represents cell count of net connects that connect to a clock pin. Internal cell leaf pins are not considered
** Non-Clock Loads column represents cell count of non-clock pin loads
*** Columns FF, LUTRAM, RAMB through 'Hard IP' represents load cell counts


43. Clock Region Cell Placement per Global Clock: Region X0Y6
-------------------------------------------------------------

+-----------+-------+-----------------+------------+-------------+-----------------+------+-------------+------+------+-----+----+------+-----+---------+----------------------------------------------------------------------------------------+
| Global Id | Track | Driver Type/Pin | Constraint | Clock Loads | Non-Clock Loads | FF   | Memory LUTs | RAMB | URAM | DSP | GT | MMCM | PLL | Hard IP | Net                                                                                    |
+-----------+-------+-----------------+------------+-------------+-----------------+------+-------------+------+------+-----+----+------+-----+---------+----------------------------------------------------------------------------------------+
| g0        | 2     | BUFGCE/O        | None       |        3008 |               0 | 2967 |           0 |   41 |    0 |   0 |  0 |    0 |   0 |       0 | clk_IBUF_BUFG                                                                          |
| g3        | 0     | BUFGCE/O        | None       |           0 |             818 |  818 |           0 |    0 |    0 |   0 |  0 |    0 |   0 |       0 | gen_dls_pairs[2].u_dls_pair/u_primary/gen_fpu.u_fpu/u_sqrt/FSM_onehot_dls_state_reg[3] |
| g7        | 3     | BUFGCE/O        | None       |           0 |              81 |   81 |           0 |    0 |    0 |   0 |  0 |    0 |   0 |       0 | gen_systolic[2].u_systolic/a_reg                                                       |
| g9        | 8     | BUFGCE/O        | None       |           0 |             607 |  606 |           0 |    0 |    0 |   0 |  0 |    0 |   0 |       0 | rst_n_IBUF_BUFG                                                                        |
+-----------+-------+-----------------+------------+-------------+-----------------+------+-------------+------+------+-----+----+------+-----+---------+----------------------------------------------------------------------------------------+
* Clock Loads column represents cell count of net connects that connect to a clock pin. Internal cell leaf pins are not considered
** Non-Clock Loads column represents cell count of non-clock pin loads
*** Columns FF, LUTRAM, RAMB through 'Hard IP' represents load cell counts


44. Clock Region Cell Placement per Global Clock: Region X1Y6
-------------------------------------------------------------

+-----------+-------+-----------------+------------+-------------+-----------------+------+-------------+------+------+-----+----+------+-----+---------+----------------------------------------------------------------------------------------+
| Global Id | Track | Driver Type/Pin | Constraint | Clock Loads | Non-Clock Loads | FF   | Memory LUTs | RAMB | URAM | DSP | GT | MMCM | PLL | Hard IP | Net                                                                                    |
+-----------+-------+-----------------+------------+-------------+-----------------+------+-------------+------+------+-----+----+------+-----+---------+----------------------------------------------------------------------------------------+
| g0        | 2     | BUFGCE/O        | None       |        4628 |               0 | 4561 |          54 |   13 |    0 |   0 |  0 |    0 |   0 |       0 | clk_IBUF_BUFG                                                                          |
| g3        | 0     | BUFGCE/O        | None       |           0 |            1112 | 1112 |           0 |    0 |    0 |   0 |  0 |    0 |   0 |       0 | gen_dls_pairs[2].u_dls_pair/u_primary/gen_fpu.u_fpu/u_sqrt/FSM_onehot_dls_state_reg[3] |
| g7+       | 3     | BUFGCE/O        | None       |           0 |               0 |    0 |           0 |    0 |    0 |   0 |  0 |    0 |   0 |       0 | gen_systolic[2].u_systolic/a_reg                                                       |
| g9        | 8     | BUFGCE/O        | None       |           0 |            2439 | 2385 |          54 |    0 |    0 |   0 |  0 |    0 |   0 |       0 | rst_n_IBUF_BUFG                                                                        |
| g10       | 1     | BUFGCE/O        | PBlock     |           0 |               9 |    9 |           0 |    0 |    0 |   0 |  0 |    0 |   0 |       0 | u_l2_cache/arb_priority0                                                               |
+-----------+-------+-----------------+------------+-------------+-----------------+------+-------------+------+------+-----+----+------+-----+---------+----------------------------------------------------------------------------------------+
* Clock Loads column represents cell count of net connects that connect to a clock pin. Internal cell leaf pins are not considered
** Non-Clock Loads column represents cell count of non-clock pin loads
*** Columns FF, LUTRAM, RAMB through 'Hard IP' represents load cell counts
**** In Global Id column, sympbol '+' indicates that global clock was used only to route through the clock region.


45. Clock Region Cell Placement per Global Clock: Region X2Y6
-------------------------------------------------------------

+-----------+-------+-----------------+------------+-------------+-----------------+------+-------------+------+------+-----+----+------+-----+---------+----------------------------------------------------------------------------------------+
| Global Id | Track | Driver Type/Pin | Constraint | Clock Loads | Non-Clock Loads | FF   | Memory LUTs | RAMB | URAM | DSP | GT | MMCM | PLL | Hard IP | Net                                                                                    |
+-----------+-------+-----------------+------------+-------------+-----------------+------+-------------+------+------+-----+----+------+-----+---------+----------------------------------------------------------------------------------------+
| g0        | 2     | BUFGCE/O        | None       |        6322 |               0 | 6283 |           0 |   39 |    0 |   0 |  0 |    0 |   0 |       0 | clk_IBUF_BUFG                                                                          |
| g3        | 0     | BUFGCE/O        | None       |           0 |            1149 | 1149 |           0 |    0 |    0 |   0 |  0 |    0 |   0 |       0 | gen_dls_pairs[2].u_dls_pair/u_primary/gen_fpu.u_fpu/u_sqrt/FSM_onehot_dls_state_reg[3] |
| g4        | 20    | BUFGCE/O        | None       |           0 |            1595 | 1595 |           0 |    0 |    0 |   0 |  0 |    0 |   0 |       0 | gen_dls_pairs[3].u_dls_pair/u_primary/gen_fpu.u_fpu/u_sqrt/FSM_onehot_dls_state_reg[3] |
| g7+       | 3     | BUFGCE/O        | None       |           0 |               0 |    0 |           0 |    0 |    0 |   0 |  0 |    0 |   0 |       0 | gen_systolic[2].u_systolic/a_reg                                                       |
| g9        | 8     | BUFGCE/O        | None       |           0 |             909 |  861 |           0 |    0 |    0 |   0 |  0 |    0 |   0 |       0 | rst_n_IBUF_BUFG                                                                        |
| g10       | 1     | BUFGCE/O        | PBlock     |           0 |             132 |  132 |           0 |    0 |    0 |   0 |  0 |    0 |   0 |       0 | u_l2_cache/arb_priority0                                                               |
+-----------+-------+-----------------+------------+-------------+-----------------+------+-------------+------+------+-----+----+------+-----+---------+----------------------------------------------------------------------------------------+
* Clock Loads column represents cell count of net connects that connect to a clock pin. Internal cell leaf pins are not considered
** Non-Clock Loads column represents cell count of non-clock pin loads
*** Columns FF, LUTRAM, RAMB through 'Hard IP' represents load cell counts
**** In Global Id column, sympbol '+' indicates that global clock was used only to route through the clock region.


46. Clock Region Cell Placement per Global Clock: Region X3Y6
-------------------------------------------------------------

+-----------+-------+-----------------+------------+-------------+-----------------+------+-------------+------+------+-----+----+------+-----+---------+----------------------------------------------------------------------------------------+
| Global Id | Track | Driver Type/Pin | Constraint | Clock Loads | Non-Clock Loads | FF   | Memory LUTs | RAMB | URAM | DSP | GT | MMCM | PLL | Hard IP | Net                                                                                    |
+-----------+-------+-----------------+------------+-------------+-----------------+------+-------------+------+------+-----+----+------+-----+---------+----------------------------------------------------------------------------------------+
| g0        | 2     | BUFGCE/O        | None       |        5343 |               0 | 5274 |          54 |   15 |    0 |   0 |  0 |    0 |   0 |       0 | clk_IBUF_BUFG                                                                          |
| g4        | 20    | BUFGCE/O        | None       |           0 |            1787 | 1787 |           0 |    0 |    0 |   0 |  0 |    0 |   0 |       0 | gen_dls_pairs[3].u_dls_pair/u_primary/gen_fpu.u_fpu/u_sqrt/FSM_onehot_dls_state_reg[3] |
| g8        | 3     | BUFGCE/O        | None       |           0 |             309 |  309 |           0 |    0 |    0 |   0 |  0 |    0 |   0 |       0 | gen_systolic[3].u_systolic/a_reg                                                       |
| g9        | 8     | BUFGCE/O        | None       |           0 |            2463 | 2409 |          54 |    0 |    0 |   0 |  0 |    0 |   0 |       0 | rst_n_IBUF_BUFG                                                                        |
| g10       | 1     | BUFGCE/O        | PBlock     |           0 |              28 |   28 |           0 |    0 |    0 |   0 |  0 |    0 |   0 |       0 | u_l2_cache/arb_priority0                                                               |
+-----------+-------+-----------------+------------+-------------+-----------------+------+-------------+------+------+-----+----+------+-----+---------+----------------------------------------------------------------------------------------+
* Clock Loads column represents cell count of net connects that connect to a clock pin. Internal cell leaf pins are not considered
** Non-Clock Loads column represents cell count of non-clock pin loads
*** Columns FF, LUTRAM, RAMB through 'Hard IP' represents load cell counts


47. Clock Region Cell Placement per Global Clock: Region X4Y6
-------------------------------------------------------------

+-----------+-------+-----------------+------------+-------------+-----------------+------+-------------+------+------+-----+----+------+-----+---------+----------------------------------------------------------------------------------------+
| Global Id | Track | Driver Type/Pin | Constraint | Clock Loads | Non-Clock Loads | FF   | Memory LUTs | RAMB | URAM | DSP | GT | MMCM | PLL | Hard IP | Net                                                                                    |
+-----------+-------+-----------------+------------+-------------+-----------------+------+-------------+------+------+-----+----+------+-----+---------+----------------------------------------------------------------------------------------+
| g0        | 2     | BUFGCE/O        | None       |        4987 |               0 | 4960 |           0 |   27 |    0 |   0 |  0 |    0 |   0 |       0 | clk_IBUF_BUFG                                                                          |
| g2        | 14    | BUFGCE/O        | None       |           0 |             219 |  219 |           0 |    0 |    0 |   0 |  0 |    0 |   0 |       0 | gen_dls_pairs[1].u_dls_pair/u_shadow/gen_fpu.u_fpu/FSM_onehot_dls_state_reg[3]         |
| g4        | 20    | BUFGCE/O        | None       |           0 |             430 |  430 |           0 |    0 |    0 |   0 |  0 |    0 |   0 |       0 | gen_dls_pairs[3].u_dls_pair/u_primary/gen_fpu.u_fpu/u_sqrt/FSM_onehot_dls_state_reg[3] |
| g5        | 0     | BUFGCE/O        | None       |           0 |             264 |  264 |           0 |    0 |    0 |   0 |  0 |    0 |   0 |       0 | gen_systolic[0].u_systolic/a_reg                                                       |
| g8        | 3     | BUFGCE/O        | None       |           0 |             139 |  139 |           0 |    0 |    0 |   0 |  0 |    0 |   0 |       0 | gen_systolic[3].u_systolic/a_reg                                                       |
| g9        | 8     | BUFGCE/O        | None       |           0 |            3367 | 3367 |           0 |    0 |    0 |   0 |  0 |    0 |   0 |       0 | rst_n_IBUF_BUFG                                                                        |
| g10       | 1     | BUFGCE/O        | PBlock     |           0 |             154 |  154 |           0 |    0 |    0 |   0 |  0 |    0 |   0 |       0 | u_l2_cache/arb_priority0                                                               |
+-----------+-------+-----------------+------------+-------------+-----------------+------+-------------+------+------+-----+----+------+-----+---------+----------------------------------------------------------------------------------------+
* Clock Loads column represents cell count of net connects that connect to a clock pin. Internal cell leaf pins are not considered
** Non-Clock Loads column represents cell count of non-clock pin loads
*** Columns FF, LUTRAM, RAMB through 'Hard IP' represents load cell counts


48. Clock Region Cell Placement per Global Clock: Region X5Y6
-------------------------------------------------------------

+-----------+-------+-----------------+------------+-------------+-----------------+------+-------------+------+------+-----+----+------+-----+---------+--------------------------------------------------------------------------------+
| Global Id | Track | Driver Type/Pin | Constraint | Clock Loads | Non-Clock Loads | FF   | Memory LUTs | RAMB | URAM | DSP | GT | MMCM | PLL | Hard IP | Net                                                                            |
+-----------+-------+-----------------+------------+-------------+-----------------+------+-------------+------+------+-----+----+------+-----+---------+--------------------------------------------------------------------------------+
| g0        | 2     | BUFGCE/O        | None       |        2470 |               0 | 2444 |           0 |   26 |    0 |   0 |  0 |    0 |   0 |       0 | clk_IBUF_BUFG                                                                  |
| g2        | 14    | BUFGCE/O        | None       |           0 |            1006 | 1006 |           0 |    0 |    0 |   0 |  0 |    0 |   0 |       0 | gen_dls_pairs[1].u_dls_pair/u_shadow/gen_fpu.u_fpu/FSM_onehot_dls_state_reg[3] |
| g5        | 0     | BUFGCE/O        | None       |           0 |             568 |  568 |           0 |    0 |    0 |   0 |  0 |    0 |   0 |       0 | gen_systolic[0].u_systolic/a_reg                                               |
| g9        | 8     | BUFGCE/O        | None       |           0 |            1228 | 1228 |           0 |    0 |    0 |   0 |  0 |    0 |   0 |       0 | rst_n_IBUF_BUFG                                                                |
| g10       | 1     | BUFGCE/O        | PBlock     |           0 |               2 |    2 |           0 |    0 |    0 |   0 |  0 |    0 |   0 |       0 | u_l2_cache/arb_priority0                                                       |
+-----------+-------+-----------------+------------+-------------+-----------------+------+-------------+------+------+-----+----+------+-----+---------+--------------------------------------------------------------------------------+
* Clock Loads column represents cell count of net connects that connect to a clock pin. Internal cell leaf pins are not considered
** Non-Clock Loads column represents cell count of non-clock pin loads
*** Columns FF, LUTRAM, RAMB through 'Hard IP' represents load cell counts


49. Clock Region Cell Placement per Global Clock: Region X0Y7
-------------------------------------------------------------

+-----------+-------+-----------------+------------+-------------+-----------------+------+-------------+------+------+-----+----+------+-----+---------+----------------------------------------------------------------------------------------+
| Global Id | Track | Driver Type/Pin | Constraint | Clock Loads | Non-Clock Loads | FF   | Memory LUTs | RAMB | URAM | DSP | GT | MMCM | PLL | Hard IP | Net                                                                                    |
+-----------+-------+-----------------+------------+-------------+-----------------+------+-------------+------+------+-----+----+------+-----+---------+----------------------------------------------------------------------------------------+
| g0        | 2     | BUFGCE/O        | None       |        2479 |               0 | 2439 |           0 |   40 |    0 |   0 |  0 |    0 |   0 |       0 | clk_IBUF_BUFG                                                                          |
| g3        | 0     | BUFGCE/O        | None       |           0 |              11 |   11 |           0 |    0 |    0 |   0 |  0 |    0 |   0 |       0 | gen_dls_pairs[2].u_dls_pair/u_primary/gen_fpu.u_fpu/u_sqrt/FSM_onehot_dls_state_reg[3] |
| g9        | 8     | BUFGCE/O        | None       |           0 |             175 |  170 |           0 |    0 |    0 |   0 |  0 |    0 |   0 |       0 | rst_n_IBUF_BUFG                                                                        |
+-----------+-------+-----------------+------------+-------------+-----------------+------+-------------+------+------+-----+----+------+-----+---------+----------------------------------------------------------------------------------------+
* Clock Loads column represents cell count of net connects that connect to a clock pin. Internal cell leaf pins are not considered
** Non-Clock Loads column represents cell count of non-clock pin loads
*** Columns FF, LUTRAM, RAMB through 'Hard IP' represents load cell counts


50. Clock Region Cell Placement per Global Clock: Region X1Y7
-------------------------------------------------------------

+-----------+-------+-----------------+------------+-------------+-----------------+------+-------------+------+------+-----+----+------+-----+---------+----------------------------------------------------------------------------------------+
| Global Id | Track | Driver Type/Pin | Constraint | Clock Loads | Non-Clock Loads | FF   | Memory LUTs | RAMB | URAM | DSP | GT | MMCM | PLL | Hard IP | Net                                                                                    |
+-----------+-------+-----------------+------------+-------------+-----------------+------+-------------+------+------+-----+----+------+-----+---------+----------------------------------------------------------------------------------------+
| g0        | 2     | BUFGCE/O        | None       |        4706 |               0 | 4692 |           0 |   14 |    0 |   0 |  0 |    0 |   0 |       0 | clk_IBUF_BUFG                                                                          |
| g3        | 0     | BUFGCE/O        | None       |           0 |            2103 | 2103 |           0 |    0 |    0 |   0 |  0 |    0 |   0 |       0 | gen_dls_pairs[2].u_dls_pair/u_primary/gen_fpu.u_fpu/u_sqrt/FSM_onehot_dls_state_reg[3] |
| g9        | 8     | BUFGCE/O        | None       |           0 |             696 |  658 |           0 |    0 |    0 |   0 |  0 |    0 |   0 |       0 | rst_n_IBUF_BUFG                                                                        |
| g10       | 1     | BUFGCE/O        | PBlock     |           0 |              25 |   25 |           0 |    0 |    0 |   0 |  0 |    0 |   0 |       0 | u_l2_cache/arb_priority0                                                               |
+-----------+-------+-----------------+------------+-------------+-----------------+------+-------------+------+------+-----+----+------+-----+---------+----------------------------------------------------------------------------------------+
* Clock Loads column represents cell count of net connects that connect to a clock pin. Internal cell leaf pins are not considered
** Non-Clock Loads column represents cell count of non-clock pin loads
*** Columns FF, LUTRAM, RAMB through 'Hard IP' represents load cell counts


51. Clock Region Cell Placement per Global Clock: Region X2Y7
-------------------------------------------------------------

+-----------+-------+-----------------+------------+-------------+-----------------+------+-------------+------+------+-----+----+------+-----+---------+----------------------------------------------------------------------------------------+
| Global Id | Track | Driver Type/Pin | Constraint | Clock Loads | Non-Clock Loads | FF   | Memory LUTs | RAMB | URAM | DSP | GT | MMCM | PLL | Hard IP | Net                                                                                    |
+-----------+-------+-----------------+------------+-------------+-----------------+------+-------------+------+------+-----+----+------+-----+---------+----------------------------------------------------------------------------------------+
| g0        | 2     | BUFGCE/O        | None       |        6422 |               0 | 6383 |           0 |   39 |    0 |   0 |  0 |    0 |   0 |       0 | clk_IBUF_BUFG                                                                          |
| g1        | 14    | BUFGCE/O        | None       |           0 |              22 |   22 |           0 |    0 |    0 |   0 |  0 |    0 |   0 |       0 | gen_dls_pairs[0].u_dls_pair/u_primary/gen_fpu.u_fpu/u_sqrt/FSM_onehot_dls_state_reg[3] |
| g3        | 0     | BUFGCE/O        | None       |           0 |            1539 | 1539 |           0 |    0 |    0 |   0 |  0 |    0 |   0 |       0 | gen_dls_pairs[2].u_dls_pair/u_primary/gen_fpu.u_fpu/u_sqrt/FSM_onehot_dls_state_reg[3] |
| g4        | 20    | BUFGCE/O        | None       |           0 |             768 |  768 |           0 |    0 |    0 |   0 |  0 |    0 |   0 |       0 | gen_dls_pairs[3].u_dls_pair/u_primary/gen_fpu.u_fpu/u_sqrt/FSM_onehot_dls_state_reg[3] |
| g9        | 8     | BUFGCE/O        | None       |           0 |             739 |  728 |           0 |    0 |    0 |   0 |  0 |    0 |   0 |       0 | rst_n_IBUF_BUFG                                                                        |
| g10       | 1     | BUFGCE/O        | PBlock     |           0 |             162 |  162 |           0 |    0 |    0 |   0 |  0 |    0 |   0 |       0 | u_l2_cache/arb_priority0                                                               |
+-----------+-------+-----------------+------------+-------------+-----------------+------+-------------+------+------+-----+----+------+-----+---------+----------------------------------------------------------------------------------------+
* Clock Loads column represents cell count of net connects that connect to a clock pin. Internal cell leaf pins are not considered
** Non-Clock Loads column represents cell count of non-clock pin loads
*** Columns FF, LUTRAM, RAMB through 'Hard IP' represents load cell counts


52. Clock Region Cell Placement per Global Clock: Region X3Y7
-------------------------------------------------------------

+-----------+-------+-----------------+------------+-------------+-----------------+------+-------------+------+------+-----+----+------+-----+---------+----------------------------------------------------------------------------------------+
| Global Id | Track | Driver Type/Pin | Constraint | Clock Loads | Non-Clock Loads | FF   | Memory LUTs | RAMB | URAM | DSP | GT | MMCM | PLL | Hard IP | Net                                                                                    |
+-----------+-------+-----------------+------------+-------------+-----------------+------+-------------+------+------+-----+----+------+-----+---------+----------------------------------------------------------------------------------------+
| g0        | 2     | BUFGCE/O        | None       |        5740 |               0 | 5726 |           0 |   14 |    0 |   0 |  0 |    0 |   0 |       0 | clk_IBUF_BUFG                                                                          |
| g1        | 14    | BUFGCE/O        | None       |           0 |            1643 | 1643 |           0 |    0 |    0 |   0 |  0 |    0 |   0 |       0 | gen_dls_pairs[0].u_dls_pair/u_primary/gen_fpu.u_fpu/u_sqrt/FSM_onehot_dls_state_reg[3] |
| g4        | 20    | BUFGCE/O        | None       |           0 |            2252 | 2252 |           0 |    0 |    0 |   0 |  0 |    0 |   0 |       0 | gen_dls_pairs[3].u_dls_pair/u_primary/gen_fpu.u_fpu/u_sqrt/FSM_onehot_dls_state_reg[3] |
| g9        | 8     | BUFGCE/O        | None       |           0 |             206 |  205 |           0 |    0 |    0 |   0 |  0 |    0 |   0 |       0 | rst_n_IBUF_BUFG                                                                        |
| g10       | 1     | BUFGCE/O        | PBlock     |           0 |             124 |  124 |           0 |    0 |    0 |   0 |  0 |    0 |   0 |       0 | u_l2_cache/arb_priority0                                                               |
+-----------+-------+-----------------+------------+-------------+-----------------+------+-------------+------+------+-----+----+------+-----+---------+----------------------------------------------------------------------------------------+
* Clock Loads column represents cell count of net connects that connect to a clock pin. Internal cell leaf pins are not considered
** Non-Clock Loads column represents cell count of non-clock pin loads
*** Columns FF, LUTRAM, RAMB through 'Hard IP' represents load cell counts


53. Clock Region Cell Placement per Global Clock: Region X4Y7
-------------------------------------------------------------

+-----------+-------+-----------------+------------+-------------+-----------------+------+-------------+------+------+-----+----+------+-----+---------+----------------------------------------------------------------------------------------+
| Global Id | Track | Driver Type/Pin | Constraint | Clock Loads | Non-Clock Loads | FF   | Memory LUTs | RAMB | URAM | DSP | GT | MMCM | PLL | Hard IP | Net                                                                                    |
+-----------+-------+-----------------+------------+-------------+-----------------+------+-------------+------+------+-----+----+------+-----+---------+----------------------------------------------------------------------------------------+
| g0        | 2     | BUFGCE/O        | None       |        5944 |               0 | 5917 |           0 |   27 |    0 |   0 |  0 |    0 |   0 |       0 | clk_IBUF_BUFG                                                                          |
| g1        | 14    | BUFGCE/O        | None       |           0 |             330 |  330 |           0 |    0 |    0 |   0 |  0 |    0 |   0 |       0 | gen_dls_pairs[0].u_dls_pair/u_primary/gen_fpu.u_fpu/u_sqrt/FSM_onehot_dls_state_reg[3] |
| g4        | 20    | BUFGCE/O        | None       |           0 |            1550 | 1550 |           0 |    0 |    0 |   0 |  0 |    0 |   0 |       0 | gen_dls_pairs[3].u_dls_pair/u_primary/gen_fpu.u_fpu/u_sqrt/FSM_onehot_dls_state_reg[3] |
| g5        | 0     | BUFGCE/O        | None       |           0 |              18 |   18 |           0 |    0 |    0 |   0 |  0 |    0 |   0 |       0 | gen_systolic[0].u_systolic/a_reg                                                       |
| g9        | 8     | BUFGCE/O        | None       |           0 |            2149 | 2147 |           0 |    0 |    0 |   0 |  0 |    0 |   0 |       0 | rst_n_IBUF_BUFG                                                                        |
| g10       | 1     | BUFGCE/O        | PBlock     |           0 |              30 |   30 |           0 |    0 |    0 |   0 |  0 |    0 |   0 |       0 | u_l2_cache/arb_priority0                                                               |
+-----------+-------+-----------------+------------+-------------+-----------------+------+-------------+------+------+-----+----+------+-----+---------+----------------------------------------------------------------------------------------+
* Clock Loads column represents cell count of net connects that connect to a clock pin. Internal cell leaf pins are not considered
** Non-Clock Loads column represents cell count of non-clock pin loads
*** Columns FF, LUTRAM, RAMB through 'Hard IP' represents load cell counts


54. Clock Region Cell Placement per Global Clock: Region X5Y7
-------------------------------------------------------------

+-----------+-------+-----------------+------------+-------------+-----------------+------+-------------+------+------+-----+----+------+-----+---------+----------------------------------------------------------------------------------------+
| Global Id | Track | Driver Type/Pin | Constraint | Clock Loads | Non-Clock Loads | FF   | Memory LUTs | RAMB | URAM | DSP | GT | MMCM | PLL | Hard IP | Net                                                                                    |
+-----------+-------+-----------------+------------+-------------+-----------------+------+-------------+------+------+-----+----+------+-----+---------+----------------------------------------------------------------------------------------+
| g0        | 2     | BUFGCE/O        | None       |        5729 |               0 | 5646 |          54 |   29 |    0 |   0 |  0 |    0 |   0 |       0 | clk_IBUF_BUFG                                                                          |
| g1        | 14    | BUFGCE/O        | None       |           0 |            1161 | 1161 |           0 |    0 |    0 |   0 |  0 |    0 |   0 |       0 | gen_dls_pairs[0].u_dls_pair/u_primary/gen_fpu.u_fpu/u_sqrt/FSM_onehot_dls_state_reg[3] |
| g4        | 20    | BUFGCE/O        | None       |           0 |               7 |    7 |           0 |    0 |    0 |   0 |  0 |    0 |   0 |       0 | gen_dls_pairs[3].u_dls_pair/u_primary/gen_fpu.u_fpu/u_sqrt/FSM_onehot_dls_state_reg[3] |
| g5        | 0     | BUFGCE/O        | None       |           0 |             302 |  302 |           0 |    0 |    0 |   0 |  0 |    0 |   0 |       0 | gen_systolic[0].u_systolic/a_reg                                                       |
| g9        | 8     | BUFGCE/O        | None       |           0 |            1670 | 1616 |          54 |    0 |    0 |   0 |  0 |    0 |   0 |       0 | rst_n_IBUF_BUFG                                                                        |
| g10       | 1     | BUFGCE/O        | PBlock     |           0 |               4 |    4 |           0 |    0 |    0 |   0 |  0 |    0 |   0 |       0 | u_l2_cache/arb_priority0                                                               |
+-----------+-------+-----------------+------------+-------------+-----------------+------+-------------+------+------+-----+----+------+-----+---------+----------------------------------------------------------------------------------------+
* Clock Loads column represents cell count of net connects that connect to a clock pin. Internal cell leaf pins are not considered
** Non-Clock Loads column represents cell count of non-clock pin loads
*** Columns FF, LUTRAM, RAMB through 'Hard IP' represents load cell counts


55. Clock Region Cell Placement per Global Clock: Region X0Y8
-------------------------------------------------------------

+-----------+-------+-----------------+------------+-------------+-----------------+------+-------------+------+------+-----+----+------+-----+---------+-----------------+
| Global Id | Track | Driver Type/Pin | Constraint | Clock Loads | Non-Clock Loads | FF   | Memory LUTs | RAMB | URAM | DSP | GT | MMCM | PLL | Hard IP | Net             |
+-----------+-------+-----------------+------------+-------------+-----------------+------+-------------+------+------+-----+----+------+-----+---------+-----------------+
| g0        | 2     | BUFGCE/O        | None       |        2089 |               0 | 2050 |           0 |   39 |    0 |   0 |  0 |    0 |   0 |       0 | clk_IBUF_BUFG   |
| g9        | 8     | BUFGCE/O        | None       |           0 |             188 |  158 |           0 |    0 |    0 |   0 |  0 |    0 |   0 |       0 | rst_n_IBUF_BUFG |
+-----------+-------+-----------------+------------+-------------+-----------------+------+-------------+------+------+-----+----+------+-----+---------+-----------------+
* Clock Loads column represents cell count of net connects that connect to a clock pin. Internal cell leaf pins are not considered
** Non-Clock Loads column represents cell count of non-clock pin loads
*** Columns FF, LUTRAM, RAMB through 'Hard IP' represents load cell counts


56. Clock Region Cell Placement per Global Clock: Region X1Y8
-------------------------------------------------------------

+-----------+-------+-----------------+------------+-------------+-----------------+------+-------------+------+------+-----+----+------+-----+---------+----------------------------------------------------------------------------------------+
| Global Id | Track | Driver Type/Pin | Constraint | Clock Loads | Non-Clock Loads | FF   | Memory LUTs | RAMB | URAM | DSP | GT | MMCM | PLL | Hard IP | Net                                                                                    |
+-----------+-------+-----------------+------------+-------------+-----------------+------+-------------+------+------+-----+----+------+-----+---------+----------------------------------------------------------------------------------------+
| g0        | 2     | BUFGCE/O        | None       |        3002 |               0 | 2989 |           0 |   13 |    0 |   0 |  0 |    0 |   0 |       0 | clk_IBUF_BUFG                                                                          |
| g3        | 0     | BUFGCE/O        | None       |           0 |             634 |  634 |           0 |    0 |    0 |   0 |  0 |    0 |   0 |       0 | gen_dls_pairs[2].u_dls_pair/u_primary/gen_fpu.u_fpu/u_sqrt/FSM_onehot_dls_state_reg[3] |
| g9        | 8     | BUFGCE/O        | None       |           0 |             119 |   92 |           0 |    0 |    0 |   0 |  0 |    0 |   0 |       0 | rst_n_IBUF_BUFG                                                                        |
| g10       | 1     | BUFGCE/O        | PBlock     |           0 |              61 |   61 |           0 |    0 |    0 |   0 |  0 |    0 |   0 |       0 | u_l2_cache/arb_priority0                                                               |
+-----------+-------+-----------------+------------+-------------+-----------------+------+-------------+------+------+-----+----+------+-----+---------+----------------------------------------------------------------------------------------+
* Clock Loads column represents cell count of net connects that connect to a clock pin. Internal cell leaf pins are not considered
** Non-Clock Loads column represents cell count of non-clock pin loads
*** Columns FF, LUTRAM, RAMB through 'Hard IP' represents load cell counts


57. Clock Region Cell Placement per Global Clock: Region X2Y8
-------------------------------------------------------------

+-----------+-------+-----------------+------------+-------------+-----------------+------+-------------+------+------+-----+----+------+-----+---------+----------------------------------------------------------------------------------------+
| Global Id | Track | Driver Type/Pin | Constraint | Clock Loads | Non-Clock Loads | FF   | Memory LUTs | RAMB | URAM | DSP | GT | MMCM | PLL | Hard IP | Net                                                                                    |
+-----------+-------+-----------------+------------+-------------+-----------------+------+-------------+------+------+-----+----+------+-----+---------+----------------------------------------------------------------------------------------+
| g0        | 2     | BUFGCE/O        | None       |        3739 |               0 | 3697 |           0 |   42 |    0 |   0 |  0 |    0 |   0 |       0 | clk_IBUF_BUFG                                                                          |
| g1        | 14    | BUFGCE/O        | None       |           0 |              13 |   13 |           0 |    0 |    0 |   0 |  0 |    0 |   0 |       0 | gen_dls_pairs[0].u_dls_pair/u_primary/gen_fpu.u_fpu/u_sqrt/FSM_onehot_dls_state_reg[3] |
| g3        | 0     | BUFGCE/O        | None       |           0 |             755 |  755 |           0 |    0 |    0 |   0 |  0 |    0 |   0 |       0 | gen_dls_pairs[2].u_dls_pair/u_primary/gen_fpu.u_fpu/u_sqrt/FSM_onehot_dls_state_reg[3] |
| g9        | 8     | BUFGCE/O        | None       |           0 |             363 |  361 |           0 |    0 |    0 |   0 |  0 |    0 |   0 |       0 | rst_n_IBUF_BUFG                                                                        |
| g10       | 1     | BUFGCE/O        | PBlock     |           0 |             304 |  304 |           0 |    0 |    0 |   0 |  0 |    0 |   0 |       0 | u_l2_cache/arb_priority0                                                               |
+-----------+-------+-----------------+------------+-------------+-----------------+------+-------------+------+------+-----+----+------+-----+---------+----------------------------------------------------------------------------------------+
* Clock Loads column represents cell count of net connects that connect to a clock pin. Internal cell leaf pins are not considered
** Non-Clock Loads column represents cell count of non-clock pin loads
*** Columns FF, LUTRAM, RAMB through 'Hard IP' represents load cell counts


58. Clock Region Cell Placement per Global Clock: Region X3Y8
-------------------------------------------------------------

+-----------+-------+-----------------+------------+-------------+-----------------+------+-------------+------+------+-----+----+------+-----+---------+----------------------------------------------------------------------------------------+
| Global Id | Track | Driver Type/Pin | Constraint | Clock Loads | Non-Clock Loads | FF   | Memory LUTs | RAMB | URAM | DSP | GT | MMCM | PLL | Hard IP | Net                                                                                    |
+-----------+-------+-----------------+------------+-------------+-----------------+------+-------------+------+------+-----+----+------+-----+---------+----------------------------------------------------------------------------------------+
| g0        | 2     | BUFGCE/O        | None       |        3293 |               0 | 3280 |           0 |   13 |    0 |   0 |  0 |    0 |   0 |       0 | clk_IBUF_BUFG                                                                          |
| g1        | 14    | BUFGCE/O        | None       |           0 |            1180 | 1180 |           0 |    0 |    0 |   0 |  0 |    0 |   0 |       0 | gen_dls_pairs[0].u_dls_pair/u_primary/gen_fpu.u_fpu/u_sqrt/FSM_onehot_dls_state_reg[3] |
| g9        | 8     | BUFGCE/O        | None       |           0 |             129 |  129 |           0 |    0 |    0 |   0 |  0 |    0 |   0 |       0 | rst_n_IBUF_BUFG                                                                        |
| g10       | 1     | BUFGCE/O        | PBlock     |           0 |              95 |   95 |           0 |    0 |    0 |   0 |  0 |    0 |   0 |       0 | u_l2_cache/arb_priority0                                                               |
+-----------+-------+-----------------+------------+-------------+-----------------+------+-------------+------+------+-----+----+------+-----+---------+----------------------------------------------------------------------------------------+
* Clock Loads column represents cell count of net connects that connect to a clock pin. Internal cell leaf pins are not considered
** Non-Clock Loads column represents cell count of non-clock pin loads
*** Columns FF, LUTRAM, RAMB through 'Hard IP' represents load cell counts


59. Clock Region Cell Placement per Global Clock: Region X4Y8
-------------------------------------------------------------

+-----------+-------+-----------------+------------+-------------+-----------------+------+-------------+------+------+-----+----+------+-----+---------+----------------------------------------------------------------------------------------+
| Global Id | Track | Driver Type/Pin | Constraint | Clock Loads | Non-Clock Loads | FF   | Memory LUTs | RAMB | URAM | DSP | GT | MMCM | PLL | Hard IP | Net                                                                                    |
+-----------+-------+-----------------+------------+-------------+-----------------+------+-------------+------+------+-----+----+------+-----+---------+----------------------------------------------------------------------------------------+
| g0        | 2     | BUFGCE/O        | None       |        7208 |               0 | 7183 |           0 |   25 |    0 |   0 |  0 |    0 |   0 |       0 | clk_IBUF_BUFG                                                                          |
| g1        | 14    | BUFGCE/O        | None       |           0 |            2223 | 2223 |           0 |    0 |    0 |   0 |  0 |    0 |   0 |       0 | gen_dls_pairs[0].u_dls_pair/u_primary/gen_fpu.u_fpu/u_sqrt/FSM_onehot_dls_state_reg[3] |
| g9        | 8     | BUFGCE/O        | None       |           0 |            1077 | 1070 |           0 |    0 |    0 |   0 |  0 |    0 |   0 |       0 | rst_n_IBUF_BUFG                                                                        |
| g10       | 1     | BUFGCE/O        | PBlock     |           0 |              50 |   50 |           0 |    0 |    0 |   0 |  0 |    0 |   0 |       0 | u_l2_cache/arb_priority0                                                               |
+-----------+-------+-----------------+------------+-------------+-----------------+------+-------------+------+------+-----+----+------+-----+---------+----------------------------------------------------------------------------------------+
* Clock Loads column represents cell count of net connects that connect to a clock pin. Internal cell leaf pins are not considered
** Non-Clock Loads column represents cell count of non-clock pin loads
*** Columns FF, LUTRAM, RAMB through 'Hard IP' represents load cell counts


60. Clock Region Cell Placement per Global Clock: Region X5Y8
-------------------------------------------------------------

+-----------+-------+-----------------+------------+-------------+-----------------+------+-------------+------+------+-----+----+------+-----+---------+----------------------------------------------------------------------------------------+
| Global Id | Track | Driver Type/Pin | Constraint | Clock Loads | Non-Clock Loads | FF   | Memory LUTs | RAMB | URAM | DSP | GT | MMCM | PLL | Hard IP | Net                                                                                    |
+-----------+-------+-----------------+------------+-------------+-----------------+------+-------------+------+------+-----+----+------+-----+---------+----------------------------------------------------------------------------------------+
| g0        | 2     | BUFGCE/O        | None       |        7535 |               0 | 7510 |           0 |   25 |    0 |   0 |  0 |    0 |   0 |       0 | clk_IBUF_BUFG                                                                          |
| g1        | 14    | BUFGCE/O        | None       |           0 |            1678 | 1678 |           0 |    0 |    0 |   0 |  0 |    0 |   0 |       0 | gen_dls_pairs[0].u_dls_pair/u_primary/gen_fpu.u_fpu/u_sqrt/FSM_onehot_dls_state_reg[3] |
| g9        | 8     | BUFGCE/O        | None       |           0 |              40 |   39 |           0 |    0 |    0 |   0 |  0 |    0 |   0 |       0 | rst_n_IBUF_BUFG                                                                        |
+-----------+-------+-----------------+------------+-------------+-----------------+------+-------------+------+------+-----+----+------+-----+---------+----------------------------------------------------------------------------------------+
* Clock Loads column represents cell count of net connects that connect to a clock pin. Internal cell leaf pins are not considered
** Non-Clock Loads column represents cell count of non-clock pin loads
*** Columns FF, LUTRAM, RAMB through 'Hard IP' represents load cell counts


61. Clock Region Cell Placement per Global Clock: Region X0Y9
-------------------------------------------------------------

+-----------+-------+-----------------+------------+-------------+-----------------+-----+-------------+------+------+-----+----+------+-----+---------+-----------------+
| Global Id | Track | Driver Type/Pin | Constraint | Clock Loads | Non-Clock Loads | FF  | Memory LUTs | RAMB | URAM | DSP | GT | MMCM | PLL | Hard IP | Net             |
+-----------+-------+-----------------+------------+-------------+-----------------+-----+-------------+------+------+-----+----+------+-----+---------+-----------------+
| g0        | 2     | BUFGCE/O        | None       |         639 |               0 | 603 |           0 |   36 |    0 |   0 |  0 |    0 |   0 |       0 | clk_IBUF_BUFG   |
| g9        | 8     | BUFGCE/O        | None       |           0 |               6 |   6 |           0 |    0 |    0 |   0 |  0 |    0 |   0 |       0 | rst_n_IBUF_BUFG |
+-----------+-------+-----------------+------------+-------------+-----------------+-----+-------------+------+------+-----+----+------+-----+---------+-----------------+
* Clock Loads column represents cell count of net connects that connect to a clock pin. Internal cell leaf pins are not considered
** Non-Clock Loads column represents cell count of non-clock pin loads
*** Columns FF, LUTRAM, RAMB through 'Hard IP' represents load cell counts


62. Clock Region Cell Placement per Global Clock: Region X1Y9
-------------------------------------------------------------

+-----------+-------+-----------------+------------+-------------+-----------------+------+-------------+------+------+-----+----+------+-----+---------+--------------------------+
| Global Id | Track | Driver Type/Pin | Constraint | Clock Loads | Non-Clock Loads | FF   | Memory LUTs | RAMB | URAM | DSP | GT | MMCM | PLL | Hard IP | Net                      |
+-----------+-------+-----------------+------------+-------------+-----------------+------+-------------+------+------+-----+----+------+-----+---------+--------------------------+
| g0        | 2     | BUFGCE/O        | None       |        1547 |               0 | 1533 |           0 |   14 |    0 |   0 |  0 |    0 |   0 |       0 | clk_IBUF_BUFG            |
| g9        | 8     | BUFGCE/O        | None       |           0 |              28 |   28 |           0 |    0 |    0 |   0 |  0 |    0 |   0 |       0 | rst_n_IBUF_BUFG          |
| g10       | 1     | BUFGCE/O        | PBlock     |           0 |               3 |    3 |           0 |    0 |    0 |   0 |  0 |    0 |   0 |       0 | u_l2_cache/arb_priority0 |
+-----------+-------+-----------------+------------+-------------+-----------------+------+-------------+------+------+-----+----+------+-----+---------+--------------------------+
* Clock Loads column represents cell count of net connects that connect to a clock pin. Internal cell leaf pins are not considered
** Non-Clock Loads column represents cell count of non-clock pin loads
*** Columns FF, LUTRAM, RAMB through 'Hard IP' represents load cell counts


63. Clock Region Cell Placement per Global Clock: Region X2Y9
-------------------------------------------------------------

+-----------+-------+-----------------+------------+-------------+-----------------+------+-------------+------+------+-----+----+------+-----+---------+--------------------------+
| Global Id | Track | Driver Type/Pin | Constraint | Clock Loads | Non-Clock Loads | FF   | Memory LUTs | RAMB | URAM | DSP | GT | MMCM | PLL | Hard IP | Net                      |
+-----------+-------+-----------------+------------+-------------+-----------------+------+-------------+------+------+-----+----+------+-----+---------+--------------------------+
| g0        | 2     | BUFGCE/O        | None       |        2618 |               0 | 2578 |           0 |   40 |    0 |   0 |  0 |    0 |   0 |       0 | clk_IBUF_BUFG            |
| g9        | 8     | BUFGCE/O        | None       |           0 |             197 |  185 |           0 |    0 |    0 |   0 |  0 |    0 |   0 |       0 | rst_n_IBUF_BUFG          |
| g10       | 1     | BUFGCE/O        | PBlock     |           0 |             133 |  133 |           0 |    0 |    0 |   0 |  0 |    0 |   0 |       0 | u_l2_cache/arb_priority0 |
+-----------+-------+-----------------+------------+-------------+-----------------+------+-------------+------+------+-----+----+------+-----+---------+--------------------------+
* Clock Loads column represents cell count of net connects that connect to a clock pin. Internal cell leaf pins are not considered
** Non-Clock Loads column represents cell count of non-clock pin loads
*** Columns FF, LUTRAM, RAMB through 'Hard IP' represents load cell counts


64. Clock Region Cell Placement per Global Clock: Region X3Y9
-------------------------------------------------------------

+-----------+-------+-----------------+------------+-------------+-----------------+------+-------------+------+------+-----+----+------+-----+---------+-----------------+
| Global Id | Track | Driver Type/Pin | Constraint | Clock Loads | Non-Clock Loads | FF   | Memory LUTs | RAMB | URAM | DSP | GT | MMCM | PLL | Hard IP | Net             |
+-----------+-------+-----------------+------------+-------------+-----------------+------+-------------+------+------+-----+----+------+-----+---------+-----------------+
| g0        | 2     | BUFGCE/O        | None       |        1702 |               0 | 1689 |           0 |   13 |    0 |   0 |  0 |    0 |   0 |       0 | clk_IBUF_BUFG   |
| g9        | 8     | BUFGCE/O        | None       |           0 |             280 |   36 |           0 |    0 |    0 |   0 |  0 |    0 |   0 |       0 | rst_n_IBUF_BUFG |
+-----------+-------+-----------------+------------+-------------+-----------------+------+-------------+------+------+-----+----+------+-----+---------+-----------------+
* Clock Loads column represents cell count of net connects that connect to a clock pin. Internal cell leaf pins are not considered
** Non-Clock Loads column represents cell count of non-clock pin loads
*** Columns FF, LUTRAM, RAMB through 'Hard IP' represents load cell counts


65. Clock Region Cell Placement per Global Clock: Region X4Y9
-------------------------------------------------------------

+-----------+-------+-----------------+------------+-------------+-----------------+------+-------------+------+------+-----+----+------+-----+---------+-----------------+
| Global Id | Track | Driver Type/Pin | Constraint | Clock Loads | Non-Clock Loads | FF   | Memory LUTs | RAMB | URAM | DSP | GT | MMCM | PLL | Hard IP | Net             |
+-----------+-------+-----------------+------------+-------------+-----------------+------+-------------+------+------+-----+----+------+-----+---------+-----------------+
| g0        | 2     | BUFGCE/O        | None       |        6995 |               0 | 6969 |           0 |   26 |    0 |   0 |  0 |    0 |   0 |       0 | clk_IBUF_BUFG   |
| g9+       | 8     | BUFGCE/O        | None       |           0 |               0 |    0 |           0 |    0 |    0 |   0 |  0 |    0 |   0 |       0 | rst_n_IBUF_BUFG |
+-----------+-------+-----------------+------------+-------------+-----------------+------+-------------+------+------+-----+----+------+-----+---------+-----------------+
* Clock Loads column represents cell count of net connects that connect to a clock pin. Internal cell leaf pins are not considered
** Non-Clock Loads column represents cell count of non-clock pin loads
*** Columns FF, LUTRAM, RAMB through 'Hard IP' represents load cell counts
**** In Global Id column, sympbol '+' indicates that global clock was used only to route through the clock region.


66. Clock Region Cell Placement per Global Clock: Region X5Y9
-------------------------------------------------------------

+-----------+-------+-----------------+------------+-------------+-----------------+------+-------------+------+------+-----+----+------+-----+---------+---------------+
| Global Id | Track | Driver Type/Pin | Constraint | Clock Loads | Non-Clock Loads | FF   | Memory LUTs | RAMB | URAM | DSP | GT | MMCM | PLL | Hard IP | Net           |
+-----------+-------+-----------------+------------+-------------+-----------------+------+-------------+------+------+-----+----+------+-----+---------+---------------+
| g0        | 2     | BUFGCE/O        | None       |        7353 |               0 | 7329 |           0 |   24 |    0 |   0 |  0 |    0 |   0 |       0 | clk_IBUF_BUFG |
+-----------+-------+-----------------+------------+-------------+-----------------+------+-------------+------+------+-----+----+------+-----+---------+---------------+
* Clock Loads column represents cell count of net connects that connect to a clock pin. Internal cell leaf pins are not considered
** Non-Clock Loads column represents cell count of non-clock pin loads
*** Columns FF, LUTRAM, RAMB through 'Hard IP' represents load cell counts


67. Clock Region Cell Placement per Global Clock: Region X0Y10
--------------------------------------------------------------

+-----------+-------+-----------------+------------+-------------+-----------------+----+-------------+------+------+-----+----+------+-----+---------+---------------+
| Global Id | Track | Driver Type/Pin | Constraint | Clock Loads | Non-Clock Loads | FF | Memory LUTs | RAMB | URAM | DSP | GT | MMCM | PLL | Hard IP | Net           |
+-----------+-------+-----------------+------------+-------------+-----------------+----+-------------+------+------+-----+----+------+-----+---------+---------------+
| g0        | 2     | BUFGCE/O        | None       |          31 |               0 |  0 |           0 |   31 |    0 |   0 |  0 |    0 |   0 |       0 | clk_IBUF_BUFG |
+-----------+-------+-----------------+------------+-------------+-----------------+----+-------------+------+------+-----+----+------+-----+---------+---------------+
* Clock Loads column represents cell count of net connects that connect to a clock pin. Internal cell leaf pins are not considered
** Non-Clock Loads column represents cell count of non-clock pin loads
*** Columns FF, LUTRAM, RAMB through 'Hard IP' represents load cell counts


68. Clock Region Cell Placement per Global Clock: Region X1Y10
--------------------------------------------------------------

+-----------+-------+-----------------+------------+-------------+-----------------+----+-------------+------+------+-----+----+------+-----+---------+---------------+
| Global Id | Track | Driver Type/Pin | Constraint | Clock Loads | Non-Clock Loads | FF | Memory LUTs | RAMB | URAM | DSP | GT | MMCM | PLL | Hard IP | Net           |
+-----------+-------+-----------------+------------+-------------+-----------------+----+-------------+------+------+-----+----+------+-----+---------+---------------+
| g0        | 2     | BUFGCE/O        | None       |          12 |               0 |  0 |           0 |   12 |    0 |   0 |  0 |    0 |   0 |       0 | clk_IBUF_BUFG |
+-----------+-------+-----------------+------------+-------------+-----------------+----+-------------+------+------+-----+----+------+-----+---------+---------------+
* Clock Loads column represents cell count of net connects that connect to a clock pin. Internal cell leaf pins are not considered
** Non-Clock Loads column represents cell count of non-clock pin loads
*** Columns FF, LUTRAM, RAMB through 'Hard IP' represents load cell counts


69. Clock Region Cell Placement per Global Clock: Region X2Y10
--------------------------------------------------------------

+-----------+-------+-----------------+------------+-------------+-----------------+----+-------------+------+------+-----+----+------+-----+---------+---------------+
| Global Id | Track | Driver Type/Pin | Constraint | Clock Loads | Non-Clock Loads | FF | Memory LUTs | RAMB | URAM | DSP | GT | MMCM | PLL | Hard IP | Net           |
+-----------+-------+-----------------+------------+-------------+-----------------+----+-------------+------+------+-----+----+------+-----+---------+---------------+
| g0        | 2     | BUFGCE/O        | None       |          36 |               0 |  0 |           0 |   36 |    0 |   0 |  0 |    0 |   0 |       0 | clk_IBUF_BUFG |
+-----------+-------+-----------------+------------+-------------+-----------------+----+-------------+------+------+-----+----+------+-----+---------+---------------+
* Clock Loads column represents cell count of net connects that connect to a clock pin. Internal cell leaf pins are not considered
** Non-Clock Loads column represents cell count of non-clock pin loads
*** Columns FF, LUTRAM, RAMB through 'Hard IP' represents load cell counts


70. Clock Region Cell Placement per Global Clock: Region X3Y10
--------------------------------------------------------------

+-----------+-------+-----------------+------------+-------------+-----------------+----+-------------+------+------+-----+----+------+-----+---------+---------------+
| Global Id | Track | Driver Type/Pin | Constraint | Clock Loads | Non-Clock Loads | FF | Memory LUTs | RAMB | URAM | DSP | GT | MMCM | PLL | Hard IP | Net           |
+-----------+-------+-----------------+------------+-------------+-----------------+----+-------------+------+------+-----+----+------+-----+---------+---------------+
| g0        | 2     | BUFGCE/O        | None       |          12 |               0 |  0 |           0 |   12 |    0 |   0 |  0 |    0 |   0 |       0 | clk_IBUF_BUFG |
+-----------+-------+-----------------+------------+-------------+-----------------+----+-------------+------+------+-----+----+------+-----+---------+---------------+
* Clock Loads column represents cell count of net connects that connect to a clock pin. Internal cell leaf pins are not considered
** Non-Clock Loads column represents cell count of non-clock pin loads
*** Columns FF, LUTRAM, RAMB through 'Hard IP' represents load cell counts


71. Clock Region Cell Placement per Global Clock: Region X4Y10
--------------------------------------------------------------

+-----------+-------+-----------------+------------+-------------+-----------------+----+-------------+------+------+-----+----+------+-----+---------+---------------+
| Global Id | Track | Driver Type/Pin | Constraint | Clock Loads | Non-Clock Loads | FF | Memory LUTs | RAMB | URAM | DSP | GT | MMCM | PLL | Hard IP | Net           |
+-----------+-------+-----------------+------------+-------------+-----------------+----+-------------+------+------+-----+----+------+-----+---------+---------------+
| g0        | 2     | BUFGCE/O        | None       |          24 |               0 |  0 |           0 |   24 |    0 |   0 |  0 |    0 |   0 |       0 | clk_IBUF_BUFG |
+-----------+-------+-----------------+------------+-------------+-----------------+----+-------------+------+------+-----+----+------+-----+---------+---------------+
* Clock Loads column represents cell count of net connects that connect to a clock pin. Internal cell leaf pins are not considered
** Non-Clock Loads column represents cell count of non-clock pin loads
*** Columns FF, LUTRAM, RAMB through 'Hard IP' represents load cell counts


72. Clock Region Cell Placement per Global Clock: Region X5Y10
--------------------------------------------------------------

+-----------+-------+-----------------+------------+-------------+-----------------+----+-------------+------+------+-----+----+------+-----+---------+---------------+
| Global Id | Track | Driver Type/Pin | Constraint | Clock Loads | Non-Clock Loads | FF | Memory LUTs | RAMB | URAM | DSP | GT | MMCM | PLL | Hard IP | Net           |
+-----------+-------+-----------------+------------+-------------+-----------------+----+-------------+------+------+-----+----+------+-----+---------+---------------+
| g0        | 2     | BUFGCE/O        | None       |          23 |               0 |  0 |           0 |   23 |    0 |   0 |  0 |    0 |   0 |       0 | clk_IBUF_BUFG |
+-----------+-------+-----------------+------------+-------------+-----------------+----+-------------+------+------+-----+----+------+-----+---------+---------------+
* Clock Loads column represents cell count of net connects that connect to a clock pin. Internal cell leaf pins are not considered
** Non-Clock Loads column represents cell count of non-clock pin loads
*** Columns FF, LUTRAM, RAMB through 'Hard IP' represents load cell counts


73. Clock Region Cell Placement per Global Clock: Region X0Y11
--------------------------------------------------------------

+-----------+-------+-----------------+------------+-------------+-----------------+----+-------------+------+------+-----+----+------+-----+---------+---------------+
| Global Id | Track | Driver Type/Pin | Constraint | Clock Loads | Non-Clock Loads | FF | Memory LUTs | RAMB | URAM | DSP | GT | MMCM | PLL | Hard IP | Net           |
+-----------+-------+-----------------+------------+-------------+-----------------+----+-------------+------+------+-----+----+------+-----+---------+---------------+
| g0        | 2     | BUFGCE/O        | None       |           4 |               0 |  0 |           0 |    4 |    0 |   0 |  0 |    0 |   0 |       0 | clk_IBUF_BUFG |
+-----------+-------+-----------------+------------+-------------+-----------------+----+-------------+------+------+-----+----+------+-----+---------+---------------+
* Clock Loads column represents cell count of net connects that connect to a clock pin. Internal cell leaf pins are not considered
** Non-Clock Loads column represents cell count of non-clock pin loads
*** Columns FF, LUTRAM, RAMB through 'Hard IP' represents load cell counts


74. Clock Region Cell Placement per Global Clock: Region X1Y11
--------------------------------------------------------------

+-----------+-------+-----------------+------------+-------------+-----------------+----+-------------+------+------+-----+----+------+-----+---------+---------------+
| Global Id | Track | Driver Type/Pin | Constraint | Clock Loads | Non-Clock Loads | FF | Memory LUTs | RAMB | URAM | DSP | GT | MMCM | PLL | Hard IP | Net           |
+-----------+-------+-----------------+------------+-------------+-----------------+----+-------------+------+------+-----+----+------+-----+---------+---------------+
| g0        | 2     | BUFGCE/O        | None       |          10 |               0 |  0 |           0 |   10 |    0 |   0 |  0 |    0 |   0 |       0 | clk_IBUF_BUFG |
+-----------+-------+-----------------+------------+-------------+-----------------+----+-------------+------+------+-----+----+------+-----+---------+---------------+
* Clock Loads column represents cell count of net connects that connect to a clock pin. Internal cell leaf pins are not considered
** Non-Clock Loads column represents cell count of non-clock pin loads
*** Columns FF, LUTRAM, RAMB through 'Hard IP' represents load cell counts


75. Clock Region Cell Placement per Global Clock: Region X2Y11
--------------------------------------------------------------

+-----------+-------+-----------------+------------+-------------+-----------------+----+-------------+------+------+-----+----+------+-----+---------+---------------+
| Global Id | Track | Driver Type/Pin | Constraint | Clock Loads | Non-Clock Loads | FF | Memory LUTs | RAMB | URAM | DSP | GT | MMCM | PLL | Hard IP | Net           |
+-----------+-------+-----------------+------------+-------------+-----------------+----+-------------+------+------+-----+----+------+-----+---------+---------------+
| g0        | 2     | BUFGCE/O        | None       |          33 |               0 |  0 |           0 |   33 |    0 |   0 |  0 |    0 |   0 |       0 | clk_IBUF_BUFG |
+-----------+-------+-----------------+------------+-------------+-----------------+----+-------------+------+------+-----+----+------+-----+---------+---------------+
* Clock Loads column represents cell count of net connects that connect to a clock pin. Internal cell leaf pins are not considered
** Non-Clock Loads column represents cell count of non-clock pin loads
*** Columns FF, LUTRAM, RAMB through 'Hard IP' represents load cell counts


76. Clock Region Cell Placement per Global Clock: Region X3Y11
--------------------------------------------------------------

+-----------+-------+-----------------+------------+-------------+-----------------+----+-------------+------+------+-----+----+------+-----+---------+---------------+
| Global Id | Track | Driver Type/Pin | Constraint | Clock Loads | Non-Clock Loads | FF | Memory LUTs | RAMB | URAM | DSP | GT | MMCM | PLL | Hard IP | Net           |
+-----------+-------+-----------------+------------+-------------+-----------------+----+-------------+------+------+-----+----+------+-----+---------+---------------+
| g0        | 2     | BUFGCE/O        | None       |          12 |               0 |  0 |           0 |   12 |    0 |   0 |  0 |    0 |   0 |       0 | clk_IBUF_BUFG |
+-----------+-------+-----------------+------------+-------------+-----------------+----+-------------+------+------+-----+----+------+-----+---------+---------------+
* Clock Loads column represents cell count of net connects that connect to a clock pin. Internal cell leaf pins are not considered
** Non-Clock Loads column represents cell count of non-clock pin loads
*** Columns FF, LUTRAM, RAMB through 'Hard IP' represents load cell counts


77. Clock Region Cell Placement per Global Clock: Region X4Y11
--------------------------------------------------------------

+-----------+-------+-----------------+------------+-------------+-----------------+----+-------------+------+------+-----+----+------+-----+---------+---------------+
| Global Id | Track | Driver Type/Pin | Constraint | Clock Loads | Non-Clock Loads | FF | Memory LUTs | RAMB | URAM | DSP | GT | MMCM | PLL | Hard IP | Net           |
+-----------+-------+-----------------+------------+-------------+-----------------+----+-------------+------+------+-----+----+------+-----+---------+---------------+
| g0        | 2     | BUFGCE/O        | None       |          12 |               0 |  0 |           0 |   12 |    0 |   0 |  0 |    0 |   0 |       0 | clk_IBUF_BUFG |
+-----------+-------+-----------------+------------+-------------+-----------------+----+-------------+------+------+-----+----+------+-----+---------+---------------+
* Clock Loads column represents cell count of net connects that connect to a clock pin. Internal cell leaf pins are not considered
** Non-Clock Loads column represents cell count of non-clock pin loads
*** Columns FF, LUTRAM, RAMB through 'Hard IP' represents load cell counts


78. Clock Region Cell Placement per Global Clock: Region X2Y12
--------------------------------------------------------------

+-----------+-------+-----------------+------------+-------------+-----------------+----+-------------+------+------+-----+----+------+-----+---------+---------------+
| Global Id | Track | Driver Type/Pin | Constraint | Clock Loads | Non-Clock Loads | FF | Memory LUTs | RAMB | URAM | DSP | GT | MMCM | PLL | Hard IP | Net           |
+-----------+-------+-----------------+------------+-------------+-----------------+----+-------------+------+------+-----+----+------+-----+---------+---------------+
| g0+       | 2     | BUFGCE/O        | None       |           0 |               0 |  0 |           0 |    0 |    0 |   0 |  0 |    0 |   0 |       0 | clk_IBUF_BUFG |
+-----------+-------+-----------------+------------+-------------+-----------------+----+-------------+------+------+-----+----+------+-----+---------+---------------+
* Clock Loads column represents cell count of net connects that connect to a clock pin. Internal cell leaf pins are not considered
** Non-Clock Loads column represents cell count of non-clock pin loads
*** Columns FF, LUTRAM, RAMB through 'Hard IP' represents load cell counts
**** In Global Id column, sympbol '+' indicates that global clock was used only to route through the clock region.


79. Clock Region Cell Placement per Global Clock: Region X3Y12
--------------------------------------------------------------

+-----------+-------+-----------------+------------+-------------+-----------------+----+-------------+------+------+-----+----+------+-----+---------+---------------+
| Global Id | Track | Driver Type/Pin | Constraint | Clock Loads | Non-Clock Loads | FF | Memory LUTs | RAMB | URAM | DSP | GT | MMCM | PLL | Hard IP | Net           |
+-----------+-------+-----------------+------------+-------------+-----------------+----+-------------+------+------+-----+----+------+-----+---------+---------------+
| g0        | 2     | BUFGCE/O        | None       |           1 |               0 |  0 |           0 |    1 |    0 |   0 |  0 |    0 |   0 |       0 | clk_IBUF_BUFG |
+-----------+-------+-----------------+------------+-------------+-----------------+----+-------------+------+------+-----+----+------+-----+---------+---------------+
* Clock Loads column represents cell count of net connects that connect to a clock pin. Internal cell leaf pins are not considered
** Non-Clock Loads column represents cell count of non-clock pin loads
*** Columns FF, LUTRAM, RAMB through 'Hard IP' represents load cell counts


