Copyright 1986-2022 Xilinx, Inc. All Rights Reserved. Copyright 2022-2024 Advanced Micro Devices, Inc. All Rights Reserved.
---------------------------------------------------------------------------------------------------------------------------------------------
| Tool Version : Vivado v.2024.2 (lin64) Build 5239630 Fri Nov 08 22:34:34 MST 2024
| Date         : Tue Mar 10 06:51:24 2026
| Host         : csrmaster running 64-bit Ubuntu 22.04.5 LTS
| Command      : report_drc -file reports/impl/drc_impl.rpt
| Design       : octa_core_rv64_soc_integrated
| Device       : xcvu9p-flga2104-2-e
| Speed File   : -2
| Design State : Fully Routed
---------------------------------------------------------------------------------------------------------------------------------------------

Report DRC

Table of Contents
-----------------
1. REPORT SUMMARY
2. REPORT DETAILS

1. REPORT SUMMARY
-----------------
            Netlist: octa_core_rv64_soc_integrated
          Floorplan: design_1
      Design limits: <entire design considered>
           Ruledeck: default
             Max checks: <unlimited>
             Checks found: 956
+-------------+------------------+----------------------------+--------+
| Rule        | Severity         | Description                | Checks |
+-------------+------------------+----------------------------+--------+
| NSTD-1      | Critical Warning | Unspecified I/O Standard   | 1      |
| UCIO-1      | Critical Warning | Unconstrained Logical Port | 1      |
| DPIP-2      | Warning          | Input pipelining           | 652    |
| DPOP-3      | Warning          | PREG Output pipelining     | 146    |
| DPOP-4      | Warning          | MREG Output pipelining     | 146    |
| IOBUSSLRC-1 | Warning          | IO Bus SLR Crossings       | 1      |
| PDRC-146    | Warning          | SLICE_PairEqSame_D6D5_WARN | 1      |
| PLCK-58     | Warning          | Clock Placer Checks        | 1      |
| RTSTAT-10   | Warning          | No routable loads          | 1      |
| UTLZ-3      | Warning          | Resource utilization       | 6      |
+-------------+------------------+----------------------------+--------+

2. REPORT DETAILS
-----------------
NSTD-1#1 Critical Warning
Unspecified I/O Standard  
134 out of 146 logical ports use I/O standard (IOSTANDARD) value 'DEFAULT', instead of a user assigned specific value. This may cause I/O contention or incompatibility with the board power or connectivity affecting performance, signal integrity or in extreme cases cause damage to the device or the components to which it is connected. To correct this violation, specify all I/O standards. This design will fail to generate a bitstream unless all logical ports have a user specified I/O standard value defined. To allow bitstream creation with unspecified I/O standard values (not recommended), use this command: set_property SEVERITY {Warning} [get_drc_checks NSTD-1].  NOTE: When using the Vivado Runs infrastructure (e.g. launch_runs Tcl command), add this command to a .tcl file and add that file as a pre-hook for write_bitstream step for the implementation run. Problem ports: ddr4_addr[16:0], ddr4_ba[1:0], ddr4_bg[1:0], eth_rx_dv[3:0],
eth_rxd[0][7:0], eth_rxd[1][7:0], eth_rxd[2][7:0], eth_rxd[3][7:0],
eth_tx_clk[3:0], eth_tx_en[3:0], eth_txd[0][7:0], eth_txd[1][7:0],
eth_txd[2][7:0], eth_txd[3][7:0], spi_cs_n[3:0]
 (the first 15 of 30 listed).
Related violations: <none>

UCIO-1#1 Critical Warning
Unconstrained Logical Port  
134 out of 146 logical ports have no user assigned specific location constraint (LOC). This may cause I/O contention or incompatibility with the board power or connectivity affecting performance, signal integrity or in extreme cases cause damage to the device or the components to which it is connected. To correct this violation, specify all pin locations. This design will fail to generate a bitstream unless all logical ports have a user specified site LOC constraint defined.  To allow bitstream creation with unspecified pin locations (not recommended), use this command: set_property SEVERITY {Warning} [get_drc_checks UCIO-1].  NOTE: When using the Vivado Runs infrastructure (e.g. launch_runs Tcl command), add this command to a .tcl file and add that file as a pre-hook for write_bitstream step for the implementation run.  Problem ports: ddr4_addr[16:0], ddr4_ba[1:0], ddr4_bg[1:0], eth_rx_dv[3:0],
eth_rxd[0][7:0], eth_rxd[1][7:0], eth_rxd[2][7:0], eth_rxd[3][7:0],
eth_tx_clk[3:0], eth_tx_en[3:0], eth_txd[0][7:0], eth_txd[1][7:0],
eth_txd[2][7:0], eth_txd[3][7:0], spi_cs_n[3:0]
 (the first 15 of 30 listed).
Related violations: <none>

DPIP-2#1 Warning
Input pipelining  
DSP gen_systolic[0].u_systolic/p_1_out input gen_systolic[0].u_systolic/p_1_out/A[29:0] is not pipelined. Pipelining DSP48 input will improve performance.
Related violations: <none>

DPIP-2#2 Warning
Input pipelining  
DSP gen_systolic[0].u_systolic/p_1_out input gen_systolic[0].u_systolic/p_1_out/B[17:0] is not pipelined. Pipelining DSP48 input will improve performance.
Related violations: <none>

DPIP-2#3 Warning
Input pipelining  
DSP gen_systolic[0].u_systolic/p_1_out__0 input gen_systolic[0].u_systolic/p_1_out__0/A[29:0] is not pipelined. Pipelining DSP48 input will improve performance.
Related violations: <none>

DPIP-2#4 Warning
Input pipelining  
DSP gen_systolic[0].u_systolic/p_1_out__0 input gen_systolic[0].u_systolic/p_1_out__0/B[17:0] is not pipelined. Pipelining DSP48 input will improve performance.
Related violations: <none>

DPIP-2#5 Warning
Input pipelining  
DSP gen_systolic[0].u_systolic/p_1_out__1 input gen_systolic[0].u_systolic/p_1_out__1/A[29:0] is not pipelined. Pipelining DSP48 input will improve performance.
Related violations: <none>

DPIP-2#6 Warning
Input pipelining  
DSP gen_systolic[0].u_systolic/p_1_out__1 input gen_systolic[0].u_systolic/p_1_out__1/B[17:0] is not pipelined. Pipelining DSP48 input will improve performance.
Related violations: <none>

DPIP-2#7 Warning
Input pipelining  
DSP gen_systolic[0].u_systolic/p_1_out__10 input gen_systolic[0].u_systolic/p_1_out__10/A[29:0] is not pipelined. Pipelining DSP48 input will improve performance.
Related violations: <none>

DPIP-2#8 Warning
Input pipelining  
DSP gen_systolic[0].u_systolic/p_1_out__10 input gen_systolic[0].u_systolic/p_1_out__10/B[17:0] is not pipelined. Pipelining DSP48 input will improve performance.
Related violations: <none>

DPIP-2#9 Warning
Input pipelining  
DSP gen_systolic[0].u_systolic/p_1_out__11 input gen_systolic[0].u_systolic/p_1_out__11/A[29:0] is not pipelined. Pipelining DSP48 input will improve performance.
Related violations: <none>

DPIP-2#10 Warning
Input pipelining  
DSP gen_systolic[0].u_systolic/p_1_out__11 input gen_systolic[0].u_systolic/p_1_out__11/B[17:0] is not pipelined. Pipelining DSP48 input will improve performance.
Related violations: <none>

DPIP-2#11 Warning
Input pipelining  
DSP gen_systolic[0].u_systolic/p_1_out__12 input gen_systolic[0].u_systolic/p_1_out__12/A[29:0] is not pipelined. Pipelining DSP48 input will improve performance.
Related violations: <none>

DPIP-2#12 Warning
Input pipelining  
DSP gen_systolic[0].u_systolic/p_1_out__12 input gen_systolic[0].u_systolic/p_1_out__12/B[17:0] is not pipelined. Pipelining DSP48 input will improve performance.
Related violations: <none>

DPIP-2#13 Warning
Input pipelining  
DSP gen_systolic[0].u_systolic/p_1_out__13 input gen_systolic[0].u_systolic/p_1_out__13/A[29:0] is not pipelined. Pipelining DSP48 input will improve performance.
Related violations: <none>

DPIP-2#14 Warning
Input pipelining  
DSP gen_systolic[0].u_systolic/p_1_out__13 input gen_systolic[0].u_systolic/p_1_out__13/B[17:0] is not pipelined. Pipelining DSP48 input will improve performance.
Related violations: <none>

DPIP-2#15 Warning
Input pipelining  
DSP gen_systolic[0].u_systolic/p_1_out__14 input gen_systolic[0].u_systolic/p_1_out__14/A[29:0] is not pipelined. Pipelining DSP48 input will improve performance.
Related violations: <none>

DPIP-2#16 Warning
Input pipelining  
DSP gen_systolic[0].u_systolic/p_1_out__14 input gen_systolic[0].u_systolic/p_1_out__14/B[17:0] is not pipelined. Pipelining DSP48 input will improve performance.
Related violations: <none>

DPIP-2#17 Warning
Input pipelining  
DSP gen_systolic[0].u_systolic/p_1_out__15 input gen_systolic[0].u_systolic/p_1_out__15/A[29:0] is not pipelined. Pipelining DSP48 input will improve performance.
Related violations: <none>

DPIP-2#18 Warning
Input pipelining  
DSP gen_systolic[0].u_systolic/p_1_out__15 input gen_systolic[0].u_systolic/p_1_out__15/B[17:0] is not pipelined. Pipelining DSP48 input will improve performance.
Related violations: <none>

DPIP-2#19 Warning
Input pipelining  
DSP gen_systolic[0].u_systolic/p_1_out__16 input gen_systolic[0].u_systolic/p_1_out__16/A[29:0] is not pipelined. Pipelining DSP48 input will improve performance.
Related violations: <none>

DPIP-2#20 Warning
Input pipelining  
DSP gen_systolic[0].u_systolic/p_1_out__16 input gen_systolic[0].u_systolic/p_1_out__16/B[17:0] is not pipelined. Pipelining DSP48 input will improve performance.
Related violations: <none>

DPIP-2#21 Warning
Input pipelining  
DSP gen_systolic[0].u_systolic/p_1_out__17 input gen_systolic[0].u_systolic/p_1_out__17/A[29:0] is not pipelined. Pipelining DSP48 input will improve performance.
Related violations: <none>

DPIP-2#22 Warning
Input pipelining  
DSP gen_systolic[0].u_systolic/p_1_out__17 input gen_systolic[0].u_systolic/p_1_out__17/B[17:0] is not pipelined. Pipelining DSP48 input will improve performance.
Related violations: <none>

DPIP-2#23 Warning
Input pipelining  
DSP gen_systolic[0].u_systolic/p_1_out__18 input gen_systolic[0].u_systolic/p_1_out__18/A[29:0] is not pipelined. Pipelining DSP48 input will improve performance.
Related violations: <none>

DPIP-2#24 Warning
Input pipelining  
DSP gen_systolic[0].u_systolic/p_1_out__18 input gen_systolic[0].u_systolic/p_1_out__18/B[17:0] is not pipelined. Pipelining DSP48 input will improve performance.
Related violations: <none>

DPIP-2#25 Warning
Input pipelining  
DSP gen_systolic[0].u_systolic/p_1_out__19 input gen_systolic[0].u_systolic/p_1_out__19/A[29:0] is not pipelined. Pipelining DSP48 input will improve performance.
Related violations: <none>

DPIP-2#26 Warning
Input pipelining  
DSP gen_systolic[0].u_systolic/p_1_out__19 input gen_systolic[0].u_systolic/p_1_out__19/B[17:0] is not pipelined. Pipelining DSP48 input will improve performance.
Related violations: <none>

DPIP-2#27 Warning
Input pipelining  
DSP gen_systolic[0].u_systolic/p_1_out__2 input gen_systolic[0].u_systolic/p_1_out__2/A[29:0] is not pipelined. Pipelining DSP48 input will improve performance.
Related violations: <none>

DPIP-2#28 Warning
Input pipelining  
DSP gen_systolic[0].u_systolic/p_1_out__2 input gen_systolic[0].u_systolic/p_1_out__2/B[17:0] is not pipelined. Pipelining DSP48 input will improve performance.
Related violations: <none>

DPIP-2#29 Warning
Input pipelining  
DSP gen_systolic[0].u_systolic/p_1_out__20 input gen_systolic[0].u_systolic/p_1_out__20/A[29:0] is not pipelined. Pipelining DSP48 input will improve performance.
Related violations: <none>

DPIP-2#30 Warning
Input pipelining  
DSP gen_systolic[0].u_systolic/p_1_out__20 input gen_systolic[0].u_systolic/p_1_out__20/B[17:0] is not pipelined. Pipelining DSP48 input will improve performance.
Related violations: <none>

DPIP-2#31 Warning
Input pipelining  
DSP gen_systolic[0].u_systolic/p_1_out__21 input gen_systolic[0].u_systolic/p_1_out__21/A[29:0] is not pipelined. Pipelining DSP48 input will improve performance.
Related violations: <none>

DPIP-2#32 Warning
Input pipelining  
DSP gen_systolic[0].u_systolic/p_1_out__21 input gen_systolic[0].u_systolic/p_1_out__21/B[17:0] is not pipelined. Pipelining DSP48 input will improve performance.
Related violations: <none>

DPIP-2#33 Warning
Input pipelining  
DSP gen_systolic[0].u_systolic/p_1_out__22 input gen_systolic[0].u_systolic/p_1_out__22/A[29:0] is not pipelined. Pipelining DSP48 input will improve performance.
Related violations: <none>

DPIP-2#34 Warning
Input pipelining  
DSP gen_systolic[0].u_systolic/p_1_out__22 input gen_systolic[0].u_systolic/p_1_out__22/B[17:0] is not pipelined. Pipelining DSP48 input will improve performance.
Related violations: <none>

DPIP-2#35 Warning
Input pipelining  
DSP gen_systolic[0].u_systolic/p_1_out__23 input gen_systolic[0].u_systolic/p_1_out__23/A[29:0] is not pipelined. Pipelining DSP48 input will improve performance.
Related violations: <none>

DPIP-2#36 Warning
Input pipelining  
DSP gen_systolic[0].u_systolic/p_1_out__23 input gen_systolic[0].u_systolic/p_1_out__23/B[17:0] is not pipelined. Pipelining DSP48 input will improve performance.
Related violations: <none>

DPIP-2#37 Warning
Input pipelining  
DSP gen_systolic[0].u_systolic/p_1_out__24 input gen_systolic[0].u_systolic/p_1_out__24/A[29:0] is not pipelined. Pipelining DSP48 input will improve performance.
Related violations: <none>

DPIP-2#38 Warning
Input pipelining  
DSP gen_systolic[0].u_systolic/p_1_out__24 input gen_systolic[0].u_systolic/p_1_out__24/B[17:0] is not pipelined. Pipelining DSP48 input will improve performance.
Related violations: <none>

DPIP-2#39 Warning
Input pipelining  
DSP gen_systolic[0].u_systolic/p_1_out__25 input gen_systolic[0].u_systolic/p_1_out__25/A[29:0] is not pipelined. Pipelining DSP48 input will improve performance.
Related violations: <none>

DPIP-2#40 Warning
Input pipelining  
DSP gen_systolic[0].u_systolic/p_1_out__25 input gen_systolic[0].u_systolic/p_1_out__25/B[17:0] is not pipelined. Pipelining DSP48 input will improve performance.
Related violations: <none>

DPIP-2#41 Warning
Input pipelining  
DSP gen_systolic[0].u_systolic/p_1_out__26 input gen_systolic[0].u_systolic/p_1_out__26/A[29:0] is not pipelined. Pipelining DSP48 input will improve performance.
Related violations: <none>

DPIP-2#42 Warning
Input pipelining  
DSP gen_systolic[0].u_systolic/p_1_out__26 input gen_systolic[0].u_systolic/p_1_out__26/B[17:0] is not pipelined. Pipelining DSP48 input will improve performance.
Related violations: <none>

DPIP-2#43 Warning
Input pipelining  
DSP gen_systolic[0].u_systolic/p_1_out__27 input gen_systolic[0].u_systolic/p_1_out__27/A[29:0] is not pipelined. Pipelining DSP48 input will improve performance.
Related violations: <none>

DPIP-2#44 Warning
Input pipelining  
DSP gen_systolic[0].u_systolic/p_1_out__27 input gen_systolic[0].u_systolic/p_1_out__27/B[17:0] is not pipelined. Pipelining DSP48 input will improve performance.
Related violations: <none>

DPIP-2#45 Warning
Input pipelining  
DSP gen_systolic[0].u_systolic/p_1_out__28 input gen_systolic[0].u_systolic/p_1_out__28/A[29:0] is not pipelined. Pipelining DSP48 input will improve performance.
Related violations: <none>

DPIP-2#46 Warning
Input pipelining  
DSP gen_systolic[0].u_systolic/p_1_out__28 input gen_systolic[0].u_systolic/p_1_out__28/B[17:0] is not pipelined. Pipelining DSP48 input will improve performance.
Related violations: <none>

DPIP-2#47 Warning
Input pipelining  
DSP gen_systolic[0].u_systolic/p_1_out__29 input gen_systolic[0].u_systolic/p_1_out__29/A[29:0] is not pipelined. Pipelining DSP48 input will improve performance.
Related violations: <none>

DPIP-2#48 Warning
Input pipelining  
DSP gen_systolic[0].u_systolic/p_1_out__29 input gen_systolic[0].u_systolic/p_1_out__29/B[17:0] is not pipelined. Pipelining DSP48 input will improve performance.
Related violations: <none>

DPIP-2#49 Warning
Input pipelining  
DSP gen_systolic[0].u_systolic/p_1_out__3 input gen_systolic[0].u_systolic/p_1_out__3/A[29:0] is not pipelined. Pipelining DSP48 input will improve performance.
Related violations: <none>

DPIP-2#50 Warning
Input pipelining  
DSP gen_systolic[0].u_systolic/p_1_out__3 input gen_systolic[0].u_systolic/p_1_out__3/B[17:0] is not pipelined. Pipelining DSP48 input will improve performance.
Related violations: <none>

DPIP-2#51 Warning
Input pipelining  
DSP gen_systolic[0].u_systolic/p_1_out__30 input gen_systolic[0].u_systolic/p_1_out__30/A[29:0] is not pipelined. Pipelining DSP48 input will improve performance.
Related violations: <none>

DPIP-2#52 Warning
Input pipelining  
DSP gen_systolic[0].u_systolic/p_1_out__30 input gen_systolic[0].u_systolic/p_1_out__30/B[17:0] is not pipelined. Pipelining DSP48 input will improve performance.
Related violations: <none>

DPIP-2#53 Warning
Input pipelining  
DSP gen_systolic[0].u_systolic/p_1_out__31 input gen_systolic[0].u_systolic/p_1_out__31/A[29:0] is not pipelined. Pipelining DSP48 input will improve performance.
Related violations: <none>

DPIP-2#54 Warning
Input pipelining  
DSP gen_systolic[0].u_systolic/p_1_out__31 input gen_systolic[0].u_systolic/p_1_out__31/B[17:0] is not pipelined. Pipelining DSP48 input will improve performance.
Related violations: <none>

DPIP-2#55 Warning
Input pipelining  
DSP gen_systolic[0].u_systolic/p_1_out__32 input gen_systolic[0].u_systolic/p_1_out__32/A[29:0] is not pipelined. Pipelining DSP48 input will improve performance.
Related violations: <none>

DPIP-2#56 Warning
Input pipelining  
DSP gen_systolic[0].u_systolic/p_1_out__32 input gen_systolic[0].u_systolic/p_1_out__32/B[17:0] is not pipelined. Pipelining DSP48 input will improve performance.
Related violations: <none>

DPIP-2#57 Warning
Input pipelining  
DSP gen_systolic[0].u_systolic/p_1_out__33 input gen_systolic[0].u_systolic/p_1_out__33/A[29:0] is not pipelined. Pipelining DSP48 input will improve performance.
Related violations: <none>

DPIP-2#58 Warning
Input pipelining  
DSP gen_systolic[0].u_systolic/p_1_out__33 input gen_systolic[0].u_systolic/p_1_out__33/B[17:0] is not pipelined. Pipelining DSP48 input will improve performance.
Related violations: <none>

DPIP-2#59 Warning
Input pipelining  
DSP gen_systolic[0].u_systolic/p_1_out__34 input gen_systolic[0].u_systolic/p_1_out__34/A[29:0] is not pipelined. Pipelining DSP48 input will improve performance.
Related violations: <none>

DPIP-2#60 Warning
Input pipelining  
DSP gen_systolic[0].u_systolic/p_1_out__34 input gen_systolic[0].u_systolic/p_1_out__34/B[17:0] is not pipelined. Pipelining DSP48 input will improve performance.
Related violations: <none>

DPIP-2#61 Warning
Input pipelining  
DSP gen_systolic[0].u_systolic/p_1_out__35 input gen_systolic[0].u_systolic/p_1_out__35/A[29:0] is not pipelined. Pipelining DSP48 input will improve performance.
Related violations: <none>

DPIP-2#62 Warning
Input pipelining  
DSP gen_systolic[0].u_systolic/p_1_out__35 input gen_systolic[0].u_systolic/p_1_out__35/B[17:0] is not pipelined. Pipelining DSP48 input will improve performance.
Related violations: <none>

DPIP-2#63 Warning
Input pipelining  
DSP gen_systolic[0].u_systolic/p_1_out__36 input gen_systolic[0].u_systolic/p_1_out__36/A[29:0] is not pipelined. Pipelining DSP48 input will improve performance.
Related violations: <none>

DPIP-2#64 Warning
Input pipelining  
DSP gen_systolic[0].u_systolic/p_1_out__36 input gen_systolic[0].u_systolic/p_1_out__36/B[17:0] is not pipelined. Pipelining DSP48 input will improve performance.
Related violations: <none>

DPIP-2#65 Warning
Input pipelining  
DSP gen_systolic[0].u_systolic/p_1_out__37 input gen_systolic[0].u_systolic/p_1_out__37/A[29:0] is not pipelined. Pipelining DSP48 input will improve performance.
Related violations: <none>

DPIP-2#66 Warning
Input pipelining  
DSP gen_systolic[0].u_systolic/p_1_out__37 input gen_systolic[0].u_systolic/p_1_out__37/B[17:0] is not pipelined. Pipelining DSP48 input will improve performance.
Related violations: <none>

DPIP-2#67 Warning
Input pipelining  
DSP gen_systolic[0].u_systolic/p_1_out__38 input gen_systolic[0].u_systolic/p_1_out__38/A[29:0] is not pipelined. Pipelining DSP48 input will improve performance.
Related violations: <none>

DPIP-2#68 Warning
Input pipelining  
DSP gen_systolic[0].u_systolic/p_1_out__38 input gen_systolic[0].u_systolic/p_1_out__38/B[17:0] is not pipelined. Pipelining DSP48 input will improve performance.
Related violations: <none>

DPIP-2#69 Warning
Input pipelining  
DSP gen_systolic[0].u_systolic/p_1_out__39 input gen_systolic[0].u_systolic/p_1_out__39/A[29:0] is not pipelined. Pipelining DSP48 input will improve performance.
Related violations: <none>

DPIP-2#70 Warning
Input pipelining  
DSP gen_systolic[0].u_systolic/p_1_out__39 input gen_systolic[0].u_systolic/p_1_out__39/B[17:0] is not pipelined. Pipelining DSP48 input will improve performance.
Related violations: <none>

DPIP-2#71 Warning
Input pipelining  
DSP gen_systolic[0].u_systolic/p_1_out__4 input gen_systolic[0].u_systolic/p_1_out__4/A[29:0] is not pipelined. Pipelining DSP48 input will improve performance.
Related violations: <none>

DPIP-2#72 Warning
Input pipelining  
DSP gen_systolic[0].u_systolic/p_1_out__4 input gen_systolic[0].u_systolic/p_1_out__4/B[17:0] is not pipelined. Pipelining DSP48 input will improve performance.
Related violations: <none>

DPIP-2#73 Warning
Input pipelining  
DSP gen_systolic[0].u_systolic/p_1_out__40 input gen_systolic[0].u_systolic/p_1_out__40/A[29:0] is not pipelined. Pipelining DSP48 input will improve performance.
Related violations: <none>

DPIP-2#74 Warning
Input pipelining  
DSP gen_systolic[0].u_systolic/p_1_out__40 input gen_systolic[0].u_systolic/p_1_out__40/B[17:0] is not pipelined. Pipelining DSP48 input will improve performance.
Related violations: <none>

DPIP-2#75 Warning
Input pipelining  
DSP gen_systolic[0].u_systolic/p_1_out__41 input gen_systolic[0].u_systolic/p_1_out__41/A[29:0] is not pipelined. Pipelining DSP48 input will improve performance.
Related violations: <none>

DPIP-2#76 Warning
Input pipelining  
DSP gen_systolic[0].u_systolic/p_1_out__41 input gen_systolic[0].u_systolic/p_1_out__41/B[17:0] is not pipelined. Pipelining DSP48 input will improve performance.
Related violations: <none>

DPIP-2#77 Warning
Input pipelining  
DSP gen_systolic[0].u_systolic/p_1_out__42 input gen_systolic[0].u_systolic/p_1_out__42/A[29:0] is not pipelined. Pipelining DSP48 input will improve performance.
Related violations: <none>

DPIP-2#78 Warning
Input pipelining  
DSP gen_systolic[0].u_systolic/p_1_out__42 input gen_systolic[0].u_systolic/p_1_out__42/B[17:0] is not pipelined. Pipelining DSP48 input will improve performance.
Related violations: <none>

DPIP-2#79 Warning
Input pipelining  
DSP gen_systolic[0].u_systolic/p_1_out__43 input gen_systolic[0].u_systolic/p_1_out__43/A[29:0] is not pipelined. Pipelining DSP48 input will improve performance.
Related violations: <none>

DPIP-2#80 Warning
Input pipelining  
DSP gen_systolic[0].u_systolic/p_1_out__43 input gen_systolic[0].u_systolic/p_1_out__43/B[17:0] is not pipelined. Pipelining DSP48 input will improve performance.
Related violations: <none>

DPIP-2#81 Warning
Input pipelining  
DSP gen_systolic[0].u_systolic/p_1_out__44 input gen_systolic[0].u_systolic/p_1_out__44/A[29:0] is not pipelined. Pipelining DSP48 input will improve performance.
Related violations: <none>

DPIP-2#82 Warning
Input pipelining  
DSP gen_systolic[0].u_systolic/p_1_out__44 input gen_systolic[0].u_systolic/p_1_out__44/B[17:0] is not pipelined. Pipelining DSP48 input will improve performance.
Related violations: <none>

DPIP-2#83 Warning
Input pipelining  
DSP gen_systolic[0].u_systolic/p_1_out__45 input gen_systolic[0].u_systolic/p_1_out__45/A[29:0] is not pipelined. Pipelining DSP48 input will improve performance.
Related violations: <none>

DPIP-2#84 Warning
Input pipelining  
DSP gen_systolic[0].u_systolic/p_1_out__45 input gen_systolic[0].u_systolic/p_1_out__45/B[17:0] is not pipelined. Pipelining DSP48 input will improve performance.
Related violations: <none>

DPIP-2#85 Warning
Input pipelining  
DSP gen_systolic[0].u_systolic/p_1_out__46 input gen_systolic[0].u_systolic/p_1_out__46/A[29:0] is not pipelined. Pipelining DSP48 input will improve performance.
Related violations: <none>

DPIP-2#86 Warning
Input pipelining  
DSP gen_systolic[0].u_systolic/p_1_out__46 input gen_systolic[0].u_systolic/p_1_out__46/B[17:0] is not pipelined. Pipelining DSP48 input will improve performance.
Related violations: <none>

DPIP-2#87 Warning
Input pipelining  
DSP gen_systolic[0].u_systolic/p_1_out__47 input gen_systolic[0].u_systolic/p_1_out__47/A[29:0] is not pipelined. Pipelining DSP48 input will improve performance.
Related violations: <none>

DPIP-2#88 Warning
Input pipelining  
DSP gen_systolic[0].u_systolic/p_1_out__47 input gen_systolic[0].u_systolic/p_1_out__47/B[17:0] is not pipelined. Pipelining DSP48 input will improve performance.
Related violations: <none>

DPIP-2#89 Warning
Input pipelining  
DSP gen_systolic[0].u_systolic/p_1_out__48 input gen_systolic[0].u_systolic/p_1_out__48/A[29:0] is not pipelined. Pipelining DSP48 input will improve performance.
Related violations: <none>

DPIP-2#90 Warning
Input pipelining  
DSP gen_systolic[0].u_systolic/p_1_out__48 input gen_systolic[0].u_systolic/p_1_out__48/B[17:0] is not pipelined. Pipelining DSP48 input will improve performance.
Related violations: <none>

DPIP-2#91 Warning
Input pipelining  
DSP gen_systolic[0].u_systolic/p_1_out__49 input gen_systolic[0].u_systolic/p_1_out__49/A[29:0] is not pipelined. Pipelining DSP48 input will improve performance.
Related violations: <none>

DPIP-2#92 Warning
Input pipelining  
DSP gen_systolic[0].u_systolic/p_1_out__49 input gen_systolic[0].u_systolic/p_1_out__49/B[17:0] is not pipelined. Pipelining DSP48 input will improve performance.
Related violations: <none>

DPIP-2#93 Warning
Input pipelining  
DSP gen_systolic[0].u_systolic/p_1_out__5 input gen_systolic[0].u_systolic/p_1_out__5/A[29:0] is not pipelined. Pipelining DSP48 input will improve performance.
Related violations: <none>

DPIP-2#94 Warning
Input pipelining  
DSP gen_systolic[0].u_systolic/p_1_out__5 input gen_systolic[0].u_systolic/p_1_out__5/B[17:0] is not pipelined. Pipelining DSP48 input will improve performance.
Related violations: <none>

DPIP-2#95 Warning
Input pipelining  
DSP gen_systolic[0].u_systolic/p_1_out__50 input gen_systolic[0].u_systolic/p_1_out__50/A[29:0] is not pipelined. Pipelining DSP48 input will improve performance.
Related violations: <none>

DPIP-2#96 Warning
Input pipelining  
DSP gen_systolic[0].u_systolic/p_1_out__50 input gen_systolic[0].u_systolic/p_1_out__50/B[17:0] is not pipelined. Pipelining DSP48 input will improve performance.
Related violations: <none>

DPIP-2#97 Warning
Input pipelining  
DSP gen_systolic[0].u_systolic/p_1_out__51 input gen_systolic[0].u_systolic/p_1_out__51/A[29:0] is not pipelined. Pipelining DSP48 input will improve performance.
Related violations: <none>

DPIP-2#98 Warning
Input pipelining  
DSP gen_systolic[0].u_systolic/p_1_out__51 input gen_systolic[0].u_systolic/p_1_out__51/B[17:0] is not pipelined. Pipelining DSP48 input will improve performance.
Related violations: <none>

DPIP-2#99 Warning
Input pipelining  
DSP gen_systolic[0].u_systolic/p_1_out__52 input gen_systolic[0].u_systolic/p_1_out__52/A[29:0] is not pipelined. Pipelining DSP48 input will improve performance.
Related violations: <none>

DPIP-2#100 Warning
Input pipelining  
DSP gen_systolic[0].u_systolic/p_1_out__52 input gen_systolic[0].u_systolic/p_1_out__52/B[17:0] is not pipelined. Pipelining DSP48 input will improve performance.
Related violations: <none>

DPIP-2#101 Warning
Input pipelining  
DSP gen_systolic[0].u_systolic/p_1_out__53 input gen_systolic[0].u_systolic/p_1_out__53/A[29:0] is not pipelined. Pipelining DSP48 input will improve performance.
Related violations: <none>

DPIP-2#102 Warning
Input pipelining  
DSP gen_systolic[0].u_systolic/p_1_out__53 input gen_systolic[0].u_systolic/p_1_out__53/B[17:0] is not pipelined. Pipelining DSP48 input will improve performance.
Related violations: <none>

DPIP-2#103 Warning
Input pipelining  
DSP gen_systolic[0].u_systolic/p_1_out__54 input gen_systolic[0].u_systolic/p_1_out__54/A[29:0] is not pipelined. Pipelining DSP48 input will improve performance.
Related violations: <none>

DPIP-2#104 Warning
Input pipelining  
DSP gen_systolic[0].u_systolic/p_1_out__54 input gen_systolic[0].u_systolic/p_1_out__54/B[17:0] is not pipelined. Pipelining DSP48 input will improve performance.
Related violations: <none>

DPIP-2#105 Warning
Input pipelining  
DSP gen_systolic[0].u_systolic/p_1_out__55 input gen_systolic[0].u_systolic/p_1_out__55/A[29:0] is not pipelined. Pipelining DSP48 input will improve performance.
Related violations: <none>

DPIP-2#106 Warning
Input pipelining  
DSP gen_systolic[0].u_systolic/p_1_out__55 input gen_systolic[0].u_systolic/p_1_out__55/B[17:0] is not pipelined. Pipelining DSP48 input will improve performance.
Related violations: <none>

DPIP-2#107 Warning
Input pipelining  
DSP gen_systolic[0].u_systolic/p_1_out__56 input gen_systolic[0].u_systolic/p_1_out__56/A[29:0] is not pipelined. Pipelining DSP48 input will improve performance.
Related violations: <none>

DPIP-2#108 Warning
Input pipelining  
DSP gen_systolic[0].u_systolic/p_1_out__56 input gen_systolic[0].u_systolic/p_1_out__56/B[17:0] is not pipelined. Pipelining DSP48 input will improve performance.
Related violations: <none>

DPIP-2#109 Warning
Input pipelining  
DSP gen_systolic[0].u_systolic/p_1_out__57 input gen_systolic[0].u_systolic/p_1_out__57/A[29:0] is not pipelined. Pipelining DSP48 input will improve performance.
Related violations: <none>

DPIP-2#110 Warning
Input pipelining  
DSP gen_systolic[0].u_systolic/p_1_out__57 input gen_systolic[0].u_systolic/p_1_out__57/B[17:0] is not pipelined. Pipelining DSP48 input will improve performance.
Related violations: <none>

DPIP-2#111 Warning
Input pipelining  
DSP gen_systolic[0].u_systolic/p_1_out__58 input gen_systolic[0].u_systolic/p_1_out__58/A[29:0] is not pipelined. Pipelining DSP48 input will improve performance.
Related violations: <none>

DPIP-2#112 Warning
Input pipelining  
DSP gen_systolic[0].u_systolic/p_1_out__58 input gen_systolic[0].u_systolic/p_1_out__58/B[17:0] is not pipelined. Pipelining DSP48 input will improve performance.
Related violations: <none>

DPIP-2#113 Warning
Input pipelining  
DSP gen_systolic[0].u_systolic/p_1_out__59 input gen_systolic[0].u_systolic/p_1_out__59/A[29:0] is not pipelined. Pipelining DSP48 input will improve performance.
Related violations: <none>

DPIP-2#114 Warning
Input pipelining  
DSP gen_systolic[0].u_systolic/p_1_out__59 input gen_systolic[0].u_systolic/p_1_out__59/B[17:0] is not pipelined. Pipelining DSP48 input will improve performance.
Related violations: <none>

DPIP-2#115 Warning
Input pipelining  
DSP gen_systolic[0].u_systolic/p_1_out__6 input gen_systolic[0].u_systolic/p_1_out__6/A[29:0] is not pipelined. Pipelining DSP48 input will improve performance.
Related violations: <none>

DPIP-2#116 Warning
Input pipelining  
DSP gen_systolic[0].u_systolic/p_1_out__6 input gen_systolic[0].u_systolic/p_1_out__6/B[17:0] is not pipelined. Pipelining DSP48 input will improve performance.
Related violations: <none>

DPIP-2#117 Warning
Input pipelining  
DSP gen_systolic[0].u_systolic/p_1_out__60 input gen_systolic[0].u_systolic/p_1_out__60/A[29:0] is not pipelined. Pipelining DSP48 input will improve performance.
Related violations: <none>

DPIP-2#118 Warning
Input pipelining  
DSP gen_systolic[0].u_systolic/p_1_out__60 input gen_systolic[0].u_systolic/p_1_out__60/B[17:0] is not pipelined. Pipelining DSP48 input will improve performance.
Related violations: <none>

DPIP-2#119 Warning
Input pipelining  
DSP gen_systolic[0].u_systolic/p_1_out__61 input gen_systolic[0].u_systolic/p_1_out__61/A[29:0] is not pipelined. Pipelining DSP48 input will improve performance.
Related violations: <none>

DPIP-2#120 Warning
Input pipelining  
DSP gen_systolic[0].u_systolic/p_1_out__61 input gen_systolic[0].u_systolic/p_1_out__61/B[17:0] is not pipelined. Pipelining DSP48 input will improve performance.
Related violations: <none>

DPIP-2#121 Warning
Input pipelining  
DSP gen_systolic[0].u_systolic/p_1_out__62 input gen_systolic[0].u_systolic/p_1_out__62/A[29:0] is not pipelined. Pipelining DSP48 input will improve performance.
Related violations: <none>

DPIP-2#122 Warning
Input pipelining  
DSP gen_systolic[0].u_systolic/p_1_out__62 input gen_systolic[0].u_systolic/p_1_out__62/B[17:0] is not pipelined. Pipelining DSP48 input will improve performance.
Related violations: <none>

DPIP-2#123 Warning
Input pipelining  
DSP gen_systolic[0].u_systolic/p_1_out__63 input gen_systolic[0].u_systolic/p_1_out__63/A[29:0] is not pipelined. Pipelining DSP48 input will improve performance.
Related violations: <none>

DPIP-2#124 Warning
Input pipelining  
DSP gen_systolic[0].u_systolic/p_1_out__63 input gen_systolic[0].u_systolic/p_1_out__63/B[17:0] is not pipelined. Pipelining DSP48 input will improve performance.
Related violations: <none>

DPIP-2#125 Warning
Input pipelining  
DSP gen_systolic[0].u_systolic/p_1_out__64 input gen_systolic[0].u_systolic/p_1_out__64/A[29:0] is not pipelined. Pipelining DSP48 input will improve performance.
Related violations: <none>

DPIP-2#126 Warning
Input pipelining  
DSP gen_systolic[0].u_systolic/p_1_out__64 input gen_systolic[0].u_systolic/p_1_out__64/B[17:0] is not pipelined. Pipelining DSP48 input will improve performance.
Related violations: <none>

DPIP-2#127 Warning
Input pipelining  
DSP gen_systolic[0].u_systolic/p_1_out__65 input gen_systolic[0].u_systolic/p_1_out__65/A[29:0] is not pipelined. Pipelining DSP48 input will improve performance.
Related violations: <none>

DPIP-2#128 Warning
Input pipelining  
DSP gen_systolic[0].u_systolic/p_1_out__65 input gen_systolic[0].u_systolic/p_1_out__65/B[17:0] is not pipelined. Pipelining DSP48 input will improve performance.
Related violations: <none>

DPIP-2#129 Warning
Input pipelining  
DSP gen_systolic[0].u_systolic/p_1_out__66 input gen_systolic[0].u_systolic/p_1_out__66/A[29:0] is not pipelined. Pipelining DSP48 input will improve performance.
Related violations: <none>

DPIP-2#130 Warning
Input pipelining  
DSP gen_systolic[0].u_systolic/p_1_out__66 input gen_systolic[0].u_systolic/p_1_out__66/B[17:0] is not pipelined. Pipelining DSP48 input will improve performance.
Related violations: <none>

DPIP-2#131 Warning
Input pipelining  
DSP gen_systolic[0].u_systolic/p_1_out__67 input gen_systolic[0].u_systolic/p_1_out__67/A[29:0] is not pipelined. Pipelining DSP48 input will improve performance.
Related violations: <none>

DPIP-2#132 Warning
Input pipelining  
DSP gen_systolic[0].u_systolic/p_1_out__67 input gen_systolic[0].u_systolic/p_1_out__67/B[17:0] is not pipelined. Pipelining DSP48 input will improve performance.
Related violations: <none>

DPIP-2#133 Warning
Input pipelining  
DSP gen_systolic[0].u_systolic/p_1_out__68 input gen_systolic[0].u_systolic/p_1_out__68/A[29:0] is not pipelined. Pipelining DSP48 input will improve performance.
Related violations: <none>

DPIP-2#134 Warning
Input pipelining  
DSP gen_systolic[0].u_systolic/p_1_out__68 input gen_systolic[0].u_systolic/p_1_out__68/B[17:0] is not pipelined. Pipelining DSP48 input will improve performance.
Related violations: <none>

DPIP-2#135 Warning
Input pipelining  
DSP gen_systolic[0].u_systolic/p_1_out__69 input gen_systolic[0].u_systolic/p_1_out__69/A[29:0] is not pipelined. Pipelining DSP48 input will improve performance.
Related violations: <none>

DPIP-2#136 Warning
Input pipelining  
DSP gen_systolic[0].u_systolic/p_1_out__69 input gen_systolic[0].u_systolic/p_1_out__69/B[17:0] is not pipelined. Pipelining DSP48 input will improve performance.
Related violations: <none>

DPIP-2#137 Warning
Input pipelining  
DSP gen_systolic[0].u_systolic/p_1_out__7 input gen_systolic[0].u_systolic/p_1_out__7/A[29:0] is not pipelined. Pipelining DSP48 input will improve performance.
Related violations: <none>

DPIP-2#138 Warning
Input pipelining  
DSP gen_systolic[0].u_systolic/p_1_out__7 input gen_systolic[0].u_systolic/p_1_out__7/B[17:0] is not pipelined. Pipelining DSP48 input will improve performance.
Related violations: <none>

DPIP-2#139 Warning
Input pipelining  
DSP gen_systolic[0].u_systolic/p_1_out__70 input gen_systolic[0].u_systolic/p_1_out__70/A[29:0] is not pipelined. Pipelining DSP48 input will improve performance.
Related violations: <none>

DPIP-2#140 Warning
Input pipelining  
DSP gen_systolic[0].u_systolic/p_1_out__70 input gen_systolic[0].u_systolic/p_1_out__70/B[17:0] is not pipelined. Pipelining DSP48 input will improve performance.
Related violations: <none>

DPIP-2#141 Warning
Input pipelining  
DSP gen_systolic[0].u_systolic/p_1_out__71 input gen_systolic[0].u_systolic/p_1_out__71/A[29:0] is not pipelined. Pipelining DSP48 input will improve performance.
Related violations: <none>

DPIP-2#142 Warning
Input pipelining  
DSP gen_systolic[0].u_systolic/p_1_out__71 input gen_systolic[0].u_systolic/p_1_out__71/B[17:0] is not pipelined. Pipelining DSP48 input will improve performance.
Related violations: <none>

DPIP-2#143 Warning
Input pipelining  
DSP gen_systolic[0].u_systolic/p_1_out__72 input gen_systolic[0].u_systolic/p_1_out__72/A[29:0] is not pipelined. Pipelining DSP48 input will improve performance.
Related violations: <none>

DPIP-2#144 Warning
Input pipelining  
DSP gen_systolic[0].u_systolic/p_1_out__72 input gen_systolic[0].u_systolic/p_1_out__72/B[17:0] is not pipelined. Pipelining DSP48 input will improve performance.
Related violations: <none>

DPIP-2#145 Warning
Input pipelining  
DSP gen_systolic[0].u_systolic/p_1_out__73 input gen_systolic[0].u_systolic/p_1_out__73/A[29:0] is not pipelined. Pipelining DSP48 input will improve performance.
Related violations: <none>

DPIP-2#146 Warning
Input pipelining  
DSP gen_systolic[0].u_systolic/p_1_out__73 input gen_systolic[0].u_systolic/p_1_out__73/B[17:0] is not pipelined. Pipelining DSP48 input will improve performance.
Related violations: <none>

DPIP-2#147 Warning
Input pipelining  
DSP gen_systolic[0].u_systolic/p_1_out__74 input gen_systolic[0].u_systolic/p_1_out__74/A[29:0] is not pipelined. Pipelining DSP48 input will improve performance.
Related violations: <none>

DPIP-2#148 Warning
Input pipelining  
DSP gen_systolic[0].u_systolic/p_1_out__74 input gen_systolic[0].u_systolic/p_1_out__74/B[17:0] is not pipelined. Pipelining DSP48 input will improve performance.
Related violations: <none>

DPIP-2#149 Warning
Input pipelining  
DSP gen_systolic[0].u_systolic/p_1_out__75 input gen_systolic[0].u_systolic/p_1_out__75/A[29:0] is not pipelined. Pipelining DSP48 input will improve performance.
Related violations: <none>

DPIP-2#150 Warning
Input pipelining  
DSP gen_systolic[0].u_systolic/p_1_out__75 input gen_systolic[0].u_systolic/p_1_out__75/B[17:0] is not pipelined. Pipelining DSP48 input will improve performance.
Related violations: <none>

DPIP-2#151 Warning
Input pipelining  
DSP gen_systolic[0].u_systolic/p_1_out__76 input gen_systolic[0].u_systolic/p_1_out__76/A[29:0] is not pipelined. Pipelining DSP48 input will improve performance.
Related violations: <none>

DPIP-2#152 Warning
Input pipelining  
DSP gen_systolic[0].u_systolic/p_1_out__76 input gen_systolic[0].u_systolic/p_1_out__76/B[17:0] is not pipelined. Pipelining DSP48 input will improve performance.
Related violations: <none>

DPIP-2#153 Warning
Input pipelining  
DSP gen_systolic[0].u_systolic/p_1_out__77 input gen_systolic[0].u_systolic/p_1_out__77/A[29:0] is not pipelined. Pipelining DSP48 input will improve performance.
Related violations: <none>

DPIP-2#154 Warning
Input pipelining  
DSP gen_systolic[0].u_systolic/p_1_out__77 input gen_systolic[0].u_systolic/p_1_out__77/B[17:0] is not pipelined. Pipelining DSP48 input will improve performance.
Related violations: <none>

DPIP-2#155 Warning
Input pipelining  
DSP gen_systolic[0].u_systolic/p_1_out__78 input gen_systolic[0].u_systolic/p_1_out__78/A[29:0] is not pipelined. Pipelining DSP48 input will improve performance.
Related violations: <none>

DPIP-2#156 Warning
Input pipelining  
DSP gen_systolic[0].u_systolic/p_1_out__78 input gen_systolic[0].u_systolic/p_1_out__78/B[17:0] is not pipelined. Pipelining DSP48 input will improve performance.
Related violations: <none>

DPIP-2#157 Warning
Input pipelining  
DSP gen_systolic[0].u_systolic/p_1_out__79 input gen_systolic[0].u_systolic/p_1_out__79/A[29:0] is not pipelined. Pipelining DSP48 input will improve performance.
Related violations: <none>

DPIP-2#158 Warning
Input pipelining  
DSP gen_systolic[0].u_systolic/p_1_out__79 input gen_systolic[0].u_systolic/p_1_out__79/B[17:0] is not pipelined. Pipelining DSP48 input will improve performance.
Related violations: <none>

DPIP-2#159 Warning
Input pipelining  
DSP gen_systolic[0].u_systolic/p_1_out__8 input gen_systolic[0].u_systolic/p_1_out__8/A[29:0] is not pipelined. Pipelining DSP48 input will improve performance.
Related violations: <none>

DPIP-2#160 Warning
Input pipelining  
DSP gen_systolic[0].u_systolic/p_1_out__8 input gen_systolic[0].u_systolic/p_1_out__8/B[17:0] is not pipelined. Pipelining DSP48 input will improve performance.
Related violations: <none>

DPIP-2#161 Warning
Input pipelining  
DSP gen_systolic[0].u_systolic/p_1_out__9 input gen_systolic[0].u_systolic/p_1_out__9/A[29:0] is not pipelined. Pipelining DSP48 input will improve performance.
Related violations: <none>

DPIP-2#162 Warning
Input pipelining  
DSP gen_systolic[0].u_systolic/p_1_out__9 input gen_systolic[0].u_systolic/p_1_out__9/B[17:0] is not pipelined. Pipelining DSP48 input will improve performance.
Related violations: <none>

DPIP-2#163 Warning
Input pipelining  
DSP gen_systolic[1].u_systolic/p_1_out input gen_systolic[1].u_systolic/p_1_out/A[29:0] is not pipelined. Pipelining DSP48 input will improve performance.
Related violations: <none>

DPIP-2#164 Warning
Input pipelining  
DSP gen_systolic[1].u_systolic/p_1_out input gen_systolic[1].u_systolic/p_1_out/B[17:0] is not pipelined. Pipelining DSP48 input will improve performance.
Related violations: <none>

DPIP-2#165 Warning
Input pipelining  
DSP gen_systolic[1].u_systolic/p_1_out__0 input gen_systolic[1].u_systolic/p_1_out__0/A[29:0] is not pipelined. Pipelining DSP48 input will improve performance.
Related violations: <none>

DPIP-2#166 Warning
Input pipelining  
DSP gen_systolic[1].u_systolic/p_1_out__0 input gen_systolic[1].u_systolic/p_1_out__0/B[17:0] is not pipelined. Pipelining DSP48 input will improve performance.
Related violations: <none>

DPIP-2#167 Warning
Input pipelining  
DSP gen_systolic[1].u_systolic/p_1_out__1 input gen_systolic[1].u_systolic/p_1_out__1/A[29:0] is not pipelined. Pipelining DSP48 input will improve performance.
Related violations: <none>

DPIP-2#168 Warning
Input pipelining  
DSP gen_systolic[1].u_systolic/p_1_out__1 input gen_systolic[1].u_systolic/p_1_out__1/B[17:0] is not pipelined. Pipelining DSP48 input will improve performance.
Related violations: <none>

DPIP-2#169 Warning
Input pipelining  
DSP gen_systolic[1].u_systolic/p_1_out__10 input gen_systolic[1].u_systolic/p_1_out__10/A[29:0] is not pipelined. Pipelining DSP48 input will improve performance.
Related violations: <none>

DPIP-2#170 Warning
Input pipelining  
DSP gen_systolic[1].u_systolic/p_1_out__10 input gen_systolic[1].u_systolic/p_1_out__10/B[17:0] is not pipelined. Pipelining DSP48 input will improve performance.
Related violations: <none>

DPIP-2#171 Warning
Input pipelining  
DSP gen_systolic[1].u_systolic/p_1_out__11 input gen_systolic[1].u_systolic/p_1_out__11/A[29:0] is not pipelined. Pipelining DSP48 input will improve performance.
Related violations: <none>

DPIP-2#172 Warning
Input pipelining  
DSP gen_systolic[1].u_systolic/p_1_out__11 input gen_systolic[1].u_systolic/p_1_out__11/B[17:0] is not pipelined. Pipelining DSP48 input will improve performance.
Related violations: <none>

DPIP-2#173 Warning
Input pipelining  
DSP gen_systolic[1].u_systolic/p_1_out__12 input gen_systolic[1].u_systolic/p_1_out__12/A[29:0] is not pipelined. Pipelining DSP48 input will improve performance.
Related violations: <none>

DPIP-2#174 Warning
Input pipelining  
DSP gen_systolic[1].u_systolic/p_1_out__12 input gen_systolic[1].u_systolic/p_1_out__12/B[17:0] is not pipelined. Pipelining DSP48 input will improve performance.
Related violations: <none>

DPIP-2#175 Warning
Input pipelining  
DSP gen_systolic[1].u_systolic/p_1_out__13 input gen_systolic[1].u_systolic/p_1_out__13/A[29:0] is not pipelined. Pipelining DSP48 input will improve performance.
Related violations: <none>

DPIP-2#176 Warning
Input pipelining  
DSP gen_systolic[1].u_systolic/p_1_out__13 input gen_systolic[1].u_systolic/p_1_out__13/B[17:0] is not pipelined. Pipelining DSP48 input will improve performance.
Related violations: <none>

DPIP-2#177 Warning
Input pipelining  
DSP gen_systolic[1].u_systolic/p_1_out__14 input gen_systolic[1].u_systolic/p_1_out__14/A[29:0] is not pipelined. Pipelining DSP48 input will improve performance.
Related violations: <none>

DPIP-2#178 Warning
Input pipelining  
DSP gen_systolic[1].u_systolic/p_1_out__14 input gen_systolic[1].u_systolic/p_1_out__14/B[17:0] is not pipelined. Pipelining DSP48 input will improve performance.
Related violations: <none>

DPIP-2#179 Warning
Input pipelining  
DSP gen_systolic[1].u_systolic/p_1_out__15 input gen_systolic[1].u_systolic/p_1_out__15/A[29:0] is not pipelined. Pipelining DSP48 input will improve performance.
Related violations: <none>

DPIP-2#180 Warning
Input pipelining  
DSP gen_systolic[1].u_systolic/p_1_out__15 input gen_systolic[1].u_systolic/p_1_out__15/B[17:0] is not pipelined. Pipelining DSP48 input will improve performance.
Related violations: <none>

DPIP-2#181 Warning
Input pipelining  
DSP gen_systolic[1].u_systolic/p_1_out__16 input gen_systolic[1].u_systolic/p_1_out__16/A[29:0] is not pipelined. Pipelining DSP48 input will improve performance.
Related violations: <none>

DPIP-2#182 Warning
Input pipelining  
DSP gen_systolic[1].u_systolic/p_1_out__16 input gen_systolic[1].u_systolic/p_1_out__16/B[17:0] is not pipelined. Pipelining DSP48 input will improve performance.
Related violations: <none>

DPIP-2#183 Warning
Input pipelining  
DSP gen_systolic[1].u_systolic/p_1_out__17 input gen_systolic[1].u_systolic/p_1_out__17/A[29:0] is not pipelined. Pipelining DSP48 input will improve performance.
Related violations: <none>

DPIP-2#184 Warning
Input pipelining  
DSP gen_systolic[1].u_systolic/p_1_out__17 input gen_systolic[1].u_systolic/p_1_out__17/B[17:0] is not pipelined. Pipelining DSP48 input will improve performance.
Related violations: <none>

DPIP-2#185 Warning
Input pipelining  
DSP gen_systolic[1].u_systolic/p_1_out__18 input gen_systolic[1].u_systolic/p_1_out__18/A[29:0] is not pipelined. Pipelining DSP48 input will improve performance.
Related violations: <none>

DPIP-2#186 Warning
Input pipelining  
DSP gen_systolic[1].u_systolic/p_1_out__18 input gen_systolic[1].u_systolic/p_1_out__18/B[17:0] is not pipelined. Pipelining DSP48 input will improve performance.
Related violations: <none>

DPIP-2#187 Warning
Input pipelining  
DSP gen_systolic[1].u_systolic/p_1_out__19 input gen_systolic[1].u_systolic/p_1_out__19/A[29:0] is not pipelined. Pipelining DSP48 input will improve performance.
Related violations: <none>

DPIP-2#188 Warning
Input pipelining  
DSP gen_systolic[1].u_systolic/p_1_out__19 input gen_systolic[1].u_systolic/p_1_out__19/B[17:0] is not pipelined. Pipelining DSP48 input will improve performance.
Related violations: <none>

DPIP-2#189 Warning
Input pipelining  
DSP gen_systolic[1].u_systolic/p_1_out__2 input gen_systolic[1].u_systolic/p_1_out__2/A[29:0] is not pipelined. Pipelining DSP48 input will improve performance.
Related violations: <none>

DPIP-2#190 Warning
Input pipelining  
DSP gen_systolic[1].u_systolic/p_1_out__2 input gen_systolic[1].u_systolic/p_1_out__2/B[17:0] is not pipelined. Pipelining DSP48 input will improve performance.
Related violations: <none>

DPIP-2#191 Warning
Input pipelining  
DSP gen_systolic[1].u_systolic/p_1_out__20 input gen_systolic[1].u_systolic/p_1_out__20/A[29:0] is not pipelined. Pipelining DSP48 input will improve performance.
Related violations: <none>

DPIP-2#192 Warning
Input pipelining  
DSP gen_systolic[1].u_systolic/p_1_out__20 input gen_systolic[1].u_systolic/p_1_out__20/B[17:0] is not pipelined. Pipelining DSP48 input will improve performance.
Related violations: <none>

DPIP-2#193 Warning
Input pipelining  
DSP gen_systolic[1].u_systolic/p_1_out__21 input gen_systolic[1].u_systolic/p_1_out__21/A[29:0] is not pipelined. Pipelining DSP48 input will improve performance.
Related violations: <none>

DPIP-2#194 Warning
Input pipelining  
DSP gen_systolic[1].u_systolic/p_1_out__21 input gen_systolic[1].u_systolic/p_1_out__21/B[17:0] is not pipelined. Pipelining DSP48 input will improve performance.
Related violations: <none>

DPIP-2#195 Warning
Input pipelining  
DSP gen_systolic[1].u_systolic/p_1_out__22 input gen_systolic[1].u_systolic/p_1_out__22/A[29:0] is not pipelined. Pipelining DSP48 input will improve performance.
Related violations: <none>

DPIP-2#196 Warning
Input pipelining  
DSP gen_systolic[1].u_systolic/p_1_out__22 input gen_systolic[1].u_systolic/p_1_out__22/B[17:0] is not pipelined. Pipelining DSP48 input will improve performance.
Related violations: <none>

DPIP-2#197 Warning
Input pipelining  
DSP gen_systolic[1].u_systolic/p_1_out__23 input gen_systolic[1].u_systolic/p_1_out__23/A[29:0] is not pipelined. Pipelining DSP48 input will improve performance.
Related violations: <none>

DPIP-2#198 Warning
Input pipelining  
DSP gen_systolic[1].u_systolic/p_1_out__23 input gen_systolic[1].u_systolic/p_1_out__23/B[17:0] is not pipelined. Pipelining DSP48 input will improve performance.
Related violations: <none>

DPIP-2#199 Warning
Input pipelining  
DSP gen_systolic[1].u_systolic/p_1_out__24 input gen_systolic[1].u_systolic/p_1_out__24/A[29:0] is not pipelined. Pipelining DSP48 input will improve performance.
Related violations: <none>

DPIP-2#200 Warning
Input pipelining  
DSP gen_systolic[1].u_systolic/p_1_out__24 input gen_systolic[1].u_systolic/p_1_out__24/B[17:0] is not pipelined. Pipelining DSP48 input will improve performance.
Related violations: <none>

DPIP-2#201 Warning
Input pipelining  
DSP gen_systolic[1].u_systolic/p_1_out__25 input gen_systolic[1].u_systolic/p_1_out__25/A[29:0] is not pipelined. Pipelining DSP48 input will improve performance.
Related violations: <none>

DPIP-2#202 Warning
Input pipelining  
DSP gen_systolic[1].u_systolic/p_1_out__25 input gen_systolic[1].u_systolic/p_1_out__25/B[17:0] is not pipelined. Pipelining DSP48 input will improve performance.
Related violations: <none>

DPIP-2#203 Warning
Input pipelining  
DSP gen_systolic[1].u_systolic/p_1_out__26 input gen_systolic[1].u_systolic/p_1_out__26/A[29:0] is not pipelined. Pipelining DSP48 input will improve performance.
Related violations: <none>

DPIP-2#204 Warning
Input pipelining  
DSP gen_systolic[1].u_systolic/p_1_out__26 input gen_systolic[1].u_systolic/p_1_out__26/B[17:0] is not pipelined. Pipelining DSP48 input will improve performance.
Related violations: <none>

DPIP-2#205 Warning
Input pipelining  
DSP gen_systolic[1].u_systolic/p_1_out__27 input gen_systolic[1].u_systolic/p_1_out__27/A[29:0] is not pipelined. Pipelining DSP48 input will improve performance.
Related violations: <none>

DPIP-2#206 Warning
Input pipelining  
DSP gen_systolic[1].u_systolic/p_1_out__27 input gen_systolic[1].u_systolic/p_1_out__27/B[17:0] is not pipelined. Pipelining DSP48 input will improve performance.
Related violations: <none>

DPIP-2#207 Warning
Input pipelining  
DSP gen_systolic[1].u_systolic/p_1_out__28 input gen_systolic[1].u_systolic/p_1_out__28/A[29:0] is not pipelined. Pipelining DSP48 input will improve performance.
Related violations: <none>

DPIP-2#208 Warning
Input pipelining  
DSP gen_systolic[1].u_systolic/p_1_out__28 input gen_systolic[1].u_systolic/p_1_out__28/B[17:0] is not pipelined. Pipelining DSP48 input will improve performance.
Related violations: <none>

DPIP-2#209 Warning
Input pipelining  
DSP gen_systolic[1].u_systolic/p_1_out__29 input gen_systolic[1].u_systolic/p_1_out__29/A[29:0] is not pipelined. Pipelining DSP48 input will improve performance.
Related violations: <none>

DPIP-2#210 Warning
Input pipelining  
DSP gen_systolic[1].u_systolic/p_1_out__29 input gen_systolic[1].u_systolic/p_1_out__29/B[17:0] is not pipelined. Pipelining DSP48 input will improve performance.
Related violations: <none>

DPIP-2#211 Warning
Input pipelining  
DSP gen_systolic[1].u_systolic/p_1_out__3 input gen_systolic[1].u_systolic/p_1_out__3/A[29:0] is not pipelined. Pipelining DSP48 input will improve performance.
Related violations: <none>

DPIP-2#212 Warning
Input pipelining  
DSP gen_systolic[1].u_systolic/p_1_out__3 input gen_systolic[1].u_systolic/p_1_out__3/B[17:0] is not pipelined. Pipelining DSP48 input will improve performance.
Related violations: <none>

DPIP-2#213 Warning
Input pipelining  
DSP gen_systolic[1].u_systolic/p_1_out__30 input gen_systolic[1].u_systolic/p_1_out__30/A[29:0] is not pipelined. Pipelining DSP48 input will improve performance.
Related violations: <none>

DPIP-2#214 Warning
Input pipelining  
DSP gen_systolic[1].u_systolic/p_1_out__30 input gen_systolic[1].u_systolic/p_1_out__30/B[17:0] is not pipelined. Pipelining DSP48 input will improve performance.
Related violations: <none>

DPIP-2#215 Warning
Input pipelining  
DSP gen_systolic[1].u_systolic/p_1_out__31 input gen_systolic[1].u_systolic/p_1_out__31/A[29:0] is not pipelined. Pipelining DSP48 input will improve performance.
Related violations: <none>

DPIP-2#216 Warning
Input pipelining  
DSP gen_systolic[1].u_systolic/p_1_out__31 input gen_systolic[1].u_systolic/p_1_out__31/B[17:0] is not pipelined. Pipelining DSP48 input will improve performance.
Related violations: <none>

DPIP-2#217 Warning
Input pipelining  
DSP gen_systolic[1].u_systolic/p_1_out__32 input gen_systolic[1].u_systolic/p_1_out__32/A[29:0] is not pipelined. Pipelining DSP48 input will improve performance.
Related violations: <none>

DPIP-2#218 Warning
Input pipelining  
DSP gen_systolic[1].u_systolic/p_1_out__32 input gen_systolic[1].u_systolic/p_1_out__32/B[17:0] is not pipelined. Pipelining DSP48 input will improve performance.
Related violations: <none>

DPIP-2#219 Warning
Input pipelining  
DSP gen_systolic[1].u_systolic/p_1_out__33 input gen_systolic[1].u_systolic/p_1_out__33/A[29:0] is not pipelined. Pipelining DSP48 input will improve performance.
Related violations: <none>

DPIP-2#220 Warning
Input pipelining  
DSP gen_systolic[1].u_systolic/p_1_out__33 input gen_systolic[1].u_systolic/p_1_out__33/B[17:0] is not pipelined. Pipelining DSP48 input will improve performance.
Related violations: <none>

DPIP-2#221 Warning
Input pipelining  
DSP gen_systolic[1].u_systolic/p_1_out__34 input gen_systolic[1].u_systolic/p_1_out__34/A[29:0] is not pipelined. Pipelining DSP48 input will improve performance.
Related violations: <none>

DPIP-2#222 Warning
Input pipelining  
DSP gen_systolic[1].u_systolic/p_1_out__34 input gen_systolic[1].u_systolic/p_1_out__34/B[17:0] is not pipelined. Pipelining DSP48 input will improve performance.
Related violations: <none>

DPIP-2#223 Warning
Input pipelining  
DSP gen_systolic[1].u_systolic/p_1_out__35 input gen_systolic[1].u_systolic/p_1_out__35/A[29:0] is not pipelined. Pipelining DSP48 input will improve performance.
Related violations: <none>

DPIP-2#224 Warning
Input pipelining  
DSP gen_systolic[1].u_systolic/p_1_out__35 input gen_systolic[1].u_systolic/p_1_out__35/B[17:0] is not pipelined. Pipelining DSP48 input will improve performance.
Related violations: <none>

DPIP-2#225 Warning
Input pipelining  
DSP gen_systolic[1].u_systolic/p_1_out__36 input gen_systolic[1].u_systolic/p_1_out__36/A[29:0] is not pipelined. Pipelining DSP48 input will improve performance.
Related violations: <none>

DPIP-2#226 Warning
Input pipelining  
DSP gen_systolic[1].u_systolic/p_1_out__36 input gen_systolic[1].u_systolic/p_1_out__36/B[17:0] is not pipelined. Pipelining DSP48 input will improve performance.
Related violations: <none>

DPIP-2#227 Warning
Input pipelining  
DSP gen_systolic[1].u_systolic/p_1_out__37 input gen_systolic[1].u_systolic/p_1_out__37/A[29:0] is not pipelined. Pipelining DSP48 input will improve performance.
Related violations: <none>

DPIP-2#228 Warning
Input pipelining  
DSP gen_systolic[1].u_systolic/p_1_out__37 input gen_systolic[1].u_systolic/p_1_out__37/B[17:0] is not pipelined. Pipelining DSP48 input will improve performance.
Related violations: <none>

DPIP-2#229 Warning
Input pipelining  
DSP gen_systolic[1].u_systolic/p_1_out__38 input gen_systolic[1].u_systolic/p_1_out__38/A[29:0] is not pipelined. Pipelining DSP48 input will improve performance.
Related violations: <none>

DPIP-2#230 Warning
Input pipelining  
DSP gen_systolic[1].u_systolic/p_1_out__38 input gen_systolic[1].u_systolic/p_1_out__38/B[17:0] is not pipelined. Pipelining DSP48 input will improve performance.
Related violations: <none>

DPIP-2#231 Warning
Input pipelining  
DSP gen_systolic[1].u_systolic/p_1_out__39 input gen_systolic[1].u_systolic/p_1_out__39/A[29:0] is not pipelined. Pipelining DSP48 input will improve performance.
Related violations: <none>

DPIP-2#232 Warning
Input pipelining  
DSP gen_systolic[1].u_systolic/p_1_out__39 input gen_systolic[1].u_systolic/p_1_out__39/B[17:0] is not pipelined. Pipelining DSP48 input will improve performance.
Related violations: <none>

DPIP-2#233 Warning
Input pipelining  
DSP gen_systolic[1].u_systolic/p_1_out__4 input gen_systolic[1].u_systolic/p_1_out__4/A[29:0] is not pipelined. Pipelining DSP48 input will improve performance.
Related violations: <none>

DPIP-2#234 Warning
Input pipelining  
DSP gen_systolic[1].u_systolic/p_1_out__4 input gen_systolic[1].u_systolic/p_1_out__4/B[17:0] is not pipelined. Pipelining DSP48 input will improve performance.
Related violations: <none>

DPIP-2#235 Warning
Input pipelining  
DSP gen_systolic[1].u_systolic/p_1_out__40 input gen_systolic[1].u_systolic/p_1_out__40/A[29:0] is not pipelined. Pipelining DSP48 input will improve performance.
Related violations: <none>

DPIP-2#236 Warning
Input pipelining  
DSP gen_systolic[1].u_systolic/p_1_out__40 input gen_systolic[1].u_systolic/p_1_out__40/B[17:0] is not pipelined. Pipelining DSP48 input will improve performance.
Related violations: <none>

DPIP-2#237 Warning
Input pipelining  
DSP gen_systolic[1].u_systolic/p_1_out__41 input gen_systolic[1].u_systolic/p_1_out__41/A[29:0] is not pipelined. Pipelining DSP48 input will improve performance.
Related violations: <none>

DPIP-2#238 Warning
Input pipelining  
DSP gen_systolic[1].u_systolic/p_1_out__41 input gen_systolic[1].u_systolic/p_1_out__41/B[17:0] is not pipelined. Pipelining DSP48 input will improve performance.
Related violations: <none>

DPIP-2#239 Warning
Input pipelining  
DSP gen_systolic[1].u_systolic/p_1_out__42 input gen_systolic[1].u_systolic/p_1_out__42/A[29:0] is not pipelined. Pipelining DSP48 input will improve performance.
Related violations: <none>

DPIP-2#240 Warning
Input pipelining  
DSP gen_systolic[1].u_systolic/p_1_out__42 input gen_systolic[1].u_systolic/p_1_out__42/B[17:0] is not pipelined. Pipelining DSP48 input will improve performance.
Related violations: <none>

DPIP-2#241 Warning
Input pipelining  
DSP gen_systolic[1].u_systolic/p_1_out__43 input gen_systolic[1].u_systolic/p_1_out__43/A[29:0] is not pipelined. Pipelining DSP48 input will improve performance.
Related violations: <none>

DPIP-2#242 Warning
Input pipelining  
DSP gen_systolic[1].u_systolic/p_1_out__43 input gen_systolic[1].u_systolic/p_1_out__43/B[17:0] is not pipelined. Pipelining DSP48 input will improve performance.
Related violations: <none>

DPIP-2#243 Warning
Input pipelining  
DSP gen_systolic[1].u_systolic/p_1_out__44 input gen_systolic[1].u_systolic/p_1_out__44/A[29:0] is not pipelined. Pipelining DSP48 input will improve performance.
Related violations: <none>

DPIP-2#244 Warning
Input pipelining  
DSP gen_systolic[1].u_systolic/p_1_out__44 input gen_systolic[1].u_systolic/p_1_out__44/B[17:0] is not pipelined. Pipelining DSP48 input will improve performance.
Related violations: <none>

DPIP-2#245 Warning
Input pipelining  
DSP gen_systolic[1].u_systolic/p_1_out__45 input gen_systolic[1].u_systolic/p_1_out__45/A[29:0] is not pipelined. Pipelining DSP48 input will improve performance.
Related violations: <none>

DPIP-2#246 Warning
Input pipelining  
DSP gen_systolic[1].u_systolic/p_1_out__45 input gen_systolic[1].u_systolic/p_1_out__45/B[17:0] is not pipelined. Pipelining DSP48 input will improve performance.
Related violations: <none>

DPIP-2#247 Warning
Input pipelining  
DSP gen_systolic[1].u_systolic/p_1_out__46 input gen_systolic[1].u_systolic/p_1_out__46/A[29:0] is not pipelined. Pipelining DSP48 input will improve performance.
Related violations: <none>

DPIP-2#248 Warning
Input pipelining  
DSP gen_systolic[1].u_systolic/p_1_out__46 input gen_systolic[1].u_systolic/p_1_out__46/B[17:0] is not pipelined. Pipelining DSP48 input will improve performance.
Related violations: <none>

DPIP-2#249 Warning
Input pipelining  
DSP gen_systolic[1].u_systolic/p_1_out__47 input gen_systolic[1].u_systolic/p_1_out__47/A[29:0] is not pipelined. Pipelining DSP48 input will improve performance.
Related violations: <none>

DPIP-2#250 Warning
Input pipelining  
DSP gen_systolic[1].u_systolic/p_1_out__47 input gen_systolic[1].u_systolic/p_1_out__47/B[17:0] is not pipelined. Pipelining DSP48 input will improve performance.
Related violations: <none>

DPIP-2#251 Warning
Input pipelining  
DSP gen_systolic[1].u_systolic/p_1_out__48 input gen_systolic[1].u_systolic/p_1_out__48/A[29:0] is not pipelined. Pipelining DSP48 input will improve performance.
Related violations: <none>

DPIP-2#252 Warning
Input pipelining  
DSP gen_systolic[1].u_systolic/p_1_out__48 input gen_systolic[1].u_systolic/p_1_out__48/B[17:0] is not pipelined. Pipelining DSP48 input will improve performance.
Related violations: <none>

DPIP-2#253 Warning
Input pipelining  
DSP gen_systolic[1].u_systolic/p_1_out__49 input gen_systolic[1].u_systolic/p_1_out__49/A[29:0] is not pipelined. Pipelining DSP48 input will improve performance.
Related violations: <none>

DPIP-2#254 Warning
Input pipelining  
DSP gen_systolic[1].u_systolic/p_1_out__49 input gen_systolic[1].u_systolic/p_1_out__49/B[17:0] is not pipelined. Pipelining DSP48 input will improve performance.
Related violations: <none>

DPIP-2#255 Warning
Input pipelining  
DSP gen_systolic[1].u_systolic/p_1_out__5 input gen_systolic[1].u_systolic/p_1_out__5/A[29:0] is not pipelined. Pipelining DSP48 input will improve performance.
Related violations: <none>

DPIP-2#256 Warning
Input pipelining  
DSP gen_systolic[1].u_systolic/p_1_out__5 input gen_systolic[1].u_systolic/p_1_out__5/B[17:0] is not pipelined. Pipelining DSP48 input will improve performance.
Related violations: <none>

DPIP-2#257 Warning
Input pipelining  
DSP gen_systolic[1].u_systolic/p_1_out__50 input gen_systolic[1].u_systolic/p_1_out__50/A[29:0] is not pipelined. Pipelining DSP48 input will improve performance.
Related violations: <none>

DPIP-2#258 Warning
Input pipelining  
DSP gen_systolic[1].u_systolic/p_1_out__50 input gen_systolic[1].u_systolic/p_1_out__50/B[17:0] is not pipelined. Pipelining DSP48 input will improve performance.
Related violations: <none>

DPIP-2#259 Warning
Input pipelining  
DSP gen_systolic[1].u_systolic/p_1_out__51 input gen_systolic[1].u_systolic/p_1_out__51/A[29:0] is not pipelined. Pipelining DSP48 input will improve performance.
Related violations: <none>

DPIP-2#260 Warning
Input pipelining  
DSP gen_systolic[1].u_systolic/p_1_out__51 input gen_systolic[1].u_systolic/p_1_out__51/B[17:0] is not pipelined. Pipelining DSP48 input will improve performance.
Related violations: <none>

DPIP-2#261 Warning
Input pipelining  
DSP gen_systolic[1].u_systolic/p_1_out__52 input gen_systolic[1].u_systolic/p_1_out__52/A[29:0] is not pipelined. Pipelining DSP48 input will improve performance.
Related violations: <none>

DPIP-2#262 Warning
Input pipelining  
DSP gen_systolic[1].u_systolic/p_1_out__52 input gen_systolic[1].u_systolic/p_1_out__52/B[17:0] is not pipelined. Pipelining DSP48 input will improve performance.
Related violations: <none>

DPIP-2#263 Warning
Input pipelining  
DSP gen_systolic[1].u_systolic/p_1_out__53 input gen_systolic[1].u_systolic/p_1_out__53/A[29:0] is not pipelined. Pipelining DSP48 input will improve performance.
Related violations: <none>

DPIP-2#264 Warning
Input pipelining  
DSP gen_systolic[1].u_systolic/p_1_out__53 input gen_systolic[1].u_systolic/p_1_out__53/B[17:0] is not pipelined. Pipelining DSP48 input will improve performance.
Related violations: <none>

DPIP-2#265 Warning
Input pipelining  
DSP gen_systolic[1].u_systolic/p_1_out__54 input gen_systolic[1].u_systolic/p_1_out__54/A[29:0] is not pipelined. Pipelining DSP48 input will improve performance.
Related violations: <none>

DPIP-2#266 Warning
Input pipelining  
DSP gen_systolic[1].u_systolic/p_1_out__54 input gen_systolic[1].u_systolic/p_1_out__54/B[17:0] is not pipelined. Pipelining DSP48 input will improve performance.
Related violations: <none>

DPIP-2#267 Warning
Input pipelining  
DSP gen_systolic[1].u_systolic/p_1_out__55 input gen_systolic[1].u_systolic/p_1_out__55/A[29:0] is not pipelined. Pipelining DSP48 input will improve performance.
Related violations: <none>

DPIP-2#268 Warning
Input pipelining  
DSP gen_systolic[1].u_systolic/p_1_out__55 input gen_systolic[1].u_systolic/p_1_out__55/B[17:0] is not pipelined. Pipelining DSP48 input will improve performance.
Related violations: <none>

DPIP-2#269 Warning
Input pipelining  
DSP gen_systolic[1].u_systolic/p_1_out__56 input gen_systolic[1].u_systolic/p_1_out__56/A[29:0] is not pipelined. Pipelining DSP48 input will improve performance.
Related violations: <none>

DPIP-2#270 Warning
Input pipelining  
DSP gen_systolic[1].u_systolic/p_1_out__56 input gen_systolic[1].u_systolic/p_1_out__56/B[17:0] is not pipelined. Pipelining DSP48 input will improve performance.
Related violations: <none>

DPIP-2#271 Warning
Input pipelining  
DSP gen_systolic[1].u_systolic/p_1_out__57 input gen_systolic[1].u_systolic/p_1_out__57/A[29:0] is not pipelined. Pipelining DSP48 input will improve performance.
Related violations: <none>

DPIP-2#272 Warning
Input pipelining  
DSP gen_systolic[1].u_systolic/p_1_out__57 input gen_systolic[1].u_systolic/p_1_out__57/B[17:0] is not pipelined. Pipelining DSP48 input will improve performance.
Related violations: <none>

DPIP-2#273 Warning
Input pipelining  
DSP gen_systolic[1].u_systolic/p_1_out__58 input gen_systolic[1].u_systolic/p_1_out__58/A[29:0] is not pipelined. Pipelining DSP48 input will improve performance.
Related violations: <none>

DPIP-2#274 Warning
Input pipelining  
DSP gen_systolic[1].u_systolic/p_1_out__58 input gen_systolic[1].u_systolic/p_1_out__58/B[17:0] is not pipelined. Pipelining DSP48 input will improve performance.
Related violations: <none>

DPIP-2#275 Warning
Input pipelining  
DSP gen_systolic[1].u_systolic/p_1_out__59 input gen_systolic[1].u_systolic/p_1_out__59/A[29:0] is not pipelined. Pipelining DSP48 input will improve performance.
Related violations: <none>

DPIP-2#276 Warning
Input pipelining  
DSP gen_systolic[1].u_systolic/p_1_out__59 input gen_systolic[1].u_systolic/p_1_out__59/B[17:0] is not pipelined. Pipelining DSP48 input will improve performance.
Related violations: <none>

DPIP-2#277 Warning
Input pipelining  
DSP gen_systolic[1].u_systolic/p_1_out__6 input gen_systolic[1].u_systolic/p_1_out__6/A[29:0] is not pipelined. Pipelining DSP48 input will improve performance.
Related violations: <none>

DPIP-2#278 Warning
Input pipelining  
DSP gen_systolic[1].u_systolic/p_1_out__6 input gen_systolic[1].u_systolic/p_1_out__6/B[17:0] is not pipelined. Pipelining DSP48 input will improve performance.
Related violations: <none>

DPIP-2#279 Warning
Input pipelining  
DSP gen_systolic[1].u_systolic/p_1_out__60 input gen_systolic[1].u_systolic/p_1_out__60/A[29:0] is not pipelined. Pipelining DSP48 input will improve performance.
Related violations: <none>

DPIP-2#280 Warning
Input pipelining  
DSP gen_systolic[1].u_systolic/p_1_out__60 input gen_systolic[1].u_systolic/p_1_out__60/B[17:0] is not pipelined. Pipelining DSP48 input will improve performance.
Related violations: <none>

DPIP-2#281 Warning
Input pipelining  
DSP gen_systolic[1].u_systolic/p_1_out__61 input gen_systolic[1].u_systolic/p_1_out__61/A[29:0] is not pipelined. Pipelining DSP48 input will improve performance.
Related violations: <none>

DPIP-2#282 Warning
Input pipelining  
DSP gen_systolic[1].u_systolic/p_1_out__61 input gen_systolic[1].u_systolic/p_1_out__61/B[17:0] is not pipelined. Pipelining DSP48 input will improve performance.
Related violations: <none>

DPIP-2#283 Warning
Input pipelining  
DSP gen_systolic[1].u_systolic/p_1_out__62 input gen_systolic[1].u_systolic/p_1_out__62/A[29:0] is not pipelined. Pipelining DSP48 input will improve performance.
Related violations: <none>

DPIP-2#284 Warning
Input pipelining  
DSP gen_systolic[1].u_systolic/p_1_out__62 input gen_systolic[1].u_systolic/p_1_out__62/B[17:0] is not pipelined. Pipelining DSP48 input will improve performance.
Related violations: <none>

DPIP-2#285 Warning
Input pipelining  
DSP gen_systolic[1].u_systolic/p_1_out__63 input gen_systolic[1].u_systolic/p_1_out__63/A[29:0] is not pipelined. Pipelining DSP48 input will improve performance.
Related violations: <none>

DPIP-2#286 Warning
Input pipelining  
DSP gen_systolic[1].u_systolic/p_1_out__63 input gen_systolic[1].u_systolic/p_1_out__63/B[17:0] is not pipelined. Pipelining DSP48 input will improve performance.
Related violations: <none>

DPIP-2#287 Warning
Input pipelining  
DSP gen_systolic[1].u_systolic/p_1_out__64 input gen_systolic[1].u_systolic/p_1_out__64/A[29:0] is not pipelined. Pipelining DSP48 input will improve performance.
Related violations: <none>

DPIP-2#288 Warning
Input pipelining  
DSP gen_systolic[1].u_systolic/p_1_out__64 input gen_systolic[1].u_systolic/p_1_out__64/B[17:0] is not pipelined. Pipelining DSP48 input will improve performance.
Related violations: <none>

DPIP-2#289 Warning
Input pipelining  
DSP gen_systolic[1].u_systolic/p_1_out__65 input gen_systolic[1].u_systolic/p_1_out__65/A[29:0] is not pipelined. Pipelining DSP48 input will improve performance.
Related violations: <none>

DPIP-2#290 Warning
Input pipelining  
DSP gen_systolic[1].u_systolic/p_1_out__65 input gen_systolic[1].u_systolic/p_1_out__65/B[17:0] is not pipelined. Pipelining DSP48 input will improve performance.
Related violations: <none>

DPIP-2#291 Warning
Input pipelining  
DSP gen_systolic[1].u_systolic/p_1_out__66 input gen_systolic[1].u_systolic/p_1_out__66/A[29:0] is not pipelined. Pipelining DSP48 input will improve performance.
Related violations: <none>

DPIP-2#292 Warning
Input pipelining  
DSP gen_systolic[1].u_systolic/p_1_out__66 input gen_systolic[1].u_systolic/p_1_out__66/B[17:0] is not pipelined. Pipelining DSP48 input will improve performance.
Related violations: <none>

DPIP-2#293 Warning
Input pipelining  
DSP gen_systolic[1].u_systolic/p_1_out__67 input gen_systolic[1].u_systolic/p_1_out__67/A[29:0] is not pipelined. Pipelining DSP48 input will improve performance.
Related violations: <none>

DPIP-2#294 Warning
Input pipelining  
DSP gen_systolic[1].u_systolic/p_1_out__67 input gen_systolic[1].u_systolic/p_1_out__67/B[17:0] is not pipelined. Pipelining DSP48 input will improve performance.
Related violations: <none>

DPIP-2#295 Warning
Input pipelining  
DSP gen_systolic[1].u_systolic/p_1_out__68 input gen_systolic[1].u_systolic/p_1_out__68/A[29:0] is not pipelined. Pipelining DSP48 input will improve performance.
Related violations: <none>

DPIP-2#296 Warning
Input pipelining  
DSP gen_systolic[1].u_systolic/p_1_out__68 input gen_systolic[1].u_systolic/p_1_out__68/B[17:0] is not pipelined. Pipelining DSP48 input will improve performance.
Related violations: <none>

DPIP-2#297 Warning
Input pipelining  
DSP gen_systolic[1].u_systolic/p_1_out__69 input gen_systolic[1].u_systolic/p_1_out__69/A[29:0] is not pipelined. Pipelining DSP48 input will improve performance.
Related violations: <none>

DPIP-2#298 Warning
Input pipelining  
DSP gen_systolic[1].u_systolic/p_1_out__69 input gen_systolic[1].u_systolic/p_1_out__69/B[17:0] is not pipelined. Pipelining DSP48 input will improve performance.
Related violations: <none>

DPIP-2#299 Warning
Input pipelining  
DSP gen_systolic[1].u_systolic/p_1_out__7 input gen_systolic[1].u_systolic/p_1_out__7/A[29:0] is not pipelined. Pipelining DSP48 input will improve performance.
Related violations: <none>

DPIP-2#300 Warning
Input pipelining  
DSP gen_systolic[1].u_systolic/p_1_out__7 input gen_systolic[1].u_systolic/p_1_out__7/B[17:0] is not pipelined. Pipelining DSP48 input will improve performance.
Related violations: <none>

DPIP-2#301 Warning
Input pipelining  
DSP gen_systolic[1].u_systolic/p_1_out__70 input gen_systolic[1].u_systolic/p_1_out__70/A[29:0] is not pipelined. Pipelining DSP48 input will improve performance.
Related violations: <none>

DPIP-2#302 Warning
Input pipelining  
DSP gen_systolic[1].u_systolic/p_1_out__70 input gen_systolic[1].u_systolic/p_1_out__70/B[17:0] is not pipelined. Pipelining DSP48 input will improve performance.
Related violations: <none>

DPIP-2#303 Warning
Input pipelining  
DSP gen_systolic[1].u_systolic/p_1_out__71 input gen_systolic[1].u_systolic/p_1_out__71/A[29:0] is not pipelined. Pipelining DSP48 input will improve performance.
Related violations: <none>

DPIP-2#304 Warning
Input pipelining  
DSP gen_systolic[1].u_systolic/p_1_out__71 input gen_systolic[1].u_systolic/p_1_out__71/B[17:0] is not pipelined. Pipelining DSP48 input will improve performance.
Related violations: <none>

DPIP-2#305 Warning
Input pipelining  
DSP gen_systolic[1].u_systolic/p_1_out__72 input gen_systolic[1].u_systolic/p_1_out__72/A[29:0] is not pipelined. Pipelining DSP48 input will improve performance.
Related violations: <none>

DPIP-2#306 Warning
Input pipelining  
DSP gen_systolic[1].u_systolic/p_1_out__72 input gen_systolic[1].u_systolic/p_1_out__72/B[17:0] is not pipelined. Pipelining DSP48 input will improve performance.
Related violations: <none>

DPIP-2#307 Warning
Input pipelining  
DSP gen_systolic[1].u_systolic/p_1_out__73 input gen_systolic[1].u_systolic/p_1_out__73/A[29:0] is not pipelined. Pipelining DSP48 input will improve performance.
Related violations: <none>

DPIP-2#308 Warning
Input pipelining  
DSP gen_systolic[1].u_systolic/p_1_out__73 input gen_systolic[1].u_systolic/p_1_out__73/B[17:0] is not pipelined. Pipelining DSP48 input will improve performance.
Related violations: <none>

DPIP-2#309 Warning
Input pipelining  
DSP gen_systolic[1].u_systolic/p_1_out__74 input gen_systolic[1].u_systolic/p_1_out__74/A[29:0] is not pipelined. Pipelining DSP48 input will improve performance.
Related violations: <none>

DPIP-2#310 Warning
Input pipelining  
DSP gen_systolic[1].u_systolic/p_1_out__74 input gen_systolic[1].u_systolic/p_1_out__74/B[17:0] is not pipelined. Pipelining DSP48 input will improve performance.
Related violations: <none>

DPIP-2#311 Warning
Input pipelining  
DSP gen_systolic[1].u_systolic/p_1_out__75 input gen_systolic[1].u_systolic/p_1_out__75/A[29:0] is not pipelined. Pipelining DSP48 input will improve performance.
Related violations: <none>

DPIP-2#312 Warning
Input pipelining  
DSP gen_systolic[1].u_systolic/p_1_out__75 input gen_systolic[1].u_systolic/p_1_out__75/B[17:0] is not pipelined. Pipelining DSP48 input will improve performance.
Related violations: <none>

DPIP-2#313 Warning
Input pipelining  
DSP gen_systolic[1].u_systolic/p_1_out__76 input gen_systolic[1].u_systolic/p_1_out__76/A[29:0] is not pipelined. Pipelining DSP48 input will improve performance.
Related violations: <none>

DPIP-2#314 Warning
Input pipelining  
DSP gen_systolic[1].u_systolic/p_1_out__76 input gen_systolic[1].u_systolic/p_1_out__76/B[17:0] is not pipelined. Pipelining DSP48 input will improve performance.
Related violations: <none>

DPIP-2#315 Warning
Input pipelining  
DSP gen_systolic[1].u_systolic/p_1_out__77 input gen_systolic[1].u_systolic/p_1_out__77/A[29:0] is not pipelined. Pipelining DSP48 input will improve performance.
Related violations: <none>

DPIP-2#316 Warning
Input pipelining  
DSP gen_systolic[1].u_systolic/p_1_out__77 input gen_systolic[1].u_systolic/p_1_out__77/B[17:0] is not pipelined. Pipelining DSP48 input will improve performance.
Related violations: <none>

DPIP-2#317 Warning
Input pipelining  
DSP gen_systolic[1].u_systolic/p_1_out__78 input gen_systolic[1].u_systolic/p_1_out__78/A[29:0] is not pipelined. Pipelining DSP48 input will improve performance.
Related violations: <none>

DPIP-2#318 Warning
Input pipelining  
DSP gen_systolic[1].u_systolic/p_1_out__78 input gen_systolic[1].u_systolic/p_1_out__78/B[17:0] is not pipelined. Pipelining DSP48 input will improve performance.
Related violations: <none>

DPIP-2#319 Warning
Input pipelining  
DSP gen_systolic[1].u_systolic/p_1_out__79 input gen_systolic[1].u_systolic/p_1_out__79/A[29:0] is not pipelined. Pipelining DSP48 input will improve performance.
Related violations: <none>

DPIP-2#320 Warning
Input pipelining  
DSP gen_systolic[1].u_systolic/p_1_out__79 input gen_systolic[1].u_systolic/p_1_out__79/B[17:0] is not pipelined. Pipelining DSP48 input will improve performance.
Related violations: <none>

DPIP-2#321 Warning
Input pipelining  
DSP gen_systolic[1].u_systolic/p_1_out__8 input gen_systolic[1].u_systolic/p_1_out__8/A[29:0] is not pipelined. Pipelining DSP48 input will improve performance.
Related violations: <none>

DPIP-2#322 Warning
Input pipelining  
DSP gen_systolic[1].u_systolic/p_1_out__8 input gen_systolic[1].u_systolic/p_1_out__8/B[17:0] is not pipelined. Pipelining DSP48 input will improve performance.
Related violations: <none>

DPIP-2#323 Warning
Input pipelining  
DSP gen_systolic[1].u_systolic/p_1_out__9 input gen_systolic[1].u_systolic/p_1_out__9/A[29:0] is not pipelined. Pipelining DSP48 input will improve performance.
Related violations: <none>

DPIP-2#324 Warning
Input pipelining  
DSP gen_systolic[1].u_systolic/p_1_out__9 input gen_systolic[1].u_systolic/p_1_out__9/B[17:0] is not pipelined. Pipelining DSP48 input will improve performance.
Related violations: <none>

DPIP-2#325 Warning
Input pipelining  
DSP gen_systolic[2].u_systolic/p_1_out input gen_systolic[2].u_systolic/p_1_out/A[29:0] is not pipelined. Pipelining DSP48 input will improve performance.
Related violations: <none>

DPIP-2#326 Warning
Input pipelining  
DSP gen_systolic[2].u_systolic/p_1_out input gen_systolic[2].u_systolic/p_1_out/B[17:0] is not pipelined. Pipelining DSP48 input will improve performance.
Related violations: <none>

DPIP-2#327 Warning
Input pipelining  
DSP gen_systolic[2].u_systolic/p_1_out__0 input gen_systolic[2].u_systolic/p_1_out__0/A[29:0] is not pipelined. Pipelining DSP48 input will improve performance.
Related violations: <none>

DPIP-2#328 Warning
Input pipelining  
DSP gen_systolic[2].u_systolic/p_1_out__0 input gen_systolic[2].u_systolic/p_1_out__0/B[17:0] is not pipelined. Pipelining DSP48 input will improve performance.
Related violations: <none>

DPIP-2#329 Warning
Input pipelining  
DSP gen_systolic[2].u_systolic/p_1_out__1 input gen_systolic[2].u_systolic/p_1_out__1/A[29:0] is not pipelined. Pipelining DSP48 input will improve performance.
Related violations: <none>

DPIP-2#330 Warning
Input pipelining  
DSP gen_systolic[2].u_systolic/p_1_out__1 input gen_systolic[2].u_systolic/p_1_out__1/B[17:0] is not pipelined. Pipelining DSP48 input will improve performance.
Related violations: <none>

DPIP-2#331 Warning
Input pipelining  
DSP gen_systolic[2].u_systolic/p_1_out__10 input gen_systolic[2].u_systolic/p_1_out__10/A[29:0] is not pipelined. Pipelining DSP48 input will improve performance.
Related violations: <none>

DPIP-2#332 Warning
Input pipelining  
DSP gen_systolic[2].u_systolic/p_1_out__10 input gen_systolic[2].u_systolic/p_1_out__10/B[17:0] is not pipelined. Pipelining DSP48 input will improve performance.
Related violations: <none>

DPIP-2#333 Warning
Input pipelining  
DSP gen_systolic[2].u_systolic/p_1_out__11 input gen_systolic[2].u_systolic/p_1_out__11/A[29:0] is not pipelined. Pipelining DSP48 input will improve performance.
Related violations: <none>

DPIP-2#334 Warning
Input pipelining  
DSP gen_systolic[2].u_systolic/p_1_out__11 input gen_systolic[2].u_systolic/p_1_out__11/B[17:0] is not pipelined. Pipelining DSP48 input will improve performance.
Related violations: <none>

DPIP-2#335 Warning
Input pipelining  
DSP gen_systolic[2].u_systolic/p_1_out__12 input gen_systolic[2].u_systolic/p_1_out__12/A[29:0] is not pipelined. Pipelining DSP48 input will improve performance.
Related violations: <none>

DPIP-2#336 Warning
Input pipelining  
DSP gen_systolic[2].u_systolic/p_1_out__12 input gen_systolic[2].u_systolic/p_1_out__12/B[17:0] is not pipelined. Pipelining DSP48 input will improve performance.
Related violations: <none>

DPIP-2#337 Warning
Input pipelining  
DSP gen_systolic[2].u_systolic/p_1_out__13 input gen_systolic[2].u_systolic/p_1_out__13/A[29:0] is not pipelined. Pipelining DSP48 input will improve performance.
Related violations: <none>

DPIP-2#338 Warning
Input pipelining  
DSP gen_systolic[2].u_systolic/p_1_out__13 input gen_systolic[2].u_systolic/p_1_out__13/B[17:0] is not pipelined. Pipelining DSP48 input will improve performance.
Related violations: <none>

DPIP-2#339 Warning
Input pipelining  
DSP gen_systolic[2].u_systolic/p_1_out__14 input gen_systolic[2].u_systolic/p_1_out__14/A[29:0] is not pipelined. Pipelining DSP48 input will improve performance.
Related violations: <none>

DPIP-2#340 Warning
Input pipelining  
DSP gen_systolic[2].u_systolic/p_1_out__14 input gen_systolic[2].u_systolic/p_1_out__14/B[17:0] is not pipelined. Pipelining DSP48 input will improve performance.
Related violations: <none>

DPIP-2#341 Warning
Input pipelining  
DSP gen_systolic[2].u_systolic/p_1_out__15 input gen_systolic[2].u_systolic/p_1_out__15/A[29:0] is not pipelined. Pipelining DSP48 input will improve performance.
Related violations: <none>

DPIP-2#342 Warning
Input pipelining  
DSP gen_systolic[2].u_systolic/p_1_out__15 input gen_systolic[2].u_systolic/p_1_out__15/B[17:0] is not pipelined. Pipelining DSP48 input will improve performance.
Related violations: <none>

DPIP-2#343 Warning
Input pipelining  
DSP gen_systolic[2].u_systolic/p_1_out__16 input gen_systolic[2].u_systolic/p_1_out__16/A[29:0] is not pipelined. Pipelining DSP48 input will improve performance.
Related violations: <none>

DPIP-2#344 Warning
Input pipelining  
DSP gen_systolic[2].u_systolic/p_1_out__16 input gen_systolic[2].u_systolic/p_1_out__16/B[17:0] is not pipelined. Pipelining DSP48 input will improve performance.
Related violations: <none>

DPIP-2#345 Warning
Input pipelining  
DSP gen_systolic[2].u_systolic/p_1_out__17 input gen_systolic[2].u_systolic/p_1_out__17/A[29:0] is not pipelined. Pipelining DSP48 input will improve performance.
Related violations: <none>

DPIP-2#346 Warning
Input pipelining  
DSP gen_systolic[2].u_systolic/p_1_out__17 input gen_systolic[2].u_systolic/p_1_out__17/B[17:0] is not pipelined. Pipelining DSP48 input will improve performance.
Related violations: <none>

DPIP-2#347 Warning
Input pipelining  
DSP gen_systolic[2].u_systolic/p_1_out__18 input gen_systolic[2].u_systolic/p_1_out__18/A[29:0] is not pipelined. Pipelining DSP48 input will improve performance.
Related violations: <none>

DPIP-2#348 Warning
Input pipelining  
DSP gen_systolic[2].u_systolic/p_1_out__18 input gen_systolic[2].u_systolic/p_1_out__18/B[17:0] is not pipelined. Pipelining DSP48 input will improve performance.
Related violations: <none>

DPIP-2#349 Warning
Input pipelining  
DSP gen_systolic[2].u_systolic/p_1_out__19 input gen_systolic[2].u_systolic/p_1_out__19/A[29:0] is not pipelined. Pipelining DSP48 input will improve performance.
Related violations: <none>

DPIP-2#350 Warning
Input pipelining  
DSP gen_systolic[2].u_systolic/p_1_out__19 input gen_systolic[2].u_systolic/p_1_out__19/B[17:0] is not pipelined. Pipelining DSP48 input will improve performance.
Related violations: <none>

DPIP-2#351 Warning
Input pipelining  
DSP gen_systolic[2].u_systolic/p_1_out__2 input gen_systolic[2].u_systolic/p_1_out__2/A[29:0] is not pipelined. Pipelining DSP48 input will improve performance.
Related violations: <none>

DPIP-2#352 Warning
Input pipelining  
DSP gen_systolic[2].u_systolic/p_1_out__2 input gen_systolic[2].u_systolic/p_1_out__2/B[17:0] is not pipelined. Pipelining DSP48 input will improve performance.
Related violations: <none>

DPIP-2#353 Warning
Input pipelining  
DSP gen_systolic[2].u_systolic/p_1_out__20 input gen_systolic[2].u_systolic/p_1_out__20/A[29:0] is not pipelined. Pipelining DSP48 input will improve performance.
Related violations: <none>

DPIP-2#354 Warning
Input pipelining  
DSP gen_systolic[2].u_systolic/p_1_out__20 input gen_systolic[2].u_systolic/p_1_out__20/B[17:0] is not pipelined. Pipelining DSP48 input will improve performance.
Related violations: <none>

DPIP-2#355 Warning
Input pipelining  
DSP gen_systolic[2].u_systolic/p_1_out__21 input gen_systolic[2].u_systolic/p_1_out__21/A[29:0] is not pipelined. Pipelining DSP48 input will improve performance.
Related violations: <none>

DPIP-2#356 Warning
Input pipelining  
DSP gen_systolic[2].u_systolic/p_1_out__21 input gen_systolic[2].u_systolic/p_1_out__21/B[17:0] is not pipelined. Pipelining DSP48 input will improve performance.
Related violations: <none>

DPIP-2#357 Warning
Input pipelining  
DSP gen_systolic[2].u_systolic/p_1_out__22 input gen_systolic[2].u_systolic/p_1_out__22/A[29:0] is not pipelined. Pipelining DSP48 input will improve performance.
Related violations: <none>

DPIP-2#358 Warning
Input pipelining  
DSP gen_systolic[2].u_systolic/p_1_out__22 input gen_systolic[2].u_systolic/p_1_out__22/B[17:0] is not pipelined. Pipelining DSP48 input will improve performance.
Related violations: <none>

DPIP-2#359 Warning
Input pipelining  
DSP gen_systolic[2].u_systolic/p_1_out__23 input gen_systolic[2].u_systolic/p_1_out__23/A[29:0] is not pipelined. Pipelining DSP48 input will improve performance.
Related violations: <none>

DPIP-2#360 Warning
Input pipelining  
DSP gen_systolic[2].u_systolic/p_1_out__23 input gen_systolic[2].u_systolic/p_1_out__23/B[17:0] is not pipelined. Pipelining DSP48 input will improve performance.
Related violations: <none>

DPIP-2#361 Warning
Input pipelining  
DSP gen_systolic[2].u_systolic/p_1_out__24 input gen_systolic[2].u_systolic/p_1_out__24/A[29:0] is not pipelined. Pipelining DSP48 input will improve performance.
Related violations: <none>

DPIP-2#362 Warning
Input pipelining  
DSP gen_systolic[2].u_systolic/p_1_out__24 input gen_systolic[2].u_systolic/p_1_out__24/B[17:0] is not pipelined. Pipelining DSP48 input will improve performance.
Related violations: <none>

DPIP-2#363 Warning
Input pipelining  
DSP gen_systolic[2].u_systolic/p_1_out__25 input gen_systolic[2].u_systolic/p_1_out__25/A[29:0] is not pipelined. Pipelining DSP48 input will improve performance.
Related violations: <none>

DPIP-2#364 Warning
Input pipelining  
DSP gen_systolic[2].u_systolic/p_1_out__25 input gen_systolic[2].u_systolic/p_1_out__25/B[17:0] is not pipelined. Pipelining DSP48 input will improve performance.
Related violations: <none>

DPIP-2#365 Warning
Input pipelining  
DSP gen_systolic[2].u_systolic/p_1_out__26 input gen_systolic[2].u_systolic/p_1_out__26/A[29:0] is not pipelined. Pipelining DSP48 input will improve performance.
Related violations: <none>

DPIP-2#366 Warning
Input pipelining  
DSP gen_systolic[2].u_systolic/p_1_out__26 input gen_systolic[2].u_systolic/p_1_out__26/B[17:0] is not pipelined. Pipelining DSP48 input will improve performance.
Related violations: <none>

DPIP-2#367 Warning
Input pipelining  
DSP gen_systolic[2].u_systolic/p_1_out__27 input gen_systolic[2].u_systolic/p_1_out__27/A[29:0] is not pipelined. Pipelining DSP48 input will improve performance.
Related violations: <none>

DPIP-2#368 Warning
Input pipelining  
DSP gen_systolic[2].u_systolic/p_1_out__27 input gen_systolic[2].u_systolic/p_1_out__27/B[17:0] is not pipelined. Pipelining DSP48 input will improve performance.
Related violations: <none>

DPIP-2#369 Warning
Input pipelining  
DSP gen_systolic[2].u_systolic/p_1_out__28 input gen_systolic[2].u_systolic/p_1_out__28/A[29:0] is not pipelined. Pipelining DSP48 input will improve performance.
Related violations: <none>

DPIP-2#370 Warning
Input pipelining  
DSP gen_systolic[2].u_systolic/p_1_out__28 input gen_systolic[2].u_systolic/p_1_out__28/B[17:0] is not pipelined. Pipelining DSP48 input will improve performance.
Related violations: <none>

DPIP-2#371 Warning
Input pipelining  
DSP gen_systolic[2].u_systolic/p_1_out__29 input gen_systolic[2].u_systolic/p_1_out__29/A[29:0] is not pipelined. Pipelining DSP48 input will improve performance.
Related violations: <none>

DPIP-2#372 Warning
Input pipelining  
DSP gen_systolic[2].u_systolic/p_1_out__29 input gen_systolic[2].u_systolic/p_1_out__29/B[17:0] is not pipelined. Pipelining DSP48 input will improve performance.
Related violations: <none>

DPIP-2#373 Warning
Input pipelining  
DSP gen_systolic[2].u_systolic/p_1_out__3 input gen_systolic[2].u_systolic/p_1_out__3/A[29:0] is not pipelined. Pipelining DSP48 input will improve performance.
Related violations: <none>

DPIP-2#374 Warning
Input pipelining  
DSP gen_systolic[2].u_systolic/p_1_out__3 input gen_systolic[2].u_systolic/p_1_out__3/B[17:0] is not pipelined. Pipelining DSP48 input will improve performance.
Related violations: <none>

DPIP-2#375 Warning
Input pipelining  
DSP gen_systolic[2].u_systolic/p_1_out__30 input gen_systolic[2].u_systolic/p_1_out__30/A[29:0] is not pipelined. Pipelining DSP48 input will improve performance.
Related violations: <none>

DPIP-2#376 Warning
Input pipelining  
DSP gen_systolic[2].u_systolic/p_1_out__30 input gen_systolic[2].u_systolic/p_1_out__30/B[17:0] is not pipelined. Pipelining DSP48 input will improve performance.
Related violations: <none>

DPIP-2#377 Warning
Input pipelining  
DSP gen_systolic[2].u_systolic/p_1_out__31 input gen_systolic[2].u_systolic/p_1_out__31/A[29:0] is not pipelined. Pipelining DSP48 input will improve performance.
Related violations: <none>

DPIP-2#378 Warning
Input pipelining  
DSP gen_systolic[2].u_systolic/p_1_out__31 input gen_systolic[2].u_systolic/p_1_out__31/B[17:0] is not pipelined. Pipelining DSP48 input will improve performance.
Related violations: <none>

DPIP-2#379 Warning
Input pipelining  
DSP gen_systolic[2].u_systolic/p_1_out__32 input gen_systolic[2].u_systolic/p_1_out__32/A[29:0] is not pipelined. Pipelining DSP48 input will improve performance.
Related violations: <none>

DPIP-2#380 Warning
Input pipelining  
DSP gen_systolic[2].u_systolic/p_1_out__32 input gen_systolic[2].u_systolic/p_1_out__32/B[17:0] is not pipelined. Pipelining DSP48 input will improve performance.
Related violations: <none>

DPIP-2#381 Warning
Input pipelining  
DSP gen_systolic[2].u_systolic/p_1_out__33 input gen_systolic[2].u_systolic/p_1_out__33/A[29:0] is not pipelined. Pipelining DSP48 input will improve performance.
Related violations: <none>

DPIP-2#382 Warning
Input pipelining  
DSP gen_systolic[2].u_systolic/p_1_out__33 input gen_systolic[2].u_systolic/p_1_out__33/B[17:0] is not pipelined. Pipelining DSP48 input will improve performance.
Related violations: <none>

DPIP-2#383 Warning
Input pipelining  
DSP gen_systolic[2].u_systolic/p_1_out__34 input gen_systolic[2].u_systolic/p_1_out__34/A[29:0] is not pipelined. Pipelining DSP48 input will improve performance.
Related violations: <none>

DPIP-2#384 Warning
Input pipelining  
DSP gen_systolic[2].u_systolic/p_1_out__34 input gen_systolic[2].u_systolic/p_1_out__34/B[17:0] is not pipelined. Pipelining DSP48 input will improve performance.
Related violations: <none>

DPIP-2#385 Warning
Input pipelining  
DSP gen_systolic[2].u_systolic/p_1_out__35 input gen_systolic[2].u_systolic/p_1_out__35/A[29:0] is not pipelined. Pipelining DSP48 input will improve performance.
Related violations: <none>

DPIP-2#386 Warning
Input pipelining  
DSP gen_systolic[2].u_systolic/p_1_out__35 input gen_systolic[2].u_systolic/p_1_out__35/B[17:0] is not pipelined. Pipelining DSP48 input will improve performance.
Related violations: <none>

DPIP-2#387 Warning
Input pipelining  
DSP gen_systolic[2].u_systolic/p_1_out__36 input gen_systolic[2].u_systolic/p_1_out__36/A[29:0] is not pipelined. Pipelining DSP48 input will improve performance.
Related violations: <none>

DPIP-2#388 Warning
Input pipelining  
DSP gen_systolic[2].u_systolic/p_1_out__36 input gen_systolic[2].u_systolic/p_1_out__36/B[17:0] is not pipelined. Pipelining DSP48 input will improve performance.
Related violations: <none>

DPIP-2#389 Warning
Input pipelining  
DSP gen_systolic[2].u_systolic/p_1_out__37 input gen_systolic[2].u_systolic/p_1_out__37/A[29:0] is not pipelined. Pipelining DSP48 input will improve performance.
Related violations: <none>

DPIP-2#390 Warning
Input pipelining  
DSP gen_systolic[2].u_systolic/p_1_out__37 input gen_systolic[2].u_systolic/p_1_out__37/B[17:0] is not pipelined. Pipelining DSP48 input will improve performance.
Related violations: <none>

DPIP-2#391 Warning
Input pipelining  
DSP gen_systolic[2].u_systolic/p_1_out__38 input gen_systolic[2].u_systolic/p_1_out__38/A[29:0] is not pipelined. Pipelining DSP48 input will improve performance.
Related violations: <none>

DPIP-2#392 Warning
Input pipelining  
DSP gen_systolic[2].u_systolic/p_1_out__38 input gen_systolic[2].u_systolic/p_1_out__38/B[17:0] is not pipelined. Pipelining DSP48 input will improve performance.
Related violations: <none>

DPIP-2#393 Warning
Input pipelining  
DSP gen_systolic[2].u_systolic/p_1_out__39 input gen_systolic[2].u_systolic/p_1_out__39/A[29:0] is not pipelined. Pipelining DSP48 input will improve performance.
Related violations: <none>

DPIP-2#394 Warning
Input pipelining  
DSP gen_systolic[2].u_systolic/p_1_out__39 input gen_systolic[2].u_systolic/p_1_out__39/B[17:0] is not pipelined. Pipelining DSP48 input will improve performance.
Related violations: <none>

DPIP-2#395 Warning
Input pipelining  
DSP gen_systolic[2].u_systolic/p_1_out__4 input gen_systolic[2].u_systolic/p_1_out__4/A[29:0] is not pipelined. Pipelining DSP48 input will improve performance.
Related violations: <none>

DPIP-2#396 Warning
Input pipelining  
DSP gen_systolic[2].u_systolic/p_1_out__4 input gen_systolic[2].u_systolic/p_1_out__4/B[17:0] is not pipelined. Pipelining DSP48 input will improve performance.
Related violations: <none>

DPIP-2#397 Warning
Input pipelining  
DSP gen_systolic[2].u_systolic/p_1_out__40 input gen_systolic[2].u_systolic/p_1_out__40/A[29:0] is not pipelined. Pipelining DSP48 input will improve performance.
Related violations: <none>

DPIP-2#398 Warning
Input pipelining  
DSP gen_systolic[2].u_systolic/p_1_out__40 input gen_systolic[2].u_systolic/p_1_out__40/B[17:0] is not pipelined. Pipelining DSP48 input will improve performance.
Related violations: <none>

DPIP-2#399 Warning
Input pipelining  
DSP gen_systolic[2].u_systolic/p_1_out__41 input gen_systolic[2].u_systolic/p_1_out__41/A[29:0] is not pipelined. Pipelining DSP48 input will improve performance.
Related violations: <none>

DPIP-2#400 Warning
Input pipelining  
DSP gen_systolic[2].u_systolic/p_1_out__41 input gen_systolic[2].u_systolic/p_1_out__41/B[17:0] is not pipelined. Pipelining DSP48 input will improve performance.
Related violations: <none>

DPIP-2#401 Warning
Input pipelining  
DSP gen_systolic[2].u_systolic/p_1_out__42 input gen_systolic[2].u_systolic/p_1_out__42/A[29:0] is not pipelined. Pipelining DSP48 input will improve performance.
Related violations: <none>

DPIP-2#402 Warning
Input pipelining  
DSP gen_systolic[2].u_systolic/p_1_out__42 input gen_systolic[2].u_systolic/p_1_out__42/B[17:0] is not pipelined. Pipelining DSP48 input will improve performance.
Related violations: <none>

DPIP-2#403 Warning
Input pipelining  
DSP gen_systolic[2].u_systolic/p_1_out__43 input gen_systolic[2].u_systolic/p_1_out__43/A[29:0] is not pipelined. Pipelining DSP48 input will improve performance.
Related violations: <none>

DPIP-2#404 Warning
Input pipelining  
DSP gen_systolic[2].u_systolic/p_1_out__43 input gen_systolic[2].u_systolic/p_1_out__43/B[17:0] is not pipelined. Pipelining DSP48 input will improve performance.
Related violations: <none>

DPIP-2#405 Warning
Input pipelining  
DSP gen_systolic[2].u_systolic/p_1_out__44 input gen_systolic[2].u_systolic/p_1_out__44/A[29:0] is not pipelined. Pipelining DSP48 input will improve performance.
Related violations: <none>

DPIP-2#406 Warning
Input pipelining  
DSP gen_systolic[2].u_systolic/p_1_out__44 input gen_systolic[2].u_systolic/p_1_out__44/B[17:0] is not pipelined. Pipelining DSP48 input will improve performance.
Related violations: <none>

DPIP-2#407 Warning
Input pipelining  
DSP gen_systolic[2].u_systolic/p_1_out__45 input gen_systolic[2].u_systolic/p_1_out__45/A[29:0] is not pipelined. Pipelining DSP48 input will improve performance.
Related violations: <none>

DPIP-2#408 Warning
Input pipelining  
DSP gen_systolic[2].u_systolic/p_1_out__45 input gen_systolic[2].u_systolic/p_1_out__45/B[17:0] is not pipelined. Pipelining DSP48 input will improve performance.
Related violations: <none>

DPIP-2#409 Warning
Input pipelining  
DSP gen_systolic[2].u_systolic/p_1_out__46 input gen_systolic[2].u_systolic/p_1_out__46/A[29:0] is not pipelined. Pipelining DSP48 input will improve performance.
Related violations: <none>

DPIP-2#410 Warning
Input pipelining  
DSP gen_systolic[2].u_systolic/p_1_out__46 input gen_systolic[2].u_systolic/p_1_out__46/B[17:0] is not pipelined. Pipelining DSP48 input will improve performance.
Related violations: <none>

DPIP-2#411 Warning
Input pipelining  
DSP gen_systolic[2].u_systolic/p_1_out__47 input gen_systolic[2].u_systolic/p_1_out__47/A[29:0] is not pipelined. Pipelining DSP48 input will improve performance.
Related violations: <none>

DPIP-2#412 Warning
Input pipelining  
DSP gen_systolic[2].u_systolic/p_1_out__47 input gen_systolic[2].u_systolic/p_1_out__47/B[17:0] is not pipelined. Pipelining DSP48 input will improve performance.
Related violations: <none>

DPIP-2#413 Warning
Input pipelining  
DSP gen_systolic[2].u_systolic/p_1_out__48 input gen_systolic[2].u_systolic/p_1_out__48/A[29:0] is not pipelined. Pipelining DSP48 input will improve performance.
Related violations: <none>

DPIP-2#414 Warning
Input pipelining  
DSP gen_systolic[2].u_systolic/p_1_out__48 input gen_systolic[2].u_systolic/p_1_out__48/B[17:0] is not pipelined. Pipelining DSP48 input will improve performance.
Related violations: <none>

DPIP-2#415 Warning
Input pipelining  
DSP gen_systolic[2].u_systolic/p_1_out__49 input gen_systolic[2].u_systolic/p_1_out__49/A[29:0] is not pipelined. Pipelining DSP48 input will improve performance.
Related violations: <none>

DPIP-2#416 Warning
Input pipelining  
DSP gen_systolic[2].u_systolic/p_1_out__49 input gen_systolic[2].u_systolic/p_1_out__49/B[17:0] is not pipelined. Pipelining DSP48 input will improve performance.
Related violations: <none>

DPIP-2#417 Warning
Input pipelining  
DSP gen_systolic[2].u_systolic/p_1_out__5 input gen_systolic[2].u_systolic/p_1_out__5/A[29:0] is not pipelined. Pipelining DSP48 input will improve performance.
Related violations: <none>

DPIP-2#418 Warning
Input pipelining  
DSP gen_systolic[2].u_systolic/p_1_out__5 input gen_systolic[2].u_systolic/p_1_out__5/B[17:0] is not pipelined. Pipelining DSP48 input will improve performance.
Related violations: <none>

DPIP-2#419 Warning
Input pipelining  
DSP gen_systolic[2].u_systolic/p_1_out__50 input gen_systolic[2].u_systolic/p_1_out__50/A[29:0] is not pipelined. Pipelining DSP48 input will improve performance.
Related violations: <none>

DPIP-2#420 Warning
Input pipelining  
DSP gen_systolic[2].u_systolic/p_1_out__50 input gen_systolic[2].u_systolic/p_1_out__50/B[17:0] is not pipelined. Pipelining DSP48 input will improve performance.
Related violations: <none>

DPIP-2#421 Warning
Input pipelining  
DSP gen_systolic[2].u_systolic/p_1_out__51 input gen_systolic[2].u_systolic/p_1_out__51/A[29:0] is not pipelined. Pipelining DSP48 input will improve performance.
Related violations: <none>

DPIP-2#422 Warning
Input pipelining  
DSP gen_systolic[2].u_systolic/p_1_out__51 input gen_systolic[2].u_systolic/p_1_out__51/B[17:0] is not pipelined. Pipelining DSP48 input will improve performance.
Related violations: <none>

DPIP-2#423 Warning
Input pipelining  
DSP gen_systolic[2].u_systolic/p_1_out__52 input gen_systolic[2].u_systolic/p_1_out__52/A[29:0] is not pipelined. Pipelining DSP48 input will improve performance.
Related violations: <none>

DPIP-2#424 Warning
Input pipelining  
DSP gen_systolic[2].u_systolic/p_1_out__52 input gen_systolic[2].u_systolic/p_1_out__52/B[17:0] is not pipelined. Pipelining DSP48 input will improve performance.
Related violations: <none>

DPIP-2#425 Warning
Input pipelining  
DSP gen_systolic[2].u_systolic/p_1_out__53 input gen_systolic[2].u_systolic/p_1_out__53/A[29:0] is not pipelined. Pipelining DSP48 input will improve performance.
Related violations: <none>

DPIP-2#426 Warning
Input pipelining  
DSP gen_systolic[2].u_systolic/p_1_out__53 input gen_systolic[2].u_systolic/p_1_out__53/B[17:0] is not pipelined. Pipelining DSP48 input will improve performance.
Related violations: <none>

DPIP-2#427 Warning
Input pipelining  
DSP gen_systolic[2].u_systolic/p_1_out__54 input gen_systolic[2].u_systolic/p_1_out__54/A[29:0] is not pipelined. Pipelining DSP48 input will improve performance.
Related violations: <none>

DPIP-2#428 Warning
Input pipelining  
DSP gen_systolic[2].u_systolic/p_1_out__54 input gen_systolic[2].u_systolic/p_1_out__54/B[17:0] is not pipelined. Pipelining DSP48 input will improve performance.
Related violations: <none>

DPIP-2#429 Warning
Input pipelining  
DSP gen_systolic[2].u_systolic/p_1_out__55 input gen_systolic[2].u_systolic/p_1_out__55/A[29:0] is not pipelined. Pipelining DSP48 input will improve performance.
Related violations: <none>

DPIP-2#430 Warning
Input pipelining  
DSP gen_systolic[2].u_systolic/p_1_out__55 input gen_systolic[2].u_systolic/p_1_out__55/B[17:0] is not pipelined. Pipelining DSP48 input will improve performance.
Related violations: <none>

DPIP-2#431 Warning
Input pipelining  
DSP gen_systolic[2].u_systolic/p_1_out__56 input gen_systolic[2].u_systolic/p_1_out__56/A[29:0] is not pipelined. Pipelining DSP48 input will improve performance.
Related violations: <none>

DPIP-2#432 Warning
Input pipelining  
DSP gen_systolic[2].u_systolic/p_1_out__56 input gen_systolic[2].u_systolic/p_1_out__56/B[17:0] is not pipelined. Pipelining DSP48 input will improve performance.
Related violations: <none>

DPIP-2#433 Warning
Input pipelining  
DSP gen_systolic[2].u_systolic/p_1_out__57 input gen_systolic[2].u_systolic/p_1_out__57/A[29:0] is not pipelined. Pipelining DSP48 input will improve performance.
Related violations: <none>

DPIP-2#434 Warning
Input pipelining  
DSP gen_systolic[2].u_systolic/p_1_out__57 input gen_systolic[2].u_systolic/p_1_out__57/B[17:0] is not pipelined. Pipelining DSP48 input will improve performance.
Related violations: <none>

DPIP-2#435 Warning
Input pipelining  
DSP gen_systolic[2].u_systolic/p_1_out__58 input gen_systolic[2].u_systolic/p_1_out__58/A[29:0] is not pipelined. Pipelining DSP48 input will improve performance.
Related violations: <none>

DPIP-2#436 Warning
Input pipelining  
DSP gen_systolic[2].u_systolic/p_1_out__58 input gen_systolic[2].u_systolic/p_1_out__58/B[17:0] is not pipelined. Pipelining DSP48 input will improve performance.
Related violations: <none>

DPIP-2#437 Warning
Input pipelining  
DSP gen_systolic[2].u_systolic/p_1_out__59 input gen_systolic[2].u_systolic/p_1_out__59/A[29:0] is not pipelined. Pipelining DSP48 input will improve performance.
Related violations: <none>

DPIP-2#438 Warning
Input pipelining  
DSP gen_systolic[2].u_systolic/p_1_out__59 input gen_systolic[2].u_systolic/p_1_out__59/B[17:0] is not pipelined. Pipelining DSP48 input will improve performance.
Related violations: <none>

DPIP-2#439 Warning
Input pipelining  
DSP gen_systolic[2].u_systolic/p_1_out__6 input gen_systolic[2].u_systolic/p_1_out__6/A[29:0] is not pipelined. Pipelining DSP48 input will improve performance.
Related violations: <none>

DPIP-2#440 Warning
Input pipelining  
DSP gen_systolic[2].u_systolic/p_1_out__6 input gen_systolic[2].u_systolic/p_1_out__6/B[17:0] is not pipelined. Pipelining DSP48 input will improve performance.
Related violations: <none>

DPIP-2#441 Warning
Input pipelining  
DSP gen_systolic[2].u_systolic/p_1_out__60 input gen_systolic[2].u_systolic/p_1_out__60/A[29:0] is not pipelined. Pipelining DSP48 input will improve performance.
Related violations: <none>

DPIP-2#442 Warning
Input pipelining  
DSP gen_systolic[2].u_systolic/p_1_out__60 input gen_systolic[2].u_systolic/p_1_out__60/B[17:0] is not pipelined. Pipelining DSP48 input will improve performance.
Related violations: <none>

DPIP-2#443 Warning
Input pipelining  
DSP gen_systolic[2].u_systolic/p_1_out__61 input gen_systolic[2].u_systolic/p_1_out__61/A[29:0] is not pipelined. Pipelining DSP48 input will improve performance.
Related violations: <none>

DPIP-2#444 Warning
Input pipelining  
DSP gen_systolic[2].u_systolic/p_1_out__61 input gen_systolic[2].u_systolic/p_1_out__61/B[17:0] is not pipelined. Pipelining DSP48 input will improve performance.
Related violations: <none>

DPIP-2#445 Warning
Input pipelining  
DSP gen_systolic[2].u_systolic/p_1_out__62 input gen_systolic[2].u_systolic/p_1_out__62/A[29:0] is not pipelined. Pipelining DSP48 input will improve performance.
Related violations: <none>

DPIP-2#446 Warning
Input pipelining  
DSP gen_systolic[2].u_systolic/p_1_out__62 input gen_systolic[2].u_systolic/p_1_out__62/B[17:0] is not pipelined. Pipelining DSP48 input will improve performance.
Related violations: <none>

DPIP-2#447 Warning
Input pipelining  
DSP gen_systolic[2].u_systolic/p_1_out__63 input gen_systolic[2].u_systolic/p_1_out__63/A[29:0] is not pipelined. Pipelining DSP48 input will improve performance.
Related violations: <none>

DPIP-2#448 Warning
Input pipelining  
DSP gen_systolic[2].u_systolic/p_1_out__63 input gen_systolic[2].u_systolic/p_1_out__63/B[17:0] is not pipelined. Pipelining DSP48 input will improve performance.
Related violations: <none>

DPIP-2#449 Warning
Input pipelining  
DSP gen_systolic[2].u_systolic/p_1_out__64 input gen_systolic[2].u_systolic/p_1_out__64/A[29:0] is not pipelined. Pipelining DSP48 input will improve performance.
Related violations: <none>

DPIP-2#450 Warning
Input pipelining  
DSP gen_systolic[2].u_systolic/p_1_out__64 input gen_systolic[2].u_systolic/p_1_out__64/B[17:0] is not pipelined. Pipelining DSP48 input will improve performance.
Related violations: <none>

DPIP-2#451 Warning
Input pipelining  
DSP gen_systolic[2].u_systolic/p_1_out__65 input gen_systolic[2].u_systolic/p_1_out__65/A[29:0] is not pipelined. Pipelining DSP48 input will improve performance.
Related violations: <none>

DPIP-2#452 Warning
Input pipelining  
DSP gen_systolic[2].u_systolic/p_1_out__65 input gen_systolic[2].u_systolic/p_1_out__65/B[17:0] is not pipelined. Pipelining DSP48 input will improve performance.
Related violations: <none>

DPIP-2#453 Warning
Input pipelining  
DSP gen_systolic[2].u_systolic/p_1_out__66 input gen_systolic[2].u_systolic/p_1_out__66/A[29:0] is not pipelined. Pipelining DSP48 input will improve performance.
Related violations: <none>

DPIP-2#454 Warning
Input pipelining  
DSP gen_systolic[2].u_systolic/p_1_out__66 input gen_systolic[2].u_systolic/p_1_out__66/B[17:0] is not pipelined. Pipelining DSP48 input will improve performance.
Related violations: <none>

DPIP-2#455 Warning
Input pipelining  
DSP gen_systolic[2].u_systolic/p_1_out__67 input gen_systolic[2].u_systolic/p_1_out__67/A[29:0] is not pipelined. Pipelining DSP48 input will improve performance.
Related violations: <none>

DPIP-2#456 Warning
Input pipelining  
DSP gen_systolic[2].u_systolic/p_1_out__67 input gen_systolic[2].u_systolic/p_1_out__67/B[17:0] is not pipelined. Pipelining DSP48 input will improve performance.
Related violations: <none>

DPIP-2#457 Warning
Input pipelining  
DSP gen_systolic[2].u_systolic/p_1_out__68 input gen_systolic[2].u_systolic/p_1_out__68/A[29:0] is not pipelined. Pipelining DSP48 input will improve performance.
Related violations: <none>

DPIP-2#458 Warning
Input pipelining  
DSP gen_systolic[2].u_systolic/p_1_out__68 input gen_systolic[2].u_systolic/p_1_out__68/B[17:0] is not pipelined. Pipelining DSP48 input will improve performance.
Related violations: <none>

DPIP-2#459 Warning
Input pipelining  
DSP gen_systolic[2].u_systolic/p_1_out__69 input gen_systolic[2].u_systolic/p_1_out__69/A[29:0] is not pipelined. Pipelining DSP48 input will improve performance.
Related violations: <none>

DPIP-2#460 Warning
Input pipelining  
DSP gen_systolic[2].u_systolic/p_1_out__69 input gen_systolic[2].u_systolic/p_1_out__69/B[17:0] is not pipelined. Pipelining DSP48 input will improve performance.
Related violations: <none>

DPIP-2#461 Warning
Input pipelining  
DSP gen_systolic[2].u_systolic/p_1_out__7 input gen_systolic[2].u_systolic/p_1_out__7/A[29:0] is not pipelined. Pipelining DSP48 input will improve performance.
Related violations: <none>

DPIP-2#462 Warning
Input pipelining  
DSP gen_systolic[2].u_systolic/p_1_out__7 input gen_systolic[2].u_systolic/p_1_out__7/B[17:0] is not pipelined. Pipelining DSP48 input will improve performance.
Related violations: <none>

DPIP-2#463 Warning
Input pipelining  
DSP gen_systolic[2].u_systolic/p_1_out__70 input gen_systolic[2].u_systolic/p_1_out__70/A[29:0] is not pipelined. Pipelining DSP48 input will improve performance.
Related violations: <none>

DPIP-2#464 Warning
Input pipelining  
DSP gen_systolic[2].u_systolic/p_1_out__70 input gen_systolic[2].u_systolic/p_1_out__70/B[17:0] is not pipelined. Pipelining DSP48 input will improve performance.
Related violations: <none>

DPIP-2#465 Warning
Input pipelining  
DSP gen_systolic[2].u_systolic/p_1_out__71 input gen_systolic[2].u_systolic/p_1_out__71/A[29:0] is not pipelined. Pipelining DSP48 input will improve performance.
Related violations: <none>

DPIP-2#466 Warning
Input pipelining  
DSP gen_systolic[2].u_systolic/p_1_out__71 input gen_systolic[2].u_systolic/p_1_out__71/B[17:0] is not pipelined. Pipelining DSP48 input will improve performance.
Related violations: <none>

DPIP-2#467 Warning
Input pipelining  
DSP gen_systolic[2].u_systolic/p_1_out__72 input gen_systolic[2].u_systolic/p_1_out__72/A[29:0] is not pipelined. Pipelining DSP48 input will improve performance.
Related violations: <none>

DPIP-2#468 Warning
Input pipelining  
DSP gen_systolic[2].u_systolic/p_1_out__72 input gen_systolic[2].u_systolic/p_1_out__72/B[17:0] is not pipelined. Pipelining DSP48 input will improve performance.
Related violations: <none>

DPIP-2#469 Warning
Input pipelining  
DSP gen_systolic[2].u_systolic/p_1_out__73 input gen_systolic[2].u_systolic/p_1_out__73/A[29:0] is not pipelined. Pipelining DSP48 input will improve performance.
Related violations: <none>

DPIP-2#470 Warning
Input pipelining  
DSP gen_systolic[2].u_systolic/p_1_out__73 input gen_systolic[2].u_systolic/p_1_out__73/B[17:0] is not pipelined. Pipelining DSP48 input will improve performance.
Related violations: <none>

DPIP-2#471 Warning
Input pipelining  
DSP gen_systolic[2].u_systolic/p_1_out__74 input gen_systolic[2].u_systolic/p_1_out__74/A[29:0] is not pipelined. Pipelining DSP48 input will improve performance.
Related violations: <none>

DPIP-2#472 Warning
Input pipelining  
DSP gen_systolic[2].u_systolic/p_1_out__74 input gen_systolic[2].u_systolic/p_1_out__74/B[17:0] is not pipelined. Pipelining DSP48 input will improve performance.
Related violations: <none>

DPIP-2#473 Warning
Input pipelining  
DSP gen_systolic[2].u_systolic/p_1_out__75 input gen_systolic[2].u_systolic/p_1_out__75/A[29:0] is not pipelined. Pipelining DSP48 input will improve performance.
Related violations: <none>

DPIP-2#474 Warning
Input pipelining  
DSP gen_systolic[2].u_systolic/p_1_out__75 input gen_systolic[2].u_systolic/p_1_out__75/B[17:0] is not pipelined. Pipelining DSP48 input will improve performance.
Related violations: <none>

DPIP-2#475 Warning
Input pipelining  
DSP gen_systolic[2].u_systolic/p_1_out__76 input gen_systolic[2].u_systolic/p_1_out__76/A[29:0] is not pipelined. Pipelining DSP48 input will improve performance.
Related violations: <none>

DPIP-2#476 Warning
Input pipelining  
DSP gen_systolic[2].u_systolic/p_1_out__76 input gen_systolic[2].u_systolic/p_1_out__76/B[17:0] is not pipelined. Pipelining DSP48 input will improve performance.
Related violations: <none>

DPIP-2#477 Warning
Input pipelining  
DSP gen_systolic[2].u_systolic/p_1_out__77 input gen_systolic[2].u_systolic/p_1_out__77/A[29:0] is not pipelined. Pipelining DSP48 input will improve performance.
Related violations: <none>

DPIP-2#478 Warning
Input pipelining  
DSP gen_systolic[2].u_systolic/p_1_out__77 input gen_systolic[2].u_systolic/p_1_out__77/B[17:0] is not pipelined. Pipelining DSP48 input will improve performance.
Related violations: <none>

DPIP-2#479 Warning
Input pipelining  
DSP gen_systolic[2].u_systolic/p_1_out__78 input gen_systolic[2].u_systolic/p_1_out__78/A[29:0] is not pipelined. Pipelining DSP48 input will improve performance.
Related violations: <none>

DPIP-2#480 Warning
Input pipelining  
DSP gen_systolic[2].u_systolic/p_1_out__78 input gen_systolic[2].u_systolic/p_1_out__78/B[17:0] is not pipelined. Pipelining DSP48 input will improve performance.
Related violations: <none>

DPIP-2#481 Warning
Input pipelining  
DSP gen_systolic[2].u_systolic/p_1_out__79 input gen_systolic[2].u_systolic/p_1_out__79/A[29:0] is not pipelined. Pipelining DSP48 input will improve performance.
Related violations: <none>

DPIP-2#482 Warning
Input pipelining  
DSP gen_systolic[2].u_systolic/p_1_out__79 input gen_systolic[2].u_systolic/p_1_out__79/B[17:0] is not pipelined. Pipelining DSP48 input will improve performance.
Related violations: <none>

DPIP-2#483 Warning
Input pipelining  
DSP gen_systolic[2].u_systolic/p_1_out__8 input gen_systolic[2].u_systolic/p_1_out__8/A[29:0] is not pipelined. Pipelining DSP48 input will improve performance.
Related violations: <none>

DPIP-2#484 Warning
Input pipelining  
DSP gen_systolic[2].u_systolic/p_1_out__8 input gen_systolic[2].u_systolic/p_1_out__8/B[17:0] is not pipelined. Pipelining DSP48 input will improve performance.
Related violations: <none>

DPIP-2#485 Warning
Input pipelining  
DSP gen_systolic[2].u_systolic/p_1_out__9 input gen_systolic[2].u_systolic/p_1_out__9/A[29:0] is not pipelined. Pipelining DSP48 input will improve performance.
Related violations: <none>

DPIP-2#486 Warning
Input pipelining  
DSP gen_systolic[2].u_systolic/p_1_out__9 input gen_systolic[2].u_systolic/p_1_out__9/B[17:0] is not pipelined. Pipelining DSP48 input will improve performance.
Related violations: <none>

DPIP-2#487 Warning
Input pipelining  
DSP gen_systolic[3].u_systolic/p_1_out input gen_systolic[3].u_systolic/p_1_out/A[29:0] is not pipelined. Pipelining DSP48 input will improve performance.
Related violations: <none>

DPIP-2#488 Warning
Input pipelining  
DSP gen_systolic[3].u_systolic/p_1_out input gen_systolic[3].u_systolic/p_1_out/B[17:0] is not pipelined. Pipelining DSP48 input will improve performance.
Related violations: <none>

DPIP-2#489 Warning
Input pipelining  
DSP gen_systolic[3].u_systolic/p_1_out__0 input gen_systolic[3].u_systolic/p_1_out__0/A[29:0] is not pipelined. Pipelining DSP48 input will improve performance.
Related violations: <none>

DPIP-2#490 Warning
Input pipelining  
DSP gen_systolic[3].u_systolic/p_1_out__0 input gen_systolic[3].u_systolic/p_1_out__0/B[17:0] is not pipelined. Pipelining DSP48 input will improve performance.
Related violations: <none>

DPIP-2#491 Warning
Input pipelining  
DSP gen_systolic[3].u_systolic/p_1_out__1 input gen_systolic[3].u_systolic/p_1_out__1/A[29:0] is not pipelined. Pipelining DSP48 input will improve performance.
Related violations: <none>

DPIP-2#492 Warning
Input pipelining  
DSP gen_systolic[3].u_systolic/p_1_out__1 input gen_systolic[3].u_systolic/p_1_out__1/B[17:0] is not pipelined. Pipelining DSP48 input will improve performance.
Related violations: <none>

DPIP-2#493 Warning
Input pipelining  
DSP gen_systolic[3].u_systolic/p_1_out__10 input gen_systolic[3].u_systolic/p_1_out__10/A[29:0] is not pipelined. Pipelining DSP48 input will improve performance.
Related violations: <none>

DPIP-2#494 Warning
Input pipelining  
DSP gen_systolic[3].u_systolic/p_1_out__10 input gen_systolic[3].u_systolic/p_1_out__10/B[17:0] is not pipelined. Pipelining DSP48 input will improve performance.
Related violations: <none>

DPIP-2#495 Warning
Input pipelining  
DSP gen_systolic[3].u_systolic/p_1_out__11 input gen_systolic[3].u_systolic/p_1_out__11/A[29:0] is not pipelined. Pipelining DSP48 input will improve performance.
Related violations: <none>

DPIP-2#496 Warning
Input pipelining  
DSP gen_systolic[3].u_systolic/p_1_out__11 input gen_systolic[3].u_systolic/p_1_out__11/B[17:0] is not pipelined. Pipelining DSP48 input will improve performance.
Related violations: <none>

DPIP-2#497 Warning
Input pipelining  
DSP gen_systolic[3].u_systolic/p_1_out__12 input gen_systolic[3].u_systolic/p_1_out__12/A[29:0] is not pipelined. Pipelining DSP48 input will improve performance.
Related violations: <none>

DPIP-2#498 Warning
Input pipelining  
DSP gen_systolic[3].u_systolic/p_1_out__12 input gen_systolic[3].u_systolic/p_1_out__12/B[17:0] is not pipelined. Pipelining DSP48 input will improve performance.
Related violations: <none>

DPIP-2#499 Warning
Input pipelining  
DSP gen_systolic[3].u_systolic/p_1_out__13 input gen_systolic[3].u_systolic/p_1_out__13/A[29:0] is not pipelined. Pipelining DSP48 input will improve performance.
Related violations: <none>

DPIP-2#500 Warning
Input pipelining  
DSP gen_systolic[3].u_systolic/p_1_out__13 input gen_systolic[3].u_systolic/p_1_out__13/B[17:0] is not pipelined. Pipelining DSP48 input will improve performance.
Related violations: <none>

DPIP-2#501 Warning
Input pipelining  
DSP gen_systolic[3].u_systolic/p_1_out__14 input gen_systolic[3].u_systolic/p_1_out__14/A[29:0] is not pipelined. Pipelining DSP48 input will improve performance.
Related violations: <none>

DPIP-2#502 Warning
Input pipelining  
DSP gen_systolic[3].u_systolic/p_1_out__14 input gen_systolic[3].u_systolic/p_1_out__14/B[17:0] is not pipelined. Pipelining DSP48 input will improve performance.
Related violations: <none>

DPIP-2#503 Warning
Input pipelining  
DSP gen_systolic[3].u_systolic/p_1_out__15 input gen_systolic[3].u_systolic/p_1_out__15/A[29:0] is not pipelined. Pipelining DSP48 input will improve performance.
Related violations: <none>

DPIP-2#504 Warning
Input pipelining  
DSP gen_systolic[3].u_systolic/p_1_out__15 input gen_systolic[3].u_systolic/p_1_out__15/B[17:0] is not pipelined. Pipelining DSP48 input will improve performance.
Related violations: <none>

DPIP-2#505 Warning
Input pipelining  
DSP gen_systolic[3].u_systolic/p_1_out__16 input gen_systolic[3].u_systolic/p_1_out__16/A[29:0] is not pipelined. Pipelining DSP48 input will improve performance.
Related violations: <none>

DPIP-2#506 Warning
Input pipelining  
DSP gen_systolic[3].u_systolic/p_1_out__16 input gen_systolic[3].u_systolic/p_1_out__16/B[17:0] is not pipelined. Pipelining DSP48 input will improve performance.
Related violations: <none>

DPIP-2#507 Warning
Input pipelining  
DSP gen_systolic[3].u_systolic/p_1_out__17 input gen_systolic[3].u_systolic/p_1_out__17/A[29:0] is not pipelined. Pipelining DSP48 input will improve performance.
Related violations: <none>

DPIP-2#508 Warning
Input pipelining  
DSP gen_systolic[3].u_systolic/p_1_out__17 input gen_systolic[3].u_systolic/p_1_out__17/B[17:0] is not pipelined. Pipelining DSP48 input will improve performance.
Related violations: <none>

DPIP-2#509 Warning
Input pipelining  
DSP gen_systolic[3].u_systolic/p_1_out__18 input gen_systolic[3].u_systolic/p_1_out__18/A[29:0] is not pipelined. Pipelining DSP48 input will improve performance.
Related violations: <none>

DPIP-2#510 Warning
Input pipelining  
DSP gen_systolic[3].u_systolic/p_1_out__18 input gen_systolic[3].u_systolic/p_1_out__18/B[17:0] is not pipelined. Pipelining DSP48 input will improve performance.
Related violations: <none>

DPIP-2#511 Warning
Input pipelining  
DSP gen_systolic[3].u_systolic/p_1_out__19 input gen_systolic[3].u_systolic/p_1_out__19/A[29:0] is not pipelined. Pipelining DSP48 input will improve performance.
Related violations: <none>

DPIP-2#512 Warning
Input pipelining  
DSP gen_systolic[3].u_systolic/p_1_out__19 input gen_systolic[3].u_systolic/p_1_out__19/B[17:0] is not pipelined. Pipelining DSP48 input will improve performance.
Related violations: <none>

DPIP-2#513 Warning
Input pipelining  
DSP gen_systolic[3].u_systolic/p_1_out__2 input gen_systolic[3].u_systolic/p_1_out__2/A[29:0] is not pipelined. Pipelining DSP48 input will improve performance.
Related violations: <none>

DPIP-2#514 Warning
Input pipelining  
DSP gen_systolic[3].u_systolic/p_1_out__2 input gen_systolic[3].u_systolic/p_1_out__2/B[17:0] is not pipelined. Pipelining DSP48 input will improve performance.
Related violations: <none>

DPIP-2#515 Warning
Input pipelining  
DSP gen_systolic[3].u_systolic/p_1_out__20 input gen_systolic[3].u_systolic/p_1_out__20/A[29:0] is not pipelined. Pipelining DSP48 input will improve performance.
Related violations: <none>

DPIP-2#516 Warning
Input pipelining  
DSP gen_systolic[3].u_systolic/p_1_out__20 input gen_systolic[3].u_systolic/p_1_out__20/B[17:0] is not pipelined. Pipelining DSP48 input will improve performance.
Related violations: <none>

DPIP-2#517 Warning
Input pipelining  
DSP gen_systolic[3].u_systolic/p_1_out__21 input gen_systolic[3].u_systolic/p_1_out__21/A[29:0] is not pipelined. Pipelining DSP48 input will improve performance.
Related violations: <none>

DPIP-2#518 Warning
Input pipelining  
DSP gen_systolic[3].u_systolic/p_1_out__21 input gen_systolic[3].u_systolic/p_1_out__21/B[17:0] is not pipelined. Pipelining DSP48 input will improve performance.
Related violations: <none>

DPIP-2#519 Warning
Input pipelining  
DSP gen_systolic[3].u_systolic/p_1_out__22 input gen_systolic[3].u_systolic/p_1_out__22/A[29:0] is not pipelined. Pipelining DSP48 input will improve performance.
Related violations: <none>

DPIP-2#520 Warning
Input pipelining  
DSP gen_systolic[3].u_systolic/p_1_out__22 input gen_systolic[3].u_systolic/p_1_out__22/B[17:0] is not pipelined. Pipelining DSP48 input will improve performance.
Related violations: <none>

DPIP-2#521 Warning
Input pipelining  
DSP gen_systolic[3].u_systolic/p_1_out__23 input gen_systolic[3].u_systolic/p_1_out__23/A[29:0] is not pipelined. Pipelining DSP48 input will improve performance.
Related violations: <none>

DPIP-2#522 Warning
Input pipelining  
DSP gen_systolic[3].u_systolic/p_1_out__23 input gen_systolic[3].u_systolic/p_1_out__23/B[17:0] is not pipelined. Pipelining DSP48 input will improve performance.
Related violations: <none>

DPIP-2#523 Warning
Input pipelining  
DSP gen_systolic[3].u_systolic/p_1_out__24 input gen_systolic[3].u_systolic/p_1_out__24/A[29:0] is not pipelined. Pipelining DSP48 input will improve performance.
Related violations: <none>

DPIP-2#524 Warning
Input pipelining  
DSP gen_systolic[3].u_systolic/p_1_out__24 input gen_systolic[3].u_systolic/p_1_out__24/B[17:0] is not pipelined. Pipelining DSP48 input will improve performance.
Related violations: <none>

DPIP-2#525 Warning
Input pipelining  
DSP gen_systolic[3].u_systolic/p_1_out__25 input gen_systolic[3].u_systolic/p_1_out__25/A[29:0] is not pipelined. Pipelining DSP48 input will improve performance.
Related violations: <none>

DPIP-2#526 Warning
Input pipelining  
DSP gen_systolic[3].u_systolic/p_1_out__25 input gen_systolic[3].u_systolic/p_1_out__25/B[17:0] is not pipelined. Pipelining DSP48 input will improve performance.
Related violations: <none>

DPIP-2#527 Warning
Input pipelining  
DSP gen_systolic[3].u_systolic/p_1_out__26 input gen_systolic[3].u_systolic/p_1_out__26/A[29:0] is not pipelined. Pipelining DSP48 input will improve performance.
Related violations: <none>

DPIP-2#528 Warning
Input pipelining  
DSP gen_systolic[3].u_systolic/p_1_out__26 input gen_systolic[3].u_systolic/p_1_out__26/B[17:0] is not pipelined. Pipelining DSP48 input will improve performance.
Related violations: <none>

DPIP-2#529 Warning
Input pipelining  
DSP gen_systolic[3].u_systolic/p_1_out__27 input gen_systolic[3].u_systolic/p_1_out__27/A[29:0] is not pipelined. Pipelining DSP48 input will improve performance.
Related violations: <none>

DPIP-2#530 Warning
Input pipelining  
DSP gen_systolic[3].u_systolic/p_1_out__27 input gen_systolic[3].u_systolic/p_1_out__27/B[17:0] is not pipelined. Pipelining DSP48 input will improve performance.
Related violations: <none>

DPIP-2#531 Warning
Input pipelining  
DSP gen_systolic[3].u_systolic/p_1_out__28 input gen_systolic[3].u_systolic/p_1_out__28/A[29:0] is not pipelined. Pipelining DSP48 input will improve performance.
Related violations: <none>

DPIP-2#532 Warning
Input pipelining  
DSP gen_systolic[3].u_systolic/p_1_out__28 input gen_systolic[3].u_systolic/p_1_out__28/B[17:0] is not pipelined. Pipelining DSP48 input will improve performance.
Related violations: <none>

DPIP-2#533 Warning
Input pipelining  
DSP gen_systolic[3].u_systolic/p_1_out__29 input gen_systolic[3].u_systolic/p_1_out__29/A[29:0] is not pipelined. Pipelining DSP48 input will improve performance.
Related violations: <none>

DPIP-2#534 Warning
Input pipelining  
DSP gen_systolic[3].u_systolic/p_1_out__29 input gen_systolic[3].u_systolic/p_1_out__29/B[17:0] is not pipelined. Pipelining DSP48 input will improve performance.
Related violations: <none>

DPIP-2#535 Warning
Input pipelining  
DSP gen_systolic[3].u_systolic/p_1_out__3 input gen_systolic[3].u_systolic/p_1_out__3/A[29:0] is not pipelined. Pipelining DSP48 input will improve performance.
Related violations: <none>

DPIP-2#536 Warning
Input pipelining  
DSP gen_systolic[3].u_systolic/p_1_out__3 input gen_systolic[3].u_systolic/p_1_out__3/B[17:0] is not pipelined. Pipelining DSP48 input will improve performance.
Related violations: <none>

DPIP-2#537 Warning
Input pipelining  
DSP gen_systolic[3].u_systolic/p_1_out__30 input gen_systolic[3].u_systolic/p_1_out__30/A[29:0] is not pipelined. Pipelining DSP48 input will improve performance.
Related violations: <none>

DPIP-2#538 Warning
Input pipelining  
DSP gen_systolic[3].u_systolic/p_1_out__30 input gen_systolic[3].u_systolic/p_1_out__30/B[17:0] is not pipelined. Pipelining DSP48 input will improve performance.
Related violations: <none>

DPIP-2#539 Warning
Input pipelining  
DSP gen_systolic[3].u_systolic/p_1_out__31 input gen_systolic[3].u_systolic/p_1_out__31/A[29:0] is not pipelined. Pipelining DSP48 input will improve performance.
Related violations: <none>

DPIP-2#540 Warning
Input pipelining  
DSP gen_systolic[3].u_systolic/p_1_out__31 input gen_systolic[3].u_systolic/p_1_out__31/B[17:0] is not pipelined. Pipelining DSP48 input will improve performance.
Related violations: <none>

DPIP-2#541 Warning
Input pipelining  
DSP gen_systolic[3].u_systolic/p_1_out__32 input gen_systolic[3].u_systolic/p_1_out__32/A[29:0] is not pipelined. Pipelining DSP48 input will improve performance.
Related violations: <none>

DPIP-2#542 Warning
Input pipelining  
DSP gen_systolic[3].u_systolic/p_1_out__32 input gen_systolic[3].u_systolic/p_1_out__32/B[17:0] is not pipelined. Pipelining DSP48 input will improve performance.
Related violations: <none>

DPIP-2#543 Warning
Input pipelining  
DSP gen_systolic[3].u_systolic/p_1_out__33 input gen_systolic[3].u_systolic/p_1_out__33/A[29:0] is not pipelined. Pipelining DSP48 input will improve performance.
Related violations: <none>

DPIP-2#544 Warning
Input pipelining  
DSP gen_systolic[3].u_systolic/p_1_out__33 input gen_systolic[3].u_systolic/p_1_out__33/B[17:0] is not pipelined. Pipelining DSP48 input will improve performance.
Related violations: <none>

DPIP-2#545 Warning
Input pipelining  
DSP gen_systolic[3].u_systolic/p_1_out__34 input gen_systolic[3].u_systolic/p_1_out__34/A[29:0] is not pipelined. Pipelining DSP48 input will improve performance.
Related violations: <none>

DPIP-2#546 Warning
Input pipelining  
DSP gen_systolic[3].u_systolic/p_1_out__34 input gen_systolic[3].u_systolic/p_1_out__34/B[17:0] is not pipelined. Pipelining DSP48 input will improve performance.
Related violations: <none>

DPIP-2#547 Warning
Input pipelining  
DSP gen_systolic[3].u_systolic/p_1_out__35 input gen_systolic[3].u_systolic/p_1_out__35/A[29:0] is not pipelined. Pipelining DSP48 input will improve performance.
Related violations: <none>

DPIP-2#548 Warning
Input pipelining  
DSP gen_systolic[3].u_systolic/p_1_out__35 input gen_systolic[3].u_systolic/p_1_out__35/B[17:0] is not pipelined. Pipelining DSP48 input will improve performance.
Related violations: <none>

DPIP-2#549 Warning
Input pipelining  
DSP gen_systolic[3].u_systolic/p_1_out__36 input gen_systolic[3].u_systolic/p_1_out__36/A[29:0] is not pipelined. Pipelining DSP48 input will improve performance.
Related violations: <none>

DPIP-2#550 Warning
Input pipelining  
DSP gen_systolic[3].u_systolic/p_1_out__36 input gen_systolic[3].u_systolic/p_1_out__36/B[17:0] is not pipelined. Pipelining DSP48 input will improve performance.
Related violations: <none>

DPIP-2#551 Warning
Input pipelining  
DSP gen_systolic[3].u_systolic/p_1_out__37 input gen_systolic[3].u_systolic/p_1_out__37/A[29:0] is not pipelined. Pipelining DSP48 input will improve performance.
Related violations: <none>

DPIP-2#552 Warning
Input pipelining  
DSP gen_systolic[3].u_systolic/p_1_out__37 input gen_systolic[3].u_systolic/p_1_out__37/B[17:0] is not pipelined. Pipelining DSP48 input will improve performance.
Related violations: <none>

DPIP-2#553 Warning
Input pipelining  
DSP gen_systolic[3].u_systolic/p_1_out__38 input gen_systolic[3].u_systolic/p_1_out__38/A[29:0] is not pipelined. Pipelining DSP48 input will improve performance.
Related violations: <none>

DPIP-2#554 Warning
Input pipelining  
DSP gen_systolic[3].u_systolic/p_1_out__38 input gen_systolic[3].u_systolic/p_1_out__38/B[17:0] is not pipelined. Pipelining DSP48 input will improve performance.
Related violations: <none>

DPIP-2#555 Warning
Input pipelining  
DSP gen_systolic[3].u_systolic/p_1_out__39 input gen_systolic[3].u_systolic/p_1_out__39/A[29:0] is not pipelined. Pipelining DSP48 input will improve performance.
Related violations: <none>

DPIP-2#556 Warning
Input pipelining  
DSP gen_systolic[3].u_systolic/p_1_out__39 input gen_systolic[3].u_systolic/p_1_out__39/B[17:0] is not pipelined. Pipelining DSP48 input will improve performance.
Related violations: <none>

DPIP-2#557 Warning
Input pipelining  
DSP gen_systolic[3].u_systolic/p_1_out__4 input gen_systolic[3].u_systolic/p_1_out__4/A[29:0] is not pipelined. Pipelining DSP48 input will improve performance.
Related violations: <none>

DPIP-2#558 Warning
Input pipelining  
DSP gen_systolic[3].u_systolic/p_1_out__4 input gen_systolic[3].u_systolic/p_1_out__4/B[17:0] is not pipelined. Pipelining DSP48 input will improve performance.
Related violations: <none>

DPIP-2#559 Warning
Input pipelining  
DSP gen_systolic[3].u_systolic/p_1_out__40 input gen_systolic[3].u_systolic/p_1_out__40/A[29:0] is not pipelined. Pipelining DSP48 input will improve performance.
Related violations: <none>

DPIP-2#560 Warning
Input pipelining  
DSP gen_systolic[3].u_systolic/p_1_out__40 input gen_systolic[3].u_systolic/p_1_out__40/B[17:0] is not pipelined. Pipelining DSP48 input will improve performance.
Related violations: <none>

DPIP-2#561 Warning
Input pipelining  
DSP gen_systolic[3].u_systolic/p_1_out__41 input gen_systolic[3].u_systolic/p_1_out__41/A[29:0] is not pipelined. Pipelining DSP48 input will improve performance.
Related violations: <none>

DPIP-2#562 Warning
Input pipelining  
DSP gen_systolic[3].u_systolic/p_1_out__41 input gen_systolic[3].u_systolic/p_1_out__41/B[17:0] is not pipelined. Pipelining DSP48 input will improve performance.
Related violations: <none>

DPIP-2#563 Warning
Input pipelining  
DSP gen_systolic[3].u_systolic/p_1_out__42 input gen_systolic[3].u_systolic/p_1_out__42/A[29:0] is not pipelined. Pipelining DSP48 input will improve performance.
Related violations: <none>

DPIP-2#564 Warning
Input pipelining  
DSP gen_systolic[3].u_systolic/p_1_out__42 input gen_systolic[3].u_systolic/p_1_out__42/B[17:0] is not pipelined. Pipelining DSP48 input will improve performance.
Related violations: <none>

DPIP-2#565 Warning
Input pipelining  
DSP gen_systolic[3].u_systolic/p_1_out__43 input gen_systolic[3].u_systolic/p_1_out__43/A[29:0] is not pipelined. Pipelining DSP48 input will improve performance.
Related violations: <none>

DPIP-2#566 Warning
Input pipelining  
DSP gen_systolic[3].u_systolic/p_1_out__43 input gen_systolic[3].u_systolic/p_1_out__43/B[17:0] is not pipelined. Pipelining DSP48 input will improve performance.
Related violations: <none>

DPIP-2#567 Warning
Input pipelining  
DSP gen_systolic[3].u_systolic/p_1_out__44 input gen_systolic[3].u_systolic/p_1_out__44/A[29:0] is not pipelined. Pipelining DSP48 input will improve performance.
Related violations: <none>

DPIP-2#568 Warning
Input pipelining  
DSP gen_systolic[3].u_systolic/p_1_out__44 input gen_systolic[3].u_systolic/p_1_out__44/B[17:0] is not pipelined. Pipelining DSP48 input will improve performance.
Related violations: <none>

DPIP-2#569 Warning
Input pipelining  
DSP gen_systolic[3].u_systolic/p_1_out__45 input gen_systolic[3].u_systolic/p_1_out__45/A[29:0] is not pipelined. Pipelining DSP48 input will improve performance.
Related violations: <none>

DPIP-2#570 Warning
Input pipelining  
DSP gen_systolic[3].u_systolic/p_1_out__45 input gen_systolic[3].u_systolic/p_1_out__45/B[17:0] is not pipelined. Pipelining DSP48 input will improve performance.
Related violations: <none>

DPIP-2#571 Warning
Input pipelining  
DSP gen_systolic[3].u_systolic/p_1_out__46 input gen_systolic[3].u_systolic/p_1_out__46/A[29:0] is not pipelined. Pipelining DSP48 input will improve performance.
Related violations: <none>

DPIP-2#572 Warning
Input pipelining  
DSP gen_systolic[3].u_systolic/p_1_out__46 input gen_systolic[3].u_systolic/p_1_out__46/B[17:0] is not pipelined. Pipelining DSP48 input will improve performance.
Related violations: <none>

DPIP-2#573 Warning
Input pipelining  
DSP gen_systolic[3].u_systolic/p_1_out__47 input gen_systolic[3].u_systolic/p_1_out__47/A[29:0] is not pipelined. Pipelining DSP48 input will improve performance.
Related violations: <none>

DPIP-2#574 Warning
Input pipelining  
DSP gen_systolic[3].u_systolic/p_1_out__47 input gen_systolic[3].u_systolic/p_1_out__47/B[17:0] is not pipelined. Pipelining DSP48 input will improve performance.
Related violations: <none>

DPIP-2#575 Warning
Input pipelining  
DSP gen_systolic[3].u_systolic/p_1_out__48 input gen_systolic[3].u_systolic/p_1_out__48/A[29:0] is not pipelined. Pipelining DSP48 input will improve performance.
Related violations: <none>

DPIP-2#576 Warning
Input pipelining  
DSP gen_systolic[3].u_systolic/p_1_out__48 input gen_systolic[3].u_systolic/p_1_out__48/B[17:0] is not pipelined. Pipelining DSP48 input will improve performance.
Related violations: <none>

DPIP-2#577 Warning
Input pipelining  
DSP gen_systolic[3].u_systolic/p_1_out__49 input gen_systolic[3].u_systolic/p_1_out__49/A[29:0] is not pipelined. Pipelining DSP48 input will improve performance.
Related violations: <none>

DPIP-2#578 Warning
Input pipelining  
DSP gen_systolic[3].u_systolic/p_1_out__49 input gen_systolic[3].u_systolic/p_1_out__49/B[17:0] is not pipelined. Pipelining DSP48 input will improve performance.
Related violations: <none>

DPIP-2#579 Warning
Input pipelining  
DSP gen_systolic[3].u_systolic/p_1_out__5 input gen_systolic[3].u_systolic/p_1_out__5/A[29:0] is not pipelined. Pipelining DSP48 input will improve performance.
Related violations: <none>

DPIP-2#580 Warning
Input pipelining  
DSP gen_systolic[3].u_systolic/p_1_out__5 input gen_systolic[3].u_systolic/p_1_out__5/B[17:0] is not pipelined. Pipelining DSP48 input will improve performance.
Related violations: <none>

DPIP-2#581 Warning
Input pipelining  
DSP gen_systolic[3].u_systolic/p_1_out__50 input gen_systolic[3].u_systolic/p_1_out__50/A[29:0] is not pipelined. Pipelining DSP48 input will improve performance.
Related violations: <none>

DPIP-2#582 Warning
Input pipelining  
DSP gen_systolic[3].u_systolic/p_1_out__50 input gen_systolic[3].u_systolic/p_1_out__50/B[17:0] is not pipelined. Pipelining DSP48 input will improve performance.
Related violations: <none>

DPIP-2#583 Warning
Input pipelining  
DSP gen_systolic[3].u_systolic/p_1_out__51 input gen_systolic[3].u_systolic/p_1_out__51/A[29:0] is not pipelined. Pipelining DSP48 input will improve performance.
Related violations: <none>

DPIP-2#584 Warning
Input pipelining  
DSP gen_systolic[3].u_systolic/p_1_out__51 input gen_systolic[3].u_systolic/p_1_out__51/B[17:0] is not pipelined. Pipelining DSP48 input will improve performance.
Related violations: <none>

DPIP-2#585 Warning
Input pipelining  
DSP gen_systolic[3].u_systolic/p_1_out__52 input gen_systolic[3].u_systolic/p_1_out__52/A[29:0] is not pipelined. Pipelining DSP48 input will improve performance.
Related violations: <none>

DPIP-2#586 Warning
Input pipelining  
DSP gen_systolic[3].u_systolic/p_1_out__52 input gen_systolic[3].u_systolic/p_1_out__52/B[17:0] is not pipelined. Pipelining DSP48 input will improve performance.
Related violations: <none>

DPIP-2#587 Warning
Input pipelining  
DSP gen_systolic[3].u_systolic/p_1_out__53 input gen_systolic[3].u_systolic/p_1_out__53/A[29:0] is not pipelined. Pipelining DSP48 input will improve performance.
Related violations: <none>

DPIP-2#588 Warning
Input pipelining  
DSP gen_systolic[3].u_systolic/p_1_out__53 input gen_systolic[3].u_systolic/p_1_out__53/B[17:0] is not pipelined. Pipelining DSP48 input will improve performance.
Related violations: <none>

DPIP-2#589 Warning
Input pipelining  
DSP gen_systolic[3].u_systolic/p_1_out__54 input gen_systolic[3].u_systolic/p_1_out__54/A[29:0] is not pipelined. Pipelining DSP48 input will improve performance.
Related violations: <none>

DPIP-2#590 Warning
Input pipelining  
DSP gen_systolic[3].u_systolic/p_1_out__54 input gen_systolic[3].u_systolic/p_1_out__54/B[17:0] is not pipelined. Pipelining DSP48 input will improve performance.
Related violations: <none>

DPIP-2#591 Warning
Input pipelining  
DSP gen_systolic[3].u_systolic/p_1_out__55 input gen_systolic[3].u_systolic/p_1_out__55/A[29:0] is not pipelined. Pipelining DSP48 input will improve performance.
Related violations: <none>

DPIP-2#592 Warning
Input pipelining  
DSP gen_systolic[3].u_systolic/p_1_out__55 input gen_systolic[3].u_systolic/p_1_out__55/B[17:0] is not pipelined. Pipelining DSP48 input will improve performance.
Related violations: <none>

DPIP-2#593 Warning
Input pipelining  
DSP gen_systolic[3].u_systolic/p_1_out__56 input gen_systolic[3].u_systolic/p_1_out__56/A[29:0] is not pipelined. Pipelining DSP48 input will improve performance.
Related violations: <none>

DPIP-2#594 Warning
Input pipelining  
DSP gen_systolic[3].u_systolic/p_1_out__56 input gen_systolic[3].u_systolic/p_1_out__56/B[17:0] is not pipelined. Pipelining DSP48 input will improve performance.
Related violations: <none>

DPIP-2#595 Warning
Input pipelining  
DSP gen_systolic[3].u_systolic/p_1_out__57 input gen_systolic[3].u_systolic/p_1_out__57/A[29:0] is not pipelined. Pipelining DSP48 input will improve performance.
Related violations: <none>

DPIP-2#596 Warning
Input pipelining  
DSP gen_systolic[3].u_systolic/p_1_out__57 input gen_systolic[3].u_systolic/p_1_out__57/B[17:0] is not pipelined. Pipelining DSP48 input will improve performance.
Related violations: <none>

DPIP-2#597 Warning
Input pipelining  
DSP gen_systolic[3].u_systolic/p_1_out__58 input gen_systolic[3].u_systolic/p_1_out__58/A[29:0] is not pipelined. Pipelining DSP48 input will improve performance.
Related violations: <none>

DPIP-2#598 Warning
Input pipelining  
DSP gen_systolic[3].u_systolic/p_1_out__58 input gen_systolic[3].u_systolic/p_1_out__58/B[17:0] is not pipelined. Pipelining DSP48 input will improve performance.
Related violations: <none>

DPIP-2#599 Warning
Input pipelining  
DSP gen_systolic[3].u_systolic/p_1_out__59 input gen_systolic[3].u_systolic/p_1_out__59/A[29:0] is not pipelined. Pipelining DSP48 input will improve performance.
Related violations: <none>

DPIP-2#600 Warning
Input pipelining  
DSP gen_systolic[3].u_systolic/p_1_out__59 input gen_systolic[3].u_systolic/p_1_out__59/B[17:0] is not pipelined. Pipelining DSP48 input will improve performance.
Related violations: <none>

DPIP-2#601 Warning
Input pipelining  
DSP gen_systolic[3].u_systolic/p_1_out__6 input gen_systolic[3].u_systolic/p_1_out__6/A[29:0] is not pipelined. Pipelining DSP48 input will improve performance.
Related violations: <none>

DPIP-2#602 Warning
Input pipelining  
DSP gen_systolic[3].u_systolic/p_1_out__6 input gen_systolic[3].u_systolic/p_1_out__6/B[17:0] is not pipelined. Pipelining DSP48 input will improve performance.
Related violations: <none>

DPIP-2#603 Warning
Input pipelining  
DSP gen_systolic[3].u_systolic/p_1_out__60 input gen_systolic[3].u_systolic/p_1_out__60/A[29:0] is not pipelined. Pipelining DSP48 input will improve performance.
Related violations: <none>

DPIP-2#604 Warning
Input pipelining  
DSP gen_systolic[3].u_systolic/p_1_out__60 input gen_systolic[3].u_systolic/p_1_out__60/B[17:0] is not pipelined. Pipelining DSP48 input will improve performance.
Related violations: <none>

DPIP-2#605 Warning
Input pipelining  
DSP gen_systolic[3].u_systolic/p_1_out__61 input gen_systolic[3].u_systolic/p_1_out__61/A[29:0] is not pipelined. Pipelining DSP48 input will improve performance.
Related violations: <none>

DPIP-2#606 Warning
Input pipelining  
DSP gen_systolic[3].u_systolic/p_1_out__61 input gen_systolic[3].u_systolic/p_1_out__61/B[17:0] is not pipelined. Pipelining DSP48 input will improve performance.
Related violations: <none>

DPIP-2#607 Warning
Input pipelining  
DSP gen_systolic[3].u_systolic/p_1_out__62 input gen_systolic[3].u_systolic/p_1_out__62/A[29:0] is not pipelined. Pipelining DSP48 input will improve performance.
Related violations: <none>

DPIP-2#608 Warning
Input pipelining  
DSP gen_systolic[3].u_systolic/p_1_out__62 input gen_systolic[3].u_systolic/p_1_out__62/B[17:0] is not pipelined. Pipelining DSP48 input will improve performance.
Related violations: <none>

DPIP-2#609 Warning
Input pipelining  
DSP gen_systolic[3].u_systolic/p_1_out__63 input gen_systolic[3].u_systolic/p_1_out__63/A[29:0] is not pipelined. Pipelining DSP48 input will improve performance.
Related violations: <none>

DPIP-2#610 Warning
Input pipelining  
DSP gen_systolic[3].u_systolic/p_1_out__63 input gen_systolic[3].u_systolic/p_1_out__63/B[17:0] is not pipelined. Pipelining DSP48 input will improve performance.
Related violations: <none>

DPIP-2#611 Warning
Input pipelining  
DSP gen_systolic[3].u_systolic/p_1_out__64 input gen_systolic[3].u_systolic/p_1_out__64/A[29:0] is not pipelined. Pipelining DSP48 input will improve performance.
Related violations: <none>

DPIP-2#612 Warning
Input pipelining  
DSP gen_systolic[3].u_systolic/p_1_out__64 input gen_systolic[3].u_systolic/p_1_out__64/B[17:0] is not pipelined. Pipelining DSP48 input will improve performance.
Related violations: <none>

DPIP-2#613 Warning
Input pipelining  
DSP gen_systolic[3].u_systolic/p_1_out__65 input gen_systolic[3].u_systolic/p_1_out__65/A[29:0] is not pipelined. Pipelining DSP48 input will improve performance.
Related violations: <none>

DPIP-2#614 Warning
Input pipelining  
DSP gen_systolic[3].u_systolic/p_1_out__65 input gen_systolic[3].u_systolic/p_1_out__65/B[17:0] is not pipelined. Pipelining DSP48 input will improve performance.
Related violations: <none>

DPIP-2#615 Warning
Input pipelining  
DSP gen_systolic[3].u_systolic/p_1_out__66 input gen_systolic[3].u_systolic/p_1_out__66/A[29:0] is not pipelined. Pipelining DSP48 input will improve performance.
Related violations: <none>

DPIP-2#616 Warning
Input pipelining  
DSP gen_systolic[3].u_systolic/p_1_out__66 input gen_systolic[3].u_systolic/p_1_out__66/B[17:0] is not pipelined. Pipelining DSP48 input will improve performance.
Related violations: <none>

DPIP-2#617 Warning
Input pipelining  
DSP gen_systolic[3].u_systolic/p_1_out__67 input gen_systolic[3].u_systolic/p_1_out__67/A[29:0] is not pipelined. Pipelining DSP48 input will improve performance.
Related violations: <none>

DPIP-2#618 Warning
Input pipelining  
DSP gen_systolic[3].u_systolic/p_1_out__67 input gen_systolic[3].u_systolic/p_1_out__67/B[17:0] is not pipelined. Pipelining DSP48 input will improve performance.
Related violations: <none>

DPIP-2#619 Warning
Input pipelining  
DSP gen_systolic[3].u_systolic/p_1_out__68 input gen_systolic[3].u_systolic/p_1_out__68/A[29:0] is not pipelined. Pipelining DSP48 input will improve performance.
Related violations: <none>

DPIP-2#620 Warning
Input pipelining  
DSP gen_systolic[3].u_systolic/p_1_out__68 input gen_systolic[3].u_systolic/p_1_out__68/B[17:0] is not pipelined. Pipelining DSP48 input will improve performance.
Related violations: <none>

DPIP-2#621 Warning
Input pipelining  
DSP gen_systolic[3].u_systolic/p_1_out__69 input gen_systolic[3].u_systolic/p_1_out__69/A[29:0] is not pipelined. Pipelining DSP48 input will improve performance.
Related violations: <none>

DPIP-2#622 Warning
Input pipelining  
DSP gen_systolic[3].u_systolic/p_1_out__69 input gen_systolic[3].u_systolic/p_1_out__69/B[17:0] is not pipelined. Pipelining DSP48 input will improve performance.
Related violations: <none>

DPIP-2#623 Warning
Input pipelining  
DSP gen_systolic[3].u_systolic/p_1_out__7 input gen_systolic[3].u_systolic/p_1_out__7/A[29:0] is not pipelined. Pipelining DSP48 input will improve performance.
Related violations: <none>

DPIP-2#624 Warning
Input pipelining  
DSP gen_systolic[3].u_systolic/p_1_out__7 input gen_systolic[3].u_systolic/p_1_out__7/B[17:0] is not pipelined. Pipelining DSP48 input will improve performance.
Related violations: <none>

DPIP-2#625 Warning
Input pipelining  
DSP gen_systolic[3].u_systolic/p_1_out__70 input gen_systolic[3].u_systolic/p_1_out__70/A[29:0] is not pipelined. Pipelining DSP48 input will improve performance.
Related violations: <none>

DPIP-2#626 Warning
Input pipelining  
DSP gen_systolic[3].u_systolic/p_1_out__70 input gen_systolic[3].u_systolic/p_1_out__70/B[17:0] is not pipelined. Pipelining DSP48 input will improve performance.
Related violations: <none>

DPIP-2#627 Warning
Input pipelining  
DSP gen_systolic[3].u_systolic/p_1_out__71 input gen_systolic[3].u_systolic/p_1_out__71/A[29:0] is not pipelined. Pipelining DSP48 input will improve performance.
Related violations: <none>

DPIP-2#628 Warning
Input pipelining  
DSP gen_systolic[3].u_systolic/p_1_out__71 input gen_systolic[3].u_systolic/p_1_out__71/B[17:0] is not pipelined. Pipelining DSP48 input will improve performance.
Related violations: <none>

DPIP-2#629 Warning
Input pipelining  
DSP gen_systolic[3].u_systolic/p_1_out__72 input gen_systolic[3].u_systolic/p_1_out__72/A[29:0] is not pipelined. Pipelining DSP48 input will improve performance.
Related violations: <none>

DPIP-2#630 Warning
Input pipelining  
DSP gen_systolic[3].u_systolic/p_1_out__72 input gen_systolic[3].u_systolic/p_1_out__72/B[17:0] is not pipelined. Pipelining DSP48 input will improve performance.
Related violations: <none>

DPIP-2#631 Warning
Input pipelining  
DSP gen_systolic[3].u_systolic/p_1_out__73 input gen_systolic[3].u_systolic/p_1_out__73/A[29:0] is not pipelined. Pipelining DSP48 input will improve performance.
Related violations: <none>

DPIP-2#632 Warning
Input pipelining  
DSP gen_systolic[3].u_systolic/p_1_out__73 input gen_systolic[3].u_systolic/p_1_out__73/B[17:0] is not pipelined. Pipelining DSP48 input will improve performance.
Related violations: <none>

DPIP-2#633 Warning
Input pipelining  
DSP gen_systolic[3].u_systolic/p_1_out__74 input gen_systolic[3].u_systolic/p_1_out__74/A[29:0] is not pipelined. Pipelining DSP48 input will improve performance.
Related violations: <none>

DPIP-2#634 Warning
Input pipelining  
DSP gen_systolic[3].u_systolic/p_1_out__74 input gen_systolic[3].u_systolic/p_1_out__74/B[17:0] is not pipelined. Pipelining DSP48 input will improve performance.
Related violations: <none>

DPIP-2#635 Warning
Input pipelining  
DSP gen_systolic[3].u_systolic/p_1_out__75 input gen_systolic[3].u_systolic/p_1_out__75/A[29:0] is not pipelined. Pipelining DSP48 input will improve performance.
Related violations: <none>

DPIP-2#636 Warning
Input pipelining  
DSP gen_systolic[3].u_systolic/p_1_out__75 input gen_systolic[3].u_systolic/p_1_out__75/B[17:0] is not pipelined. Pipelining DSP48 input will improve performance.
Related violations: <none>

DPIP-2#637 Warning
Input pipelining  
DSP gen_systolic[3].u_systolic/p_1_out__76 input gen_systolic[3].u_systolic/p_1_out__76/A[29:0] is not pipelined. Pipelining DSP48 input will improve performance.
Related violations: <none>

DPIP-2#638 Warning
Input pipelining  
DSP gen_systolic[3].u_systolic/p_1_out__76 input gen_systolic[3].u_systolic/p_1_out__76/B[17:0] is not pipelined. Pipelining DSP48 input will improve performance.
Related violations: <none>

DPIP-2#639 Warning
Input pipelining  
DSP gen_systolic[3].u_systolic/p_1_out__77 input gen_systolic[3].u_systolic/p_1_out__77/A[29:0] is not pipelined. Pipelining DSP48 input will improve performance.
Related violations: <none>

DPIP-2#640 Warning
Input pipelining  
DSP gen_systolic[3].u_systolic/p_1_out__77 input gen_systolic[3].u_systolic/p_1_out__77/B[17:0] is not pipelined. Pipelining DSP48 input will improve performance.
Related violations: <none>

DPIP-2#641 Warning
Input pipelining  
DSP gen_systolic[3].u_systolic/p_1_out__78 input gen_systolic[3].u_systolic/p_1_out__78/A[29:0] is not pipelined. Pipelining DSP48 input will improve performance.
Related violations: <none>

DPIP-2#642 Warning
Input pipelining  
DSP gen_systolic[3].u_systolic/p_1_out__78 input gen_systolic[3].u_systolic/p_1_out__78/B[17:0] is not pipelined. Pipelining DSP48 input will improve performance.
Related violations: <none>

DPIP-2#643 Warning
Input pipelining  
DSP gen_systolic[3].u_systolic/p_1_out__79 input gen_systolic[3].u_systolic/p_1_out__79/A[29:0] is not pipelined. Pipelining DSP48 input will improve performance.
Related violations: <none>

DPIP-2#644 Warning
Input pipelining  
DSP gen_systolic[3].u_systolic/p_1_out__79 input gen_systolic[3].u_systolic/p_1_out__79/B[17:0] is not pipelined. Pipelining DSP48 input will improve performance.
Related violations: <none>

DPIP-2#645 Warning
Input pipelining  
DSP gen_systolic[3].u_systolic/p_1_out__8 input gen_systolic[3].u_systolic/p_1_out__8/A[29:0] is not pipelined. Pipelining DSP48 input will improve performance.
Related violations: <none>

DPIP-2#646 Warning
Input pipelining  
DSP gen_systolic[3].u_systolic/p_1_out__8 input gen_systolic[3].u_systolic/p_1_out__8/B[17:0] is not pipelined. Pipelining DSP48 input will improve performance.
Related violations: <none>

DPIP-2#647 Warning
Input pipelining  
DSP gen_systolic[3].u_systolic/p_1_out__9 input gen_systolic[3].u_systolic/p_1_out__9/A[29:0] is not pipelined. Pipelining DSP48 input will improve performance.
Related violations: <none>

DPIP-2#648 Warning
Input pipelining  
DSP gen_systolic[3].u_systolic/p_1_out__9 input gen_systolic[3].u_systolic/p_1_out__9/B[17:0] is not pipelined. Pipelining DSP48 input will improve performance.
Related violations: <none>

DPIP-2#649 Warning
Input pipelining  
DSP u_tinyml/bn_result2 input u_tinyml/bn_result2/A[29:0] is not pipelined. Pipelining DSP48 input will improve performance.
Related violations: <none>

DPIP-2#650 Warning
Input pipelining  
DSP u_tinyml/bn_result2 input u_tinyml/bn_result2/B[17:0] is not pipelined. Pipelining DSP48 input will improve performance.
Related violations: <none>

DPIP-2#651 Warning
Input pipelining  
DSP u_tinyml/bn_result2__0 input u_tinyml/bn_result2__0/A[29:0] is not pipelined. Pipelining DSP48 input will improve performance.
Related violations: <none>

DPIP-2#652 Warning
Input pipelining  
DSP u_tinyml/bn_result2__0 input u_tinyml/bn_result2__0/B[17:0] is not pipelined. Pipelining DSP48 input will improve performance.
Related violations: <none>

DPOP-3#1 Warning
PREG Output pipelining  
DSP gen_systolic[0].u_systolic/p_1_out__0 output gen_systolic[0].u_systolic/p_1_out__0/P[47:0] is not pipelined (PREG=0). Pipelining the DSP48 output will improve performance and often saves power so it is suggested whenever possible to fully pipeline this function.  If this DSP48 function was inferred, it is suggested to describe an additional register stage after this function.  If the DSP48 was instantiated in the design, it is suggested to set the PREG attribute to 1.
Related violations: <none>

DPOP-3#2 Warning
PREG Output pipelining  
DSP gen_systolic[0].u_systolic/p_1_out__1 output gen_systolic[0].u_systolic/p_1_out__1/P[47:0] is not pipelined (PREG=0). Pipelining the DSP48 output will improve performance and often saves power so it is suggested whenever possible to fully pipeline this function.  If this DSP48 function was inferred, it is suggested to describe an additional register stage after this function.  If the DSP48 was instantiated in the design, it is suggested to set the PREG attribute to 1.
Related violations: <none>

DPOP-3#3 Warning
PREG Output pipelining  
DSP gen_systolic[0].u_systolic/p_1_out__10 output gen_systolic[0].u_systolic/p_1_out__10/P[47:0] is not pipelined (PREG=0). Pipelining the DSP48 output will improve performance and often saves power so it is suggested whenever possible to fully pipeline this function.  If this DSP48 function was inferred, it is suggested to describe an additional register stage after this function.  If the DSP48 was instantiated in the design, it is suggested to set the PREG attribute to 1.
Related violations: <none>

DPOP-3#4 Warning
PREG Output pipelining  
DSP gen_systolic[0].u_systolic/p_1_out__13 output gen_systolic[0].u_systolic/p_1_out__13/P[47:0] is not pipelined (PREG=0). Pipelining the DSP48 output will improve performance and often saves power so it is suggested whenever possible to fully pipeline this function.  If this DSP48 function was inferred, it is suggested to describe an additional register stage after this function.  If the DSP48 was instantiated in the design, it is suggested to set the PREG attribute to 1.
Related violations: <none>

DPOP-3#5 Warning
PREG Output pipelining  
DSP gen_systolic[0].u_systolic/p_1_out__16 output gen_systolic[0].u_systolic/p_1_out__16/P[47:0] is not pipelined (PREG=0). Pipelining the DSP48 output will improve performance and often saves power so it is suggested whenever possible to fully pipeline this function.  If this DSP48 function was inferred, it is suggested to describe an additional register stage after this function.  If the DSP48 was instantiated in the design, it is suggested to set the PREG attribute to 1.
Related violations: <none>

DPOP-3#6 Warning
PREG Output pipelining  
DSP gen_systolic[0].u_systolic/p_1_out__18 output gen_systolic[0].u_systolic/p_1_out__18/P[47:0] is not pipelined (PREG=0). Pipelining the DSP48 output will improve performance and often saves power so it is suggested whenever possible to fully pipeline this function.  If this DSP48 function was inferred, it is suggested to describe an additional register stage after this function.  If the DSP48 was instantiated in the design, it is suggested to set the PREG attribute to 1.
Related violations: <none>

DPOP-3#7 Warning
PREG Output pipelining  
DSP gen_systolic[0].u_systolic/p_1_out__19 output gen_systolic[0].u_systolic/p_1_out__19/P[47:0] is not pipelined (PREG=0). Pipelining the DSP48 output will improve performance and often saves power so it is suggested whenever possible to fully pipeline this function.  If this DSP48 function was inferred, it is suggested to describe an additional register stage after this function.  If the DSP48 was instantiated in the design, it is suggested to set the PREG attribute to 1.
Related violations: <none>

DPOP-3#8 Warning
PREG Output pipelining  
DSP gen_systolic[0].u_systolic/p_1_out__22 output gen_systolic[0].u_systolic/p_1_out__22/P[47:0] is not pipelined (PREG=0). Pipelining the DSP48 output will improve performance and often saves power so it is suggested whenever possible to fully pipeline this function.  If this DSP48 function was inferred, it is suggested to describe an additional register stage after this function.  If the DSP48 was instantiated in the design, it is suggested to set the PREG attribute to 1.
Related violations: <none>

DPOP-3#9 Warning
PREG Output pipelining  
DSP gen_systolic[0].u_systolic/p_1_out__25 output gen_systolic[0].u_systolic/p_1_out__25/P[47:0] is not pipelined (PREG=0). Pipelining the DSP48 output will improve performance and often saves power so it is suggested whenever possible to fully pipeline this function.  If this DSP48 function was inferred, it is suggested to describe an additional register stage after this function.  If the DSP48 was instantiated in the design, it is suggested to set the PREG attribute to 1.
Related violations: <none>

DPOP-3#10 Warning
PREG Output pipelining  
DSP gen_systolic[0].u_systolic/p_1_out__27 output gen_systolic[0].u_systolic/p_1_out__27/P[47:0] is not pipelined (PREG=0). Pipelining the DSP48 output will improve performance and often saves power so it is suggested whenever possible to fully pipeline this function.  If this DSP48 function was inferred, it is suggested to describe an additional register stage after this function.  If the DSP48 was instantiated in the design, it is suggested to set the PREG attribute to 1.
Related violations: <none>

DPOP-3#11 Warning
PREG Output pipelining  
DSP gen_systolic[0].u_systolic/p_1_out__28 output gen_systolic[0].u_systolic/p_1_out__28/P[47:0] is not pipelined (PREG=0). Pipelining the DSP48 output will improve performance and often saves power so it is suggested whenever possible to fully pipeline this function.  If this DSP48 function was inferred, it is suggested to describe an additional register stage after this function.  If the DSP48 was instantiated in the design, it is suggested to set the PREG attribute to 1.
Related violations: <none>

DPOP-3#12 Warning
PREG Output pipelining  
DSP gen_systolic[0].u_systolic/p_1_out__31 output gen_systolic[0].u_systolic/p_1_out__31/P[47:0] is not pipelined (PREG=0). Pipelining the DSP48 output will improve performance and often saves power so it is suggested whenever possible to fully pipeline this function.  If this DSP48 function was inferred, it is suggested to describe an additional register stage after this function.  If the DSP48 was instantiated in the design, it is suggested to set the PREG attribute to 1.
Related violations: <none>

DPOP-3#13 Warning
PREG Output pipelining  
DSP gen_systolic[0].u_systolic/p_1_out__34 output gen_systolic[0].u_systolic/p_1_out__34/P[47:0] is not pipelined (PREG=0). Pipelining the DSP48 output will improve performance and often saves power so it is suggested whenever possible to fully pipeline this function.  If this DSP48 function was inferred, it is suggested to describe an additional register stage after this function.  If the DSP48 was instantiated in the design, it is suggested to set the PREG attribute to 1.
Related violations: <none>

DPOP-3#14 Warning
PREG Output pipelining  
DSP gen_systolic[0].u_systolic/p_1_out__36 output gen_systolic[0].u_systolic/p_1_out__36/P[47:0] is not pipelined (PREG=0). Pipelining the DSP48 output will improve performance and often saves power so it is suggested whenever possible to fully pipeline this function.  If this DSP48 function was inferred, it is suggested to describe an additional register stage after this function.  If the DSP48 was instantiated in the design, it is suggested to set the PREG attribute to 1.
Related violations: <none>

DPOP-3#15 Warning
PREG Output pipelining  
DSP gen_systolic[0].u_systolic/p_1_out__37 output gen_systolic[0].u_systolic/p_1_out__37/P[47:0] is not pipelined (PREG=0). Pipelining the DSP48 output will improve performance and often saves power so it is suggested whenever possible to fully pipeline this function.  If this DSP48 function was inferred, it is suggested to describe an additional register stage after this function.  If the DSP48 was instantiated in the design, it is suggested to set the PREG attribute to 1.
Related violations: <none>

DPOP-3#16 Warning
PREG Output pipelining  
DSP gen_systolic[0].u_systolic/p_1_out__4 output gen_systolic[0].u_systolic/p_1_out__4/P[47:0] is not pipelined (PREG=0). Pipelining the DSP48 output will improve performance and often saves power so it is suggested whenever possible to fully pipeline this function.  If this DSP48 function was inferred, it is suggested to describe an additional register stage after this function.  If the DSP48 was instantiated in the design, it is suggested to set the PREG attribute to 1.
Related violations: <none>

DPOP-3#17 Warning
PREG Output pipelining  
DSP gen_systolic[0].u_systolic/p_1_out__40 output gen_systolic[0].u_systolic/p_1_out__40/P[47:0] is not pipelined (PREG=0). Pipelining the DSP48 output will improve performance and often saves power so it is suggested whenever possible to fully pipeline this function.  If this DSP48 function was inferred, it is suggested to describe an additional register stage after this function.  If the DSP48 was instantiated in the design, it is suggested to set the PREG attribute to 1.
Related violations: <none>

DPOP-3#18 Warning
PREG Output pipelining  
DSP gen_systolic[0].u_systolic/p_1_out__43 output gen_systolic[0].u_systolic/p_1_out__43/P[47:0] is not pipelined (PREG=0). Pipelining the DSP48 output will improve performance and often saves power so it is suggested whenever possible to fully pipeline this function.  If this DSP48 function was inferred, it is suggested to describe an additional register stage after this function.  If the DSP48 was instantiated in the design, it is suggested to set the PREG attribute to 1.
Related violations: <none>

DPOP-3#19 Warning
PREG Output pipelining  
DSP gen_systolic[0].u_systolic/p_1_out__45 output gen_systolic[0].u_systolic/p_1_out__45/P[47:0] is not pipelined (PREG=0). Pipelining the DSP48 output will improve performance and often saves power so it is suggested whenever possible to fully pipeline this function.  If this DSP48 function was inferred, it is suggested to describe an additional register stage after this function.  If the DSP48 was instantiated in the design, it is suggested to set the PREG attribute to 1.
Related violations: <none>

DPOP-3#20 Warning
PREG Output pipelining  
DSP gen_systolic[0].u_systolic/p_1_out__46 output gen_systolic[0].u_systolic/p_1_out__46/P[47:0] is not pipelined (PREG=0). Pipelining the DSP48 output will improve performance and often saves power so it is suggested whenever possible to fully pipeline this function.  If this DSP48 function was inferred, it is suggested to describe an additional register stage after this function.  If the DSP48 was instantiated in the design, it is suggested to set the PREG attribute to 1.
Related violations: <none>

DPOP-3#21 Warning
PREG Output pipelining  
DSP gen_systolic[0].u_systolic/p_1_out__49 output gen_systolic[0].u_systolic/p_1_out__49/P[47:0] is not pipelined (PREG=0). Pipelining the DSP48 output will improve performance and often saves power so it is suggested whenever possible to fully pipeline this function.  If this DSP48 function was inferred, it is suggested to describe an additional register stage after this function.  If the DSP48 was instantiated in the design, it is suggested to set the PREG attribute to 1.
Related violations: <none>

DPOP-3#22 Warning
PREG Output pipelining  
DSP gen_systolic[0].u_systolic/p_1_out__52 output gen_systolic[0].u_systolic/p_1_out__52/P[47:0] is not pipelined (PREG=0). Pipelining the DSP48 output will improve performance and often saves power so it is suggested whenever possible to fully pipeline this function.  If this DSP48 function was inferred, it is suggested to describe an additional register stage after this function.  If the DSP48 was instantiated in the design, it is suggested to set the PREG attribute to 1.
Related violations: <none>

DPOP-3#23 Warning
PREG Output pipelining  
DSP gen_systolic[0].u_systolic/p_1_out__54 output gen_systolic[0].u_systolic/p_1_out__54/P[47:0] is not pipelined (PREG=0). Pipelining the DSP48 output will improve performance and often saves power so it is suggested whenever possible to fully pipeline this function.  If this DSP48 function was inferred, it is suggested to describe an additional register stage after this function.  If the DSP48 was instantiated in the design, it is suggested to set the PREG attribute to 1.
Related violations: <none>

DPOP-3#24 Warning
PREG Output pipelining  
DSP gen_systolic[0].u_systolic/p_1_out__55 output gen_systolic[0].u_systolic/p_1_out__55/P[47:0] is not pipelined (PREG=0). Pipelining the DSP48 output will improve performance and often saves power so it is suggested whenever possible to fully pipeline this function.  If this DSP48 function was inferred, it is suggested to describe an additional register stage after this function.  If the DSP48 was instantiated in the design, it is suggested to set the PREG attribute to 1.
Related violations: <none>

DPOP-3#25 Warning
PREG Output pipelining  
DSP gen_systolic[0].u_systolic/p_1_out__58 output gen_systolic[0].u_systolic/p_1_out__58/P[47:0] is not pipelined (PREG=0). Pipelining the DSP48 output will improve performance and often saves power so it is suggested whenever possible to fully pipeline this function.  If this DSP48 function was inferred, it is suggested to describe an additional register stage after this function.  If the DSP48 was instantiated in the design, it is suggested to set the PREG attribute to 1.
Related violations: <none>

DPOP-3#26 Warning
PREG Output pipelining  
DSP gen_systolic[0].u_systolic/p_1_out__61 output gen_systolic[0].u_systolic/p_1_out__61/P[47:0] is not pipelined (PREG=0). Pipelining the DSP48 output will improve performance and often saves power so it is suggested whenever possible to fully pipeline this function.  If this DSP48 function was inferred, it is suggested to describe an additional register stage after this function.  If the DSP48 was instantiated in the design, it is suggested to set the PREG attribute to 1.
Related violations: <none>

DPOP-3#27 Warning
PREG Output pipelining  
DSP gen_systolic[0].u_systolic/p_1_out__63 output gen_systolic[0].u_systolic/p_1_out__63/P[47:0] is not pipelined (PREG=0). Pipelining the DSP48 output will improve performance and often saves power so it is suggested whenever possible to fully pipeline this function.  If this DSP48 function was inferred, it is suggested to describe an additional register stage after this function.  If the DSP48 was instantiated in the design, it is suggested to set the PREG attribute to 1.
Related violations: <none>

DPOP-3#28 Warning
PREG Output pipelining  
DSP gen_systolic[0].u_systolic/p_1_out__64 output gen_systolic[0].u_systolic/p_1_out__64/P[47:0] is not pipelined (PREG=0). Pipelining the DSP48 output will improve performance and often saves power so it is suggested whenever possible to fully pipeline this function.  If this DSP48 function was inferred, it is suggested to describe an additional register stage after this function.  If the DSP48 was instantiated in the design, it is suggested to set the PREG attribute to 1.
Related violations: <none>

DPOP-3#29 Warning
PREG Output pipelining  
DSP gen_systolic[0].u_systolic/p_1_out__67 output gen_systolic[0].u_systolic/p_1_out__67/P[47:0] is not pipelined (PREG=0). Pipelining the DSP48 output will improve performance and often saves power so it is suggested whenever possible to fully pipeline this function.  If this DSP48 function was inferred, it is suggested to describe an additional register stage after this function.  If the DSP48 was instantiated in the design, it is suggested to set the PREG attribute to 1.
Related violations: <none>

DPOP-3#30 Warning
PREG Output pipelining  
DSP gen_systolic[0].u_systolic/p_1_out__7 output gen_systolic[0].u_systolic/p_1_out__7/P[47:0] is not pipelined (PREG=0). Pipelining the DSP48 output will improve performance and often saves power so it is suggested whenever possible to fully pipeline this function.  If this DSP48 function was inferred, it is suggested to describe an additional register stage after this function.  If the DSP48 was instantiated in the design, it is suggested to set the PREG attribute to 1.
Related violations: <none>

DPOP-3#31 Warning
PREG Output pipelining  
DSP gen_systolic[0].u_systolic/p_1_out__70 output gen_systolic[0].u_systolic/p_1_out__70/P[47:0] is not pipelined (PREG=0). Pipelining the DSP48 output will improve performance and often saves power so it is suggested whenever possible to fully pipeline this function.  If this DSP48 function was inferred, it is suggested to describe an additional register stage after this function.  If the DSP48 was instantiated in the design, it is suggested to set the PREG attribute to 1.
Related violations: <none>

DPOP-3#32 Warning
PREG Output pipelining  
DSP gen_systolic[0].u_systolic/p_1_out__72 output gen_systolic[0].u_systolic/p_1_out__72/P[47:0] is not pipelined (PREG=0). Pipelining the DSP48 output will improve performance and often saves power so it is suggested whenever possible to fully pipeline this function.  If this DSP48 function was inferred, it is suggested to describe an additional register stage after this function.  If the DSP48 was instantiated in the design, it is suggested to set the PREG attribute to 1.
Related violations: <none>

DPOP-3#33 Warning
PREG Output pipelining  
DSP gen_systolic[0].u_systolic/p_1_out__73 output gen_systolic[0].u_systolic/p_1_out__73/P[47:0] is not pipelined (PREG=0). Pipelining the DSP48 output will improve performance and often saves power so it is suggested whenever possible to fully pipeline this function.  If this DSP48 function was inferred, it is suggested to describe an additional register stage after this function.  If the DSP48 was instantiated in the design, it is suggested to set the PREG attribute to 1.
Related violations: <none>

DPOP-3#34 Warning
PREG Output pipelining  
DSP gen_systolic[0].u_systolic/p_1_out__76 output gen_systolic[0].u_systolic/p_1_out__76/P[47:0] is not pipelined (PREG=0). Pipelining the DSP48 output will improve performance and often saves power so it is suggested whenever possible to fully pipeline this function.  If this DSP48 function was inferred, it is suggested to describe an additional register stage after this function.  If the DSP48 was instantiated in the design, it is suggested to set the PREG attribute to 1.
Related violations: <none>

DPOP-3#35 Warning
PREG Output pipelining  
DSP gen_systolic[0].u_systolic/p_1_out__79 output gen_systolic[0].u_systolic/p_1_out__79/P[47:0] is not pipelined (PREG=0). Pipelining the DSP48 output will improve performance and often saves power so it is suggested whenever possible to fully pipeline this function.  If this DSP48 function was inferred, it is suggested to describe an additional register stage after this function.  If the DSP48 was instantiated in the design, it is suggested to set the PREG attribute to 1.
Related violations: <none>

DPOP-3#36 Warning
PREG Output pipelining  
DSP gen_systolic[0].u_systolic/p_1_out__9 output gen_systolic[0].u_systolic/p_1_out__9/P[47:0] is not pipelined (PREG=0). Pipelining the DSP48 output will improve performance and often saves power so it is suggested whenever possible to fully pipeline this function.  If this DSP48 function was inferred, it is suggested to describe an additional register stage after this function.  If the DSP48 was instantiated in the design, it is suggested to set the PREG attribute to 1.
Related violations: <none>

DPOP-3#37 Warning
PREG Output pipelining  
DSP gen_systolic[1].u_systolic/p_1_out__0 output gen_systolic[1].u_systolic/p_1_out__0/P[47:0] is not pipelined (PREG=0). Pipelining the DSP48 output will improve performance and often saves power so it is suggested whenever possible to fully pipeline this function.  If this DSP48 function was inferred, it is suggested to describe an additional register stage after this function.  If the DSP48 was instantiated in the design, it is suggested to set the PREG attribute to 1.
Related violations: <none>

DPOP-3#38 Warning
PREG Output pipelining  
DSP gen_systolic[1].u_systolic/p_1_out__1 output gen_systolic[1].u_systolic/p_1_out__1/P[47:0] is not pipelined (PREG=0). Pipelining the DSP48 output will improve performance and often saves power so it is suggested whenever possible to fully pipeline this function.  If this DSP48 function was inferred, it is suggested to describe an additional register stage after this function.  If the DSP48 was instantiated in the design, it is suggested to set the PREG attribute to 1.
Related violations: <none>

DPOP-3#39 Warning
PREG Output pipelining  
DSP gen_systolic[1].u_systolic/p_1_out__10 output gen_systolic[1].u_systolic/p_1_out__10/P[47:0] is not pipelined (PREG=0). Pipelining the DSP48 output will improve performance and often saves power so it is suggested whenever possible to fully pipeline this function.  If this DSP48 function was inferred, it is suggested to describe an additional register stage after this function.  If the DSP48 was instantiated in the design, it is suggested to set the PREG attribute to 1.
Related violations: <none>

DPOP-3#40 Warning
PREG Output pipelining  
DSP gen_systolic[1].u_systolic/p_1_out__13 output gen_systolic[1].u_systolic/p_1_out__13/P[47:0] is not pipelined (PREG=0). Pipelining the DSP48 output will improve performance and often saves power so it is suggested whenever possible to fully pipeline this function.  If this DSP48 function was inferred, it is suggested to describe an additional register stage after this function.  If the DSP48 was instantiated in the design, it is suggested to set the PREG attribute to 1.
Related violations: <none>

DPOP-3#41 Warning
PREG Output pipelining  
DSP gen_systolic[1].u_systolic/p_1_out__16 output gen_systolic[1].u_systolic/p_1_out__16/P[47:0] is not pipelined (PREG=0). Pipelining the DSP48 output will improve performance and often saves power so it is suggested whenever possible to fully pipeline this function.  If this DSP48 function was inferred, it is suggested to describe an additional register stage after this function.  If the DSP48 was instantiated in the design, it is suggested to set the PREG attribute to 1.
Related violations: <none>

DPOP-3#42 Warning
PREG Output pipelining  
DSP gen_systolic[1].u_systolic/p_1_out__18 output gen_systolic[1].u_systolic/p_1_out__18/P[47:0] is not pipelined (PREG=0). Pipelining the DSP48 output will improve performance and often saves power so it is suggested whenever possible to fully pipeline this function.  If this DSP48 function was inferred, it is suggested to describe an additional register stage after this function.  If the DSP48 was instantiated in the design, it is suggested to set the PREG attribute to 1.
Related violations: <none>

DPOP-3#43 Warning
PREG Output pipelining  
DSP gen_systolic[1].u_systolic/p_1_out__19 output gen_systolic[1].u_systolic/p_1_out__19/P[47:0] is not pipelined (PREG=0). Pipelining the DSP48 output will improve performance and often saves power so it is suggested whenever possible to fully pipeline this function.  If this DSP48 function was inferred, it is suggested to describe an additional register stage after this function.  If the DSP48 was instantiated in the design, it is suggested to set the PREG attribute to 1.
Related violations: <none>

DPOP-3#44 Warning
PREG Output pipelining  
DSP gen_systolic[1].u_systolic/p_1_out__22 output gen_systolic[1].u_systolic/p_1_out__22/P[47:0] is not pipelined (PREG=0). Pipelining the DSP48 output will improve performance and often saves power so it is suggested whenever possible to fully pipeline this function.  If this DSP48 function was inferred, it is suggested to describe an additional register stage after this function.  If the DSP48 was instantiated in the design, it is suggested to set the PREG attribute to 1.
Related violations: <none>

DPOP-3#45 Warning
PREG Output pipelining  
DSP gen_systolic[1].u_systolic/p_1_out__25 output gen_systolic[1].u_systolic/p_1_out__25/P[47:0] is not pipelined (PREG=0). Pipelining the DSP48 output will improve performance and often saves power so it is suggested whenever possible to fully pipeline this function.  If this DSP48 function was inferred, it is suggested to describe an additional register stage after this function.  If the DSP48 was instantiated in the design, it is suggested to set the PREG attribute to 1.
Related violations: <none>

DPOP-3#46 Warning
PREG Output pipelining  
DSP gen_systolic[1].u_systolic/p_1_out__27 output gen_systolic[1].u_systolic/p_1_out__27/P[47:0] is not pipelined (PREG=0). Pipelining the DSP48 output will improve performance and often saves power so it is suggested whenever possible to fully pipeline this function.  If this DSP48 function was inferred, it is suggested to describe an additional register stage after this function.  If the DSP48 was instantiated in the design, it is suggested to set the PREG attribute to 1.
Related violations: <none>

DPOP-3#47 Warning
PREG Output pipelining  
DSP gen_systolic[1].u_systolic/p_1_out__28 output gen_systolic[1].u_systolic/p_1_out__28/P[47:0] is not pipelined (PREG=0). Pipelining the DSP48 output will improve performance and often saves power so it is suggested whenever possible to fully pipeline this function.  If this DSP48 function was inferred, it is suggested to describe an additional register stage after this function.  If the DSP48 was instantiated in the design, it is suggested to set the PREG attribute to 1.
Related violations: <none>

DPOP-3#48 Warning
PREG Output pipelining  
DSP gen_systolic[1].u_systolic/p_1_out__31 output gen_systolic[1].u_systolic/p_1_out__31/P[47:0] is not pipelined (PREG=0). Pipelining the DSP48 output will improve performance and often saves power so it is suggested whenever possible to fully pipeline this function.  If this DSP48 function was inferred, it is suggested to describe an additional register stage after this function.  If the DSP48 was instantiated in the design, it is suggested to set the PREG attribute to 1.
Related violations: <none>

DPOP-3#49 Warning
PREG Output pipelining  
DSP gen_systolic[1].u_systolic/p_1_out__34 output gen_systolic[1].u_systolic/p_1_out__34/P[47:0] is not pipelined (PREG=0). Pipelining the DSP48 output will improve performance and often saves power so it is suggested whenever possible to fully pipeline this function.  If this DSP48 function was inferred, it is suggested to describe an additional register stage after this function.  If the DSP48 was instantiated in the design, it is suggested to set the PREG attribute to 1.
Related violations: <none>

DPOP-3#50 Warning
PREG Output pipelining  
DSP gen_systolic[1].u_systolic/p_1_out__36 output gen_systolic[1].u_systolic/p_1_out__36/P[47:0] is not pipelined (PREG=0). Pipelining the DSP48 output will improve performance and often saves power so it is suggested whenever possible to fully pipeline this function.  If this DSP48 function was inferred, it is suggested to describe an additional register stage after this function.  If the DSP48 was instantiated in the design, it is suggested to set the PREG attribute to 1.
Related violations: <none>

DPOP-3#51 Warning
PREG Output pipelining  
DSP gen_systolic[1].u_systolic/p_1_out__37 output gen_systolic[1].u_systolic/p_1_out__37/P[47:0] is not pipelined (PREG=0). Pipelining the DSP48 output will improve performance and often saves power so it is suggested whenever possible to fully pipeline this function.  If this DSP48 function was inferred, it is suggested to describe an additional register stage after this function.  If the DSP48 was instantiated in the design, it is suggested to set the PREG attribute to 1.
Related violations: <none>

DPOP-3#52 Warning
PREG Output pipelining  
DSP gen_systolic[1].u_systolic/p_1_out__4 output gen_systolic[1].u_systolic/p_1_out__4/P[47:0] is not pipelined (PREG=0). Pipelining the DSP48 output will improve performance and often saves power so it is suggested whenever possible to fully pipeline this function.  If this DSP48 function was inferred, it is suggested to describe an additional register stage after this function.  If the DSP48 was instantiated in the design, it is suggested to set the PREG attribute to 1.
Related violations: <none>

DPOP-3#53 Warning
PREG Output pipelining  
DSP gen_systolic[1].u_systolic/p_1_out__40 output gen_systolic[1].u_systolic/p_1_out__40/P[47:0] is not pipelined (PREG=0). Pipelining the DSP48 output will improve performance and often saves power so it is suggested whenever possible to fully pipeline this function.  If this DSP48 function was inferred, it is suggested to describe an additional register stage after this function.  If the DSP48 was instantiated in the design, it is suggested to set the PREG attribute to 1.
Related violations: <none>

DPOP-3#54 Warning
PREG Output pipelining  
DSP gen_systolic[1].u_systolic/p_1_out__43 output gen_systolic[1].u_systolic/p_1_out__43/P[47:0] is not pipelined (PREG=0). Pipelining the DSP48 output will improve performance and often saves power so it is suggested whenever possible to fully pipeline this function.  If this DSP48 function was inferred, it is suggested to describe an additional register stage after this function.  If the DSP48 was instantiated in the design, it is suggested to set the PREG attribute to 1.
Related violations: <none>

DPOP-3#55 Warning
PREG Output pipelining  
DSP gen_systolic[1].u_systolic/p_1_out__45 output gen_systolic[1].u_systolic/p_1_out__45/P[47:0] is not pipelined (PREG=0). Pipelining the DSP48 output will improve performance and often saves power so it is suggested whenever possible to fully pipeline this function.  If this DSP48 function was inferred, it is suggested to describe an additional register stage after this function.  If the DSP48 was instantiated in the design, it is suggested to set the PREG attribute to 1.
Related violations: <none>

DPOP-3#56 Warning
PREG Output pipelining  
DSP gen_systolic[1].u_systolic/p_1_out__46 output gen_systolic[1].u_systolic/p_1_out__46/P[47:0] is not pipelined (PREG=0). Pipelining the DSP48 output will improve performance and often saves power so it is suggested whenever possible to fully pipeline this function.  If this DSP48 function was inferred, it is suggested to describe an additional register stage after this function.  If the DSP48 was instantiated in the design, it is suggested to set the PREG attribute to 1.
Related violations: <none>

DPOP-3#57 Warning
PREG Output pipelining  
DSP gen_systolic[1].u_systolic/p_1_out__49 output gen_systolic[1].u_systolic/p_1_out__49/P[47:0] is not pipelined (PREG=0). Pipelining the DSP48 output will improve performance and often saves power so it is suggested whenever possible to fully pipeline this function.  If this DSP48 function was inferred, it is suggested to describe an additional register stage after this function.  If the DSP48 was instantiated in the design, it is suggested to set the PREG attribute to 1.
Related violations: <none>

DPOP-3#58 Warning
PREG Output pipelining  
DSP gen_systolic[1].u_systolic/p_1_out__52 output gen_systolic[1].u_systolic/p_1_out__52/P[47:0] is not pipelined (PREG=0). Pipelining the DSP48 output will improve performance and often saves power so it is suggested whenever possible to fully pipeline this function.  If this DSP48 function was inferred, it is suggested to describe an additional register stage after this function.  If the DSP48 was instantiated in the design, it is suggested to set the PREG attribute to 1.
Related violations: <none>

DPOP-3#59 Warning
PREG Output pipelining  
DSP gen_systolic[1].u_systolic/p_1_out__54 output gen_systolic[1].u_systolic/p_1_out__54/P[47:0] is not pipelined (PREG=0). Pipelining the DSP48 output will improve performance and often saves power so it is suggested whenever possible to fully pipeline this function.  If this DSP48 function was inferred, it is suggested to describe an additional register stage after this function.  If the DSP48 was instantiated in the design, it is suggested to set the PREG attribute to 1.
Related violations: <none>

DPOP-3#60 Warning
PREG Output pipelining  
DSP gen_systolic[1].u_systolic/p_1_out__55 output gen_systolic[1].u_systolic/p_1_out__55/P[47:0] is not pipelined (PREG=0). Pipelining the DSP48 output will improve performance and often saves power so it is suggested whenever possible to fully pipeline this function.  If this DSP48 function was inferred, it is suggested to describe an additional register stage after this function.  If the DSP48 was instantiated in the design, it is suggested to set the PREG attribute to 1.
Related violations: <none>

DPOP-3#61 Warning
PREG Output pipelining  
DSP gen_systolic[1].u_systolic/p_1_out__58 output gen_systolic[1].u_systolic/p_1_out__58/P[47:0] is not pipelined (PREG=0). Pipelining the DSP48 output will improve performance and often saves power so it is suggested whenever possible to fully pipeline this function.  If this DSP48 function was inferred, it is suggested to describe an additional register stage after this function.  If the DSP48 was instantiated in the design, it is suggested to set the PREG attribute to 1.
Related violations: <none>

DPOP-3#62 Warning
PREG Output pipelining  
DSP gen_systolic[1].u_systolic/p_1_out__61 output gen_systolic[1].u_systolic/p_1_out__61/P[47:0] is not pipelined (PREG=0). Pipelining the DSP48 output will improve performance and often saves power so it is suggested whenever possible to fully pipeline this function.  If this DSP48 function was inferred, it is suggested to describe an additional register stage after this function.  If the DSP48 was instantiated in the design, it is suggested to set the PREG attribute to 1.
Related violations: <none>

DPOP-3#63 Warning
PREG Output pipelining  
DSP gen_systolic[1].u_systolic/p_1_out__63 output gen_systolic[1].u_systolic/p_1_out__63/P[47:0] is not pipelined (PREG=0). Pipelining the DSP48 output will improve performance and often saves power so it is suggested whenever possible to fully pipeline this function.  If this DSP48 function was inferred, it is suggested to describe an additional register stage after this function.  If the DSP48 was instantiated in the design, it is suggested to set the PREG attribute to 1.
Related violations: <none>

DPOP-3#64 Warning
PREG Output pipelining  
DSP gen_systolic[1].u_systolic/p_1_out__64 output gen_systolic[1].u_systolic/p_1_out__64/P[47:0] is not pipelined (PREG=0). Pipelining the DSP48 output will improve performance and often saves power so it is suggested whenever possible to fully pipeline this function.  If this DSP48 function was inferred, it is suggested to describe an additional register stage after this function.  If the DSP48 was instantiated in the design, it is suggested to set the PREG attribute to 1.
Related violations: <none>

DPOP-3#65 Warning
PREG Output pipelining  
DSP gen_systolic[1].u_systolic/p_1_out__67 output gen_systolic[1].u_systolic/p_1_out__67/P[47:0] is not pipelined (PREG=0). Pipelining the DSP48 output will improve performance and often saves power so it is suggested whenever possible to fully pipeline this function.  If this DSP48 function was inferred, it is suggested to describe an additional register stage after this function.  If the DSP48 was instantiated in the design, it is suggested to set the PREG attribute to 1.
Related violations: <none>

DPOP-3#66 Warning
PREG Output pipelining  
DSP gen_systolic[1].u_systolic/p_1_out__7 output gen_systolic[1].u_systolic/p_1_out__7/P[47:0] is not pipelined (PREG=0). Pipelining the DSP48 output will improve performance and often saves power so it is suggested whenever possible to fully pipeline this function.  If this DSP48 function was inferred, it is suggested to describe an additional register stage after this function.  If the DSP48 was instantiated in the design, it is suggested to set the PREG attribute to 1.
Related violations: <none>

DPOP-3#67 Warning
PREG Output pipelining  
DSP gen_systolic[1].u_systolic/p_1_out__70 output gen_systolic[1].u_systolic/p_1_out__70/P[47:0] is not pipelined (PREG=0). Pipelining the DSP48 output will improve performance and often saves power so it is suggested whenever possible to fully pipeline this function.  If this DSP48 function was inferred, it is suggested to describe an additional register stage after this function.  If the DSP48 was instantiated in the design, it is suggested to set the PREG attribute to 1.
Related violations: <none>

DPOP-3#68 Warning
PREG Output pipelining  
DSP gen_systolic[1].u_systolic/p_1_out__72 output gen_systolic[1].u_systolic/p_1_out__72/P[47:0] is not pipelined (PREG=0). Pipelining the DSP48 output will improve performance and often saves power so it is suggested whenever possible to fully pipeline this function.  If this DSP48 function was inferred, it is suggested to describe an additional register stage after this function.  If the DSP48 was instantiated in the design, it is suggested to set the PREG attribute to 1.
Related violations: <none>

DPOP-3#69 Warning
PREG Output pipelining  
DSP gen_systolic[1].u_systolic/p_1_out__73 output gen_systolic[1].u_systolic/p_1_out__73/P[47:0] is not pipelined (PREG=0). Pipelining the DSP48 output will improve performance and often saves power so it is suggested whenever possible to fully pipeline this function.  If this DSP48 function was inferred, it is suggested to describe an additional register stage after this function.  If the DSP48 was instantiated in the design, it is suggested to set the PREG attribute to 1.
Related violations: <none>

DPOP-3#70 Warning
PREG Output pipelining  
DSP gen_systolic[1].u_systolic/p_1_out__76 output gen_systolic[1].u_systolic/p_1_out__76/P[47:0] is not pipelined (PREG=0). Pipelining the DSP48 output will improve performance and often saves power so it is suggested whenever possible to fully pipeline this function.  If this DSP48 function was inferred, it is suggested to describe an additional register stage after this function.  If the DSP48 was instantiated in the design, it is suggested to set the PREG attribute to 1.
Related violations: <none>

DPOP-3#71 Warning
PREG Output pipelining  
DSP gen_systolic[1].u_systolic/p_1_out__79 output gen_systolic[1].u_systolic/p_1_out__79/P[47:0] is not pipelined (PREG=0). Pipelining the DSP48 output will improve performance and often saves power so it is suggested whenever possible to fully pipeline this function.  If this DSP48 function was inferred, it is suggested to describe an additional register stage after this function.  If the DSP48 was instantiated in the design, it is suggested to set the PREG attribute to 1.
Related violations: <none>

DPOP-3#72 Warning
PREG Output pipelining  
DSP gen_systolic[1].u_systolic/p_1_out__9 output gen_systolic[1].u_systolic/p_1_out__9/P[47:0] is not pipelined (PREG=0). Pipelining the DSP48 output will improve performance and often saves power so it is suggested whenever possible to fully pipeline this function.  If this DSP48 function was inferred, it is suggested to describe an additional register stage after this function.  If the DSP48 was instantiated in the design, it is suggested to set the PREG attribute to 1.
Related violations: <none>

DPOP-3#73 Warning
PREG Output pipelining  
DSP gen_systolic[2].u_systolic/p_1_out__0 output gen_systolic[2].u_systolic/p_1_out__0/P[47:0] is not pipelined (PREG=0). Pipelining the DSP48 output will improve performance and often saves power so it is suggested whenever possible to fully pipeline this function.  If this DSP48 function was inferred, it is suggested to describe an additional register stage after this function.  If the DSP48 was instantiated in the design, it is suggested to set the PREG attribute to 1.
Related violations: <none>

DPOP-3#74 Warning
PREG Output pipelining  
DSP gen_systolic[2].u_systolic/p_1_out__1 output gen_systolic[2].u_systolic/p_1_out__1/P[47:0] is not pipelined (PREG=0). Pipelining the DSP48 output will improve performance and often saves power so it is suggested whenever possible to fully pipeline this function.  If this DSP48 function was inferred, it is suggested to describe an additional register stage after this function.  If the DSP48 was instantiated in the design, it is suggested to set the PREG attribute to 1.
Related violations: <none>

DPOP-3#75 Warning
PREG Output pipelining  
DSP gen_systolic[2].u_systolic/p_1_out__10 output gen_systolic[2].u_systolic/p_1_out__10/P[47:0] is not pipelined (PREG=0). Pipelining the DSP48 output will improve performance and often saves power so it is suggested whenever possible to fully pipeline this function.  If this DSP48 function was inferred, it is suggested to describe an additional register stage after this function.  If the DSP48 was instantiated in the design, it is suggested to set the PREG attribute to 1.
Related violations: <none>

DPOP-3#76 Warning
PREG Output pipelining  
DSP gen_systolic[2].u_systolic/p_1_out__13 output gen_systolic[2].u_systolic/p_1_out__13/P[47:0] is not pipelined (PREG=0). Pipelining the DSP48 output will improve performance and often saves power so it is suggested whenever possible to fully pipeline this function.  If this DSP48 function was inferred, it is suggested to describe an additional register stage after this function.  If the DSP48 was instantiated in the design, it is suggested to set the PREG attribute to 1.
Related violations: <none>

DPOP-3#77 Warning
PREG Output pipelining  
DSP gen_systolic[2].u_systolic/p_1_out__16 output gen_systolic[2].u_systolic/p_1_out__16/P[47:0] is not pipelined (PREG=0). Pipelining the DSP48 output will improve performance and often saves power so it is suggested whenever possible to fully pipeline this function.  If this DSP48 function was inferred, it is suggested to describe an additional register stage after this function.  If the DSP48 was instantiated in the design, it is suggested to set the PREG attribute to 1.
Related violations: <none>

DPOP-3#78 Warning
PREG Output pipelining  
DSP gen_systolic[2].u_systolic/p_1_out__18 output gen_systolic[2].u_systolic/p_1_out__18/P[47:0] is not pipelined (PREG=0). Pipelining the DSP48 output will improve performance and often saves power so it is suggested whenever possible to fully pipeline this function.  If this DSP48 function was inferred, it is suggested to describe an additional register stage after this function.  If the DSP48 was instantiated in the design, it is suggested to set the PREG attribute to 1.
Related violations: <none>

DPOP-3#79 Warning
PREG Output pipelining  
DSP gen_systolic[2].u_systolic/p_1_out__19 output gen_systolic[2].u_systolic/p_1_out__19/P[47:0] is not pipelined (PREG=0). Pipelining the DSP48 output will improve performance and often saves power so it is suggested whenever possible to fully pipeline this function.  If this DSP48 function was inferred, it is suggested to describe an additional register stage after this function.  If the DSP48 was instantiated in the design, it is suggested to set the PREG attribute to 1.
Related violations: <none>

DPOP-3#80 Warning
PREG Output pipelining  
DSP gen_systolic[2].u_systolic/p_1_out__22 output gen_systolic[2].u_systolic/p_1_out__22/P[47:0] is not pipelined (PREG=0). Pipelining the DSP48 output will improve performance and often saves power so it is suggested whenever possible to fully pipeline this function.  If this DSP48 function was inferred, it is suggested to describe an additional register stage after this function.  If the DSP48 was instantiated in the design, it is suggested to set the PREG attribute to 1.
Related violations: <none>

DPOP-3#81 Warning
PREG Output pipelining  
DSP gen_systolic[2].u_systolic/p_1_out__25 output gen_systolic[2].u_systolic/p_1_out__25/P[47:0] is not pipelined (PREG=0). Pipelining the DSP48 output will improve performance and often saves power so it is suggested whenever possible to fully pipeline this function.  If this DSP48 function was inferred, it is suggested to describe an additional register stage after this function.  If the DSP48 was instantiated in the design, it is suggested to set the PREG attribute to 1.
Related violations: <none>

DPOP-3#82 Warning
PREG Output pipelining  
DSP gen_systolic[2].u_systolic/p_1_out__27 output gen_systolic[2].u_systolic/p_1_out__27/P[47:0] is not pipelined (PREG=0). Pipelining the DSP48 output will improve performance and often saves power so it is suggested whenever possible to fully pipeline this function.  If this DSP48 function was inferred, it is suggested to describe an additional register stage after this function.  If the DSP48 was instantiated in the design, it is suggested to set the PREG attribute to 1.
Related violations: <none>

DPOP-3#83 Warning
PREG Output pipelining  
DSP gen_systolic[2].u_systolic/p_1_out__28 output gen_systolic[2].u_systolic/p_1_out__28/P[47:0] is not pipelined (PREG=0). Pipelining the DSP48 output will improve performance and often saves power so it is suggested whenever possible to fully pipeline this function.  If this DSP48 function was inferred, it is suggested to describe an additional register stage after this function.  If the DSP48 was instantiated in the design, it is suggested to set the PREG attribute to 1.
Related violations: <none>

DPOP-3#84 Warning
PREG Output pipelining  
DSP gen_systolic[2].u_systolic/p_1_out__31 output gen_systolic[2].u_systolic/p_1_out__31/P[47:0] is not pipelined (PREG=0). Pipelining the DSP48 output will improve performance and often saves power so it is suggested whenever possible to fully pipeline this function.  If this DSP48 function was inferred, it is suggested to describe an additional register stage after this function.  If the DSP48 was instantiated in the design, it is suggested to set the PREG attribute to 1.
Related violations: <none>

DPOP-3#85 Warning
PREG Output pipelining  
DSP gen_systolic[2].u_systolic/p_1_out__34 output gen_systolic[2].u_systolic/p_1_out__34/P[47:0] is not pipelined (PREG=0). Pipelining the DSP48 output will improve performance and often saves power so it is suggested whenever possible to fully pipeline this function.  If this DSP48 function was inferred, it is suggested to describe an additional register stage after this function.  If the DSP48 was instantiated in the design, it is suggested to set the PREG attribute to 1.
Related violations: <none>

DPOP-3#86 Warning
PREG Output pipelining  
DSP gen_systolic[2].u_systolic/p_1_out__36 output gen_systolic[2].u_systolic/p_1_out__36/P[47:0] is not pipelined (PREG=0). Pipelining the DSP48 output will improve performance and often saves power so it is suggested whenever possible to fully pipeline this function.  If this DSP48 function was inferred, it is suggested to describe an additional register stage after this function.  If the DSP48 was instantiated in the design, it is suggested to set the PREG attribute to 1.
Related violations: <none>

DPOP-3#87 Warning
PREG Output pipelining  
DSP gen_systolic[2].u_systolic/p_1_out__37 output gen_systolic[2].u_systolic/p_1_out__37/P[47:0] is not pipelined (PREG=0). Pipelining the DSP48 output will improve performance and often saves power so it is suggested whenever possible to fully pipeline this function.  If this DSP48 function was inferred, it is suggested to describe an additional register stage after this function.  If the DSP48 was instantiated in the design, it is suggested to set the PREG attribute to 1.
Related violations: <none>

DPOP-3#88 Warning
PREG Output pipelining  
DSP gen_systolic[2].u_systolic/p_1_out__4 output gen_systolic[2].u_systolic/p_1_out__4/P[47:0] is not pipelined (PREG=0). Pipelining the DSP48 output will improve performance and often saves power so it is suggested whenever possible to fully pipeline this function.  If this DSP48 function was inferred, it is suggested to describe an additional register stage after this function.  If the DSP48 was instantiated in the design, it is suggested to set the PREG attribute to 1.
Related violations: <none>

DPOP-3#89 Warning
PREG Output pipelining  
DSP gen_systolic[2].u_systolic/p_1_out__40 output gen_systolic[2].u_systolic/p_1_out__40/P[47:0] is not pipelined (PREG=0). Pipelining the DSP48 output will improve performance and often saves power so it is suggested whenever possible to fully pipeline this function.  If this DSP48 function was inferred, it is suggested to describe an additional register stage after this function.  If the DSP48 was instantiated in the design, it is suggested to set the PREG attribute to 1.
Related violations: <none>

DPOP-3#90 Warning
PREG Output pipelining  
DSP gen_systolic[2].u_systolic/p_1_out__43 output gen_systolic[2].u_systolic/p_1_out__43/P[47:0] is not pipelined (PREG=0). Pipelining the DSP48 output will improve performance and often saves power so it is suggested whenever possible to fully pipeline this function.  If this DSP48 function was inferred, it is suggested to describe an additional register stage after this function.  If the DSP48 was instantiated in the design, it is suggested to set the PREG attribute to 1.
Related violations: <none>

DPOP-3#91 Warning
PREG Output pipelining  
DSP gen_systolic[2].u_systolic/p_1_out__45 output gen_systolic[2].u_systolic/p_1_out__45/P[47:0] is not pipelined (PREG=0). Pipelining the DSP48 output will improve performance and often saves power so it is suggested whenever possible to fully pipeline this function.  If this DSP48 function was inferred, it is suggested to describe an additional register stage after this function.  If the DSP48 was instantiated in the design, it is suggested to set the PREG attribute to 1.
Related violations: <none>

DPOP-3#92 Warning
PREG Output pipelining  
DSP gen_systolic[2].u_systolic/p_1_out__46 output gen_systolic[2].u_systolic/p_1_out__46/P[47:0] is not pipelined (PREG=0). Pipelining the DSP48 output will improve performance and often saves power so it is suggested whenever possible to fully pipeline this function.  If this DSP48 function was inferred, it is suggested to describe an additional register stage after this function.  If the DSP48 was instantiated in the design, it is suggested to set the PREG attribute to 1.
Related violations: <none>

DPOP-3#93 Warning
PREG Output pipelining  
DSP gen_systolic[2].u_systolic/p_1_out__49 output gen_systolic[2].u_systolic/p_1_out__49/P[47:0] is not pipelined (PREG=0). Pipelining the DSP48 output will improve performance and often saves power so it is suggested whenever possible to fully pipeline this function.  If this DSP48 function was inferred, it is suggested to describe an additional register stage after this function.  If the DSP48 was instantiated in the design, it is suggested to set the PREG attribute to 1.
Related violations: <none>

DPOP-3#94 Warning
PREG Output pipelining  
DSP gen_systolic[2].u_systolic/p_1_out__52 output gen_systolic[2].u_systolic/p_1_out__52/P[47:0] is not pipelined (PREG=0). Pipelining the DSP48 output will improve performance and often saves power so it is suggested whenever possible to fully pipeline this function.  If this DSP48 function was inferred, it is suggested to describe an additional register stage after this function.  If the DSP48 was instantiated in the design, it is suggested to set the PREG attribute to 1.
Related violations: <none>

DPOP-3#95 Warning
PREG Output pipelining  
DSP gen_systolic[2].u_systolic/p_1_out__54 output gen_systolic[2].u_systolic/p_1_out__54/P[47:0] is not pipelined (PREG=0). Pipelining the DSP48 output will improve performance and often saves power so it is suggested whenever possible to fully pipeline this function.  If this DSP48 function was inferred, it is suggested to describe an additional register stage after this function.  If the DSP48 was instantiated in the design, it is suggested to set the PREG attribute to 1.
Related violations: <none>

DPOP-3#96 Warning
PREG Output pipelining  
DSP gen_systolic[2].u_systolic/p_1_out__55 output gen_systolic[2].u_systolic/p_1_out__55/P[47:0] is not pipelined (PREG=0). Pipelining the DSP48 output will improve performance and often saves power so it is suggested whenever possible to fully pipeline this function.  If this DSP48 function was inferred, it is suggested to describe an additional register stage after this function.  If the DSP48 was instantiated in the design, it is suggested to set the PREG attribute to 1.
Related violations: <none>

DPOP-3#97 Warning
PREG Output pipelining  
DSP gen_systolic[2].u_systolic/p_1_out__58 output gen_systolic[2].u_systolic/p_1_out__58/P[47:0] is not pipelined (PREG=0). Pipelining the DSP48 output will improve performance and often saves power so it is suggested whenever possible to fully pipeline this function.  If this DSP48 function was inferred, it is suggested to describe an additional register stage after this function.  If the DSP48 was instantiated in the design, it is suggested to set the PREG attribute to 1.
Related violations: <none>

DPOP-3#98 Warning
PREG Output pipelining  
DSP gen_systolic[2].u_systolic/p_1_out__61 output gen_systolic[2].u_systolic/p_1_out__61/P[47:0] is not pipelined (PREG=0). Pipelining the DSP48 output will improve performance and often saves power so it is suggested whenever possible to fully pipeline this function.  If this DSP48 function was inferred, it is suggested to describe an additional register stage after this function.  If the DSP48 was instantiated in the design, it is suggested to set the PREG attribute to 1.
Related violations: <none>

DPOP-3#99 Warning
PREG Output pipelining  
DSP gen_systolic[2].u_systolic/p_1_out__63 output gen_systolic[2].u_systolic/p_1_out__63/P[47:0] is not pipelined (PREG=0). Pipelining the DSP48 output will improve performance and often saves power so it is suggested whenever possible to fully pipeline this function.  If this DSP48 function was inferred, it is suggested to describe an additional register stage after this function.  If the DSP48 was instantiated in the design, it is suggested to set the PREG attribute to 1.
Related violations: <none>

DPOP-3#100 Warning
PREG Output pipelining  
DSP gen_systolic[2].u_systolic/p_1_out__64 output gen_systolic[2].u_systolic/p_1_out__64/P[47:0] is not pipelined (PREG=0). Pipelining the DSP48 output will improve performance and often saves power so it is suggested whenever possible to fully pipeline this function.  If this DSP48 function was inferred, it is suggested to describe an additional register stage after this function.  If the DSP48 was instantiated in the design, it is suggested to set the PREG attribute to 1.
Related violations: <none>

DPOP-3#101 Warning
PREG Output pipelining  
DSP gen_systolic[2].u_systolic/p_1_out__67 output gen_systolic[2].u_systolic/p_1_out__67/P[47:0] is not pipelined (PREG=0). Pipelining the DSP48 output will improve performance and often saves power so it is suggested whenever possible to fully pipeline this function.  If this DSP48 function was inferred, it is suggested to describe an additional register stage after this function.  If the DSP48 was instantiated in the design, it is suggested to set the PREG attribute to 1.
Related violations: <none>

DPOP-3#102 Warning
PREG Output pipelining  
DSP gen_systolic[2].u_systolic/p_1_out__7 output gen_systolic[2].u_systolic/p_1_out__7/P[47:0] is not pipelined (PREG=0). Pipelining the DSP48 output will improve performance and often saves power so it is suggested whenever possible to fully pipeline this function.  If this DSP48 function was inferred, it is suggested to describe an additional register stage after this function.  If the DSP48 was instantiated in the design, it is suggested to set the PREG attribute to 1.
Related violations: <none>

DPOP-3#103 Warning
PREG Output pipelining  
DSP gen_systolic[2].u_systolic/p_1_out__70 output gen_systolic[2].u_systolic/p_1_out__70/P[47:0] is not pipelined (PREG=0). Pipelining the DSP48 output will improve performance and often saves power so it is suggested whenever possible to fully pipeline this function.  If this DSP48 function was inferred, it is suggested to describe an additional register stage after this function.  If the DSP48 was instantiated in the design, it is suggested to set the PREG attribute to 1.
Related violations: <none>

DPOP-3#104 Warning
PREG Output pipelining  
DSP gen_systolic[2].u_systolic/p_1_out__72 output gen_systolic[2].u_systolic/p_1_out__72/P[47:0] is not pipelined (PREG=0). Pipelining the DSP48 output will improve performance and often saves power so it is suggested whenever possible to fully pipeline this function.  If this DSP48 function was inferred, it is suggested to describe an additional register stage after this function.  If the DSP48 was instantiated in the design, it is suggested to set the PREG attribute to 1.
Related violations: <none>

DPOP-3#105 Warning
PREG Output pipelining  
DSP gen_systolic[2].u_systolic/p_1_out__73 output gen_systolic[2].u_systolic/p_1_out__73/P[47:0] is not pipelined (PREG=0). Pipelining the DSP48 output will improve performance and often saves power so it is suggested whenever possible to fully pipeline this function.  If this DSP48 function was inferred, it is suggested to describe an additional register stage after this function.  If the DSP48 was instantiated in the design, it is suggested to set the PREG attribute to 1.
Related violations: <none>

DPOP-3#106 Warning
PREG Output pipelining  
DSP gen_systolic[2].u_systolic/p_1_out__76 output gen_systolic[2].u_systolic/p_1_out__76/P[47:0] is not pipelined (PREG=0). Pipelining the DSP48 output will improve performance and often saves power so it is suggested whenever possible to fully pipeline this function.  If this DSP48 function was inferred, it is suggested to describe an additional register stage after this function.  If the DSP48 was instantiated in the design, it is suggested to set the PREG attribute to 1.
Related violations: <none>

DPOP-3#107 Warning
PREG Output pipelining  
DSP gen_systolic[2].u_systolic/p_1_out__79 output gen_systolic[2].u_systolic/p_1_out__79/P[47:0] is not pipelined (PREG=0). Pipelining the DSP48 output will improve performance and often saves power so it is suggested whenever possible to fully pipeline this function.  If this DSP48 function was inferred, it is suggested to describe an additional register stage after this function.  If the DSP48 was instantiated in the design, it is suggested to set the PREG attribute to 1.
Related violations: <none>

DPOP-3#108 Warning
PREG Output pipelining  
DSP gen_systolic[2].u_systolic/p_1_out__9 output gen_systolic[2].u_systolic/p_1_out__9/P[47:0] is not pipelined (PREG=0). Pipelining the DSP48 output will improve performance and often saves power so it is suggested whenever possible to fully pipeline this function.  If this DSP48 function was inferred, it is suggested to describe an additional register stage after this function.  If the DSP48 was instantiated in the design, it is suggested to set the PREG attribute to 1.
Related violations: <none>

DPOP-3#109 Warning
PREG Output pipelining  
DSP gen_systolic[3].u_systolic/p_1_out__0 output gen_systolic[3].u_systolic/p_1_out__0/P[47:0] is not pipelined (PREG=0). Pipelining the DSP48 output will improve performance and often saves power so it is suggested whenever possible to fully pipeline this function.  If this DSP48 function was inferred, it is suggested to describe an additional register stage after this function.  If the DSP48 was instantiated in the design, it is suggested to set the PREG attribute to 1.
Related violations: <none>

DPOP-3#110 Warning
PREG Output pipelining  
DSP gen_systolic[3].u_systolic/p_1_out__1 output gen_systolic[3].u_systolic/p_1_out__1/P[47:0] is not pipelined (PREG=0). Pipelining the DSP48 output will improve performance and often saves power so it is suggested whenever possible to fully pipeline this function.  If this DSP48 function was inferred, it is suggested to describe an additional register stage after this function.  If the DSP48 was instantiated in the design, it is suggested to set the PREG attribute to 1.
Related violations: <none>

DPOP-3#111 Warning
PREG Output pipelining  
DSP gen_systolic[3].u_systolic/p_1_out__10 output gen_systolic[3].u_systolic/p_1_out__10/P[47:0] is not pipelined (PREG=0). Pipelining the DSP48 output will improve performance and often saves power so it is suggested whenever possible to fully pipeline this function.  If this DSP48 function was inferred, it is suggested to describe an additional register stage after this function.  If the DSP48 was instantiated in the design, it is suggested to set the PREG attribute to 1.
Related violations: <none>

DPOP-3#112 Warning
PREG Output pipelining  
DSP gen_systolic[3].u_systolic/p_1_out__13 output gen_systolic[3].u_systolic/p_1_out__13/P[47:0] is not pipelined (PREG=0). Pipelining the DSP48 output will improve performance and often saves power so it is suggested whenever possible to fully pipeline this function.  If this DSP48 function was inferred, it is suggested to describe an additional register stage after this function.  If the DSP48 was instantiated in the design, it is suggested to set the PREG attribute to 1.
Related violations: <none>

DPOP-3#113 Warning
PREG Output pipelining  
DSP gen_systolic[3].u_systolic/p_1_out__16 output gen_systolic[3].u_systolic/p_1_out__16/P[47:0] is not pipelined (PREG=0). Pipelining the DSP48 output will improve performance and often saves power so it is suggested whenever possible to fully pipeline this function.  If this DSP48 function was inferred, it is suggested to describe an additional register stage after this function.  If the DSP48 was instantiated in the design, it is suggested to set the PREG attribute to 1.
Related violations: <none>

DPOP-3#114 Warning
PREG Output pipelining  
DSP gen_systolic[3].u_systolic/p_1_out__18 output gen_systolic[3].u_systolic/p_1_out__18/P[47:0] is not pipelined (PREG=0). Pipelining the DSP48 output will improve performance and often saves power so it is suggested whenever possible to fully pipeline this function.  If this DSP48 function was inferred, it is suggested to describe an additional register stage after this function.  If the DSP48 was instantiated in the design, it is suggested to set the PREG attribute to 1.
Related violations: <none>

DPOP-3#115 Warning
PREG Output pipelining  
DSP gen_systolic[3].u_systolic/p_1_out__19 output gen_systolic[3].u_systolic/p_1_out__19/P[47:0] is not pipelined (PREG=0). Pipelining the DSP48 output will improve performance and often saves power so it is suggested whenever possible to fully pipeline this function.  If this DSP48 function was inferred, it is suggested to describe an additional register stage after this function.  If the DSP48 was instantiated in the design, it is suggested to set the PREG attribute to 1.
Related violations: <none>

DPOP-3#116 Warning
PREG Output pipelining  
DSP gen_systolic[3].u_systolic/p_1_out__22 output gen_systolic[3].u_systolic/p_1_out__22/P[47:0] is not pipelined (PREG=0). Pipelining the DSP48 output will improve performance and often saves power so it is suggested whenever possible to fully pipeline this function.  If this DSP48 function was inferred, it is suggested to describe an additional register stage after this function.  If the DSP48 was instantiated in the design, it is suggested to set the PREG attribute to 1.
Related violations: <none>

DPOP-3#117 Warning
PREG Output pipelining  
DSP gen_systolic[3].u_systolic/p_1_out__25 output gen_systolic[3].u_systolic/p_1_out__25/P[47:0] is not pipelined (PREG=0). Pipelining the DSP48 output will improve performance and often saves power so it is suggested whenever possible to fully pipeline this function.  If this DSP48 function was inferred, it is suggested to describe an additional register stage after this function.  If the DSP48 was instantiated in the design, it is suggested to set the PREG attribute to 1.
Related violations: <none>

DPOP-3#118 Warning
PREG Output pipelining  
DSP gen_systolic[3].u_systolic/p_1_out__27 output gen_systolic[3].u_systolic/p_1_out__27/P[47:0] is not pipelined (PREG=0). Pipelining the DSP48 output will improve performance and often saves power so it is suggested whenever possible to fully pipeline this function.  If this DSP48 function was inferred, it is suggested to describe an additional register stage after this function.  If the DSP48 was instantiated in the design, it is suggested to set the PREG attribute to 1.
Related violations: <none>

DPOP-3#119 Warning
PREG Output pipelining  
DSP gen_systolic[3].u_systolic/p_1_out__28 output gen_systolic[3].u_systolic/p_1_out__28/P[47:0] is not pipelined (PREG=0). Pipelining the DSP48 output will improve performance and often saves power so it is suggested whenever possible to fully pipeline this function.  If this DSP48 function was inferred, it is suggested to describe an additional register stage after this function.  If the DSP48 was instantiated in the design, it is suggested to set the PREG attribute to 1.
Related violations: <none>

DPOP-3#120 Warning
PREG Output pipelining  
DSP gen_systolic[3].u_systolic/p_1_out__31 output gen_systolic[3].u_systolic/p_1_out__31/P[47:0] is not pipelined (PREG=0). Pipelining the DSP48 output will improve performance and often saves power so it is suggested whenever possible to fully pipeline this function.  If this DSP48 function was inferred, it is suggested to describe an additional register stage after this function.  If the DSP48 was instantiated in the design, it is suggested to set the PREG attribute to 1.
Related violations: <none>

DPOP-3#121 Warning
PREG Output pipelining  
DSP gen_systolic[3].u_systolic/p_1_out__34 output gen_systolic[3].u_systolic/p_1_out__34/P[47:0] is not pipelined (PREG=0). Pipelining the DSP48 output will improve performance and often saves power so it is suggested whenever possible to fully pipeline this function.  If this DSP48 function was inferred, it is suggested to describe an additional register stage after this function.  If the DSP48 was instantiated in the design, it is suggested to set the PREG attribute to 1.
Related violations: <none>

DPOP-3#122 Warning
PREG Output pipelining  
DSP gen_systolic[3].u_systolic/p_1_out__36 output gen_systolic[3].u_systolic/p_1_out__36/P[47:0] is not pipelined (PREG=0). Pipelining the DSP48 output will improve performance and often saves power so it is suggested whenever possible to fully pipeline this function.  If this DSP48 function was inferred, it is suggested to describe an additional register stage after this function.  If the DSP48 was instantiated in the design, it is suggested to set the PREG attribute to 1.
Related violations: <none>

DPOP-3#123 Warning
PREG Output pipelining  
DSP gen_systolic[3].u_systolic/p_1_out__37 output gen_systolic[3].u_systolic/p_1_out__37/P[47:0] is not pipelined (PREG=0). Pipelining the DSP48 output will improve performance and often saves power so it is suggested whenever possible to fully pipeline this function.  If this DSP48 function was inferred, it is suggested to describe an additional register stage after this function.  If the DSP48 was instantiated in the design, it is suggested to set the PREG attribute to 1.
Related violations: <none>

DPOP-3#124 Warning
PREG Output pipelining  
DSP gen_systolic[3].u_systolic/p_1_out__4 output gen_systolic[3].u_systolic/p_1_out__4/P[47:0] is not pipelined (PREG=0). Pipelining the DSP48 output will improve performance and often saves power so it is suggested whenever possible to fully pipeline this function.  If this DSP48 function was inferred, it is suggested to describe an additional register stage after this function.  If the DSP48 was instantiated in the design, it is suggested to set the PREG attribute to 1.
Related violations: <none>

DPOP-3#125 Warning
PREG Output pipelining  
DSP gen_systolic[3].u_systolic/p_1_out__40 output gen_systolic[3].u_systolic/p_1_out__40/P[47:0] is not pipelined (PREG=0). Pipelining the DSP48 output will improve performance and often saves power so it is suggested whenever possible to fully pipeline this function.  If this DSP48 function was inferred, it is suggested to describe an additional register stage after this function.  If the DSP48 was instantiated in the design, it is suggested to set the PREG attribute to 1.
Related violations: <none>

DPOP-3#126 Warning
PREG Output pipelining  
DSP gen_systolic[3].u_systolic/p_1_out__43 output gen_systolic[3].u_systolic/p_1_out__43/P[47:0] is not pipelined (PREG=0). Pipelining the DSP48 output will improve performance and often saves power so it is suggested whenever possible to fully pipeline this function.  If this DSP48 function was inferred, it is suggested to describe an additional register stage after this function.  If the DSP48 was instantiated in the design, it is suggested to set the PREG attribute to 1.
Related violations: <none>

DPOP-3#127 Warning
PREG Output pipelining  
DSP gen_systolic[3].u_systolic/p_1_out__45 output gen_systolic[3].u_systolic/p_1_out__45/P[47:0] is not pipelined (PREG=0). Pipelining the DSP48 output will improve performance and often saves power so it is suggested whenever possible to fully pipeline this function.  If this DSP48 function was inferred, it is suggested to describe an additional register stage after this function.  If the DSP48 was instantiated in the design, it is suggested to set the PREG attribute to 1.
Related violations: <none>

DPOP-3#128 Warning
PREG Output pipelining  
DSP gen_systolic[3].u_systolic/p_1_out__46 output gen_systolic[3].u_systolic/p_1_out__46/P[47:0] is not pipelined (PREG=0). Pipelining the DSP48 output will improve performance and often saves power so it is suggested whenever possible to fully pipeline this function.  If this DSP48 function was inferred, it is suggested to describe an additional register stage after this function.  If the DSP48 was instantiated in the design, it is suggested to set the PREG attribute to 1.
Related violations: <none>

DPOP-3#129 Warning
PREG Output pipelining  
DSP gen_systolic[3].u_systolic/p_1_out__49 output gen_systolic[3].u_systolic/p_1_out__49/P[47:0] is not pipelined (PREG=0). Pipelining the DSP48 output will improve performance and often saves power so it is suggested whenever possible to fully pipeline this function.  If this DSP48 function was inferred, it is suggested to describe an additional register stage after this function.  If the DSP48 was instantiated in the design, it is suggested to set the PREG attribute to 1.
Related violations: <none>

DPOP-3#130 Warning
PREG Output pipelining  
DSP gen_systolic[3].u_systolic/p_1_out__52 output gen_systolic[3].u_systolic/p_1_out__52/P[47:0] is not pipelined (PREG=0). Pipelining the DSP48 output will improve performance and often saves power so it is suggested whenever possible to fully pipeline this function.  If this DSP48 function was inferred, it is suggested to describe an additional register stage after this function.  If the DSP48 was instantiated in the design, it is suggested to set the PREG attribute to 1.
Related violations: <none>

DPOP-3#131 Warning
PREG Output pipelining  
DSP gen_systolic[3].u_systolic/p_1_out__54 output gen_systolic[3].u_systolic/p_1_out__54/P[47:0] is not pipelined (PREG=0). Pipelining the DSP48 output will improve performance and often saves power so it is suggested whenever possible to fully pipeline this function.  If this DSP48 function was inferred, it is suggested to describe an additional register stage after this function.  If the DSP48 was instantiated in the design, it is suggested to set the PREG attribute to 1.
Related violations: <none>

DPOP-3#132 Warning
PREG Output pipelining  
DSP gen_systolic[3].u_systolic/p_1_out__55 output gen_systolic[3].u_systolic/p_1_out__55/P[47:0] is not pipelined (PREG=0). Pipelining the DSP48 output will improve performance and often saves power so it is suggested whenever possible to fully pipeline this function.  If this DSP48 function was inferred, it is suggested to describe an additional register stage after this function.  If the DSP48 was instantiated in the design, it is suggested to set the PREG attribute to 1.
Related violations: <none>

DPOP-3#133 Warning
PREG Output pipelining  
DSP gen_systolic[3].u_systolic/p_1_out__58 output gen_systolic[3].u_systolic/p_1_out__58/P[47:0] is not pipelined (PREG=0). Pipelining the DSP48 output will improve performance and often saves power so it is suggested whenever possible to fully pipeline this function.  If this DSP48 function was inferred, it is suggested to describe an additional register stage after this function.  If the DSP48 was instantiated in the design, it is suggested to set the PREG attribute to 1.
Related violations: <none>

DPOP-3#134 Warning
PREG Output pipelining  
DSP gen_systolic[3].u_systolic/p_1_out__61 output gen_systolic[3].u_systolic/p_1_out__61/P[47:0] is not pipelined (PREG=0). Pipelining the DSP48 output will improve performance and often saves power so it is suggested whenever possible to fully pipeline this function.  If this DSP48 function was inferred, it is suggested to describe an additional register stage after this function.  If the DSP48 was instantiated in the design, it is suggested to set the PREG attribute to 1.
Related violations: <none>

DPOP-3#135 Warning
PREG Output pipelining  
DSP gen_systolic[3].u_systolic/p_1_out__63 output gen_systolic[3].u_systolic/p_1_out__63/P[47:0] is not pipelined (PREG=0). Pipelining the DSP48 output will improve performance and often saves power so it is suggested whenever possible to fully pipeline this function.  If this DSP48 function was inferred, it is suggested to describe an additional register stage after this function.  If the DSP48 was instantiated in the design, it is suggested to set the PREG attribute to 1.
Related violations: <none>

DPOP-3#136 Warning
PREG Output pipelining  
DSP gen_systolic[3].u_systolic/p_1_out__64 output gen_systolic[3].u_systolic/p_1_out__64/P[47:0] is not pipelined (PREG=0). Pipelining the DSP48 output will improve performance and often saves power so it is suggested whenever possible to fully pipeline this function.  If this DSP48 function was inferred, it is suggested to describe an additional register stage after this function.  If the DSP48 was instantiated in the design, it is suggested to set the PREG attribute to 1.
Related violations: <none>

DPOP-3#137 Warning
PREG Output pipelining  
DSP gen_systolic[3].u_systolic/p_1_out__67 output gen_systolic[3].u_systolic/p_1_out__67/P[47:0] is not pipelined (PREG=0). Pipelining the DSP48 output will improve performance and often saves power so it is suggested whenever possible to fully pipeline this function.  If this DSP48 function was inferred, it is suggested to describe an additional register stage after this function.  If the DSP48 was instantiated in the design, it is suggested to set the PREG attribute to 1.
Related violations: <none>

DPOP-3#138 Warning
PREG Output pipelining  
DSP gen_systolic[3].u_systolic/p_1_out__7 output gen_systolic[3].u_systolic/p_1_out__7/P[47:0] is not pipelined (PREG=0). Pipelining the DSP48 output will improve performance and often saves power so it is suggested whenever possible to fully pipeline this function.  If this DSP48 function was inferred, it is suggested to describe an additional register stage after this function.  If the DSP48 was instantiated in the design, it is suggested to set the PREG attribute to 1.
Related violations: <none>

DPOP-3#139 Warning
PREG Output pipelining  
DSP gen_systolic[3].u_systolic/p_1_out__70 output gen_systolic[3].u_systolic/p_1_out__70/P[47:0] is not pipelined (PREG=0). Pipelining the DSP48 output will improve performance and often saves power so it is suggested whenever possible to fully pipeline this function.  If this DSP48 function was inferred, it is suggested to describe an additional register stage after this function.  If the DSP48 was instantiated in the design, it is suggested to set the PREG attribute to 1.
Related violations: <none>

DPOP-3#140 Warning
PREG Output pipelining  
DSP gen_systolic[3].u_systolic/p_1_out__72 output gen_systolic[3].u_systolic/p_1_out__72/P[47:0] is not pipelined (PREG=0). Pipelining the DSP48 output will improve performance and often saves power so it is suggested whenever possible to fully pipeline this function.  If this DSP48 function was inferred, it is suggested to describe an additional register stage after this function.  If the DSP48 was instantiated in the design, it is suggested to set the PREG attribute to 1.
Related violations: <none>

DPOP-3#141 Warning
PREG Output pipelining  
DSP gen_systolic[3].u_systolic/p_1_out__73 output gen_systolic[3].u_systolic/p_1_out__73/P[47:0] is not pipelined (PREG=0). Pipelining the DSP48 output will improve performance and often saves power so it is suggested whenever possible to fully pipeline this function.  If this DSP48 function was inferred, it is suggested to describe an additional register stage after this function.  If the DSP48 was instantiated in the design, it is suggested to set the PREG attribute to 1.
Related violations: <none>

DPOP-3#142 Warning
PREG Output pipelining  
DSP gen_systolic[3].u_systolic/p_1_out__76 output gen_systolic[3].u_systolic/p_1_out__76/P[47:0] is not pipelined (PREG=0). Pipelining the DSP48 output will improve performance and often saves power so it is suggested whenever possible to fully pipeline this function.  If this DSP48 function was inferred, it is suggested to describe an additional register stage after this function.  If the DSP48 was instantiated in the design, it is suggested to set the PREG attribute to 1.
Related violations: <none>

DPOP-3#143 Warning
PREG Output pipelining  
DSP gen_systolic[3].u_systolic/p_1_out__79 output gen_systolic[3].u_systolic/p_1_out__79/P[47:0] is not pipelined (PREG=0). Pipelining the DSP48 output will improve performance and often saves power so it is suggested whenever possible to fully pipeline this function.  If this DSP48 function was inferred, it is suggested to describe an additional register stage after this function.  If the DSP48 was instantiated in the design, it is suggested to set the PREG attribute to 1.
Related violations: <none>

DPOP-3#144 Warning
PREG Output pipelining  
DSP gen_systolic[3].u_systolic/p_1_out__9 output gen_systolic[3].u_systolic/p_1_out__9/P[47:0] is not pipelined (PREG=0). Pipelining the DSP48 output will improve performance and often saves power so it is suggested whenever possible to fully pipeline this function.  If this DSP48 function was inferred, it is suggested to describe an additional register stage after this function.  If the DSP48 was instantiated in the design, it is suggested to set the PREG attribute to 1.
Related violations: <none>

DPOP-3#145 Warning
PREG Output pipelining  
DSP u_tinyml/bn_result2 output u_tinyml/bn_result2/P[47:0] is not pipelined (PREG=0). Pipelining the DSP48 output will improve performance and often saves power so it is suggested whenever possible to fully pipeline this function.  If this DSP48 function was inferred, it is suggested to describe an additional register stage after this function.  If the DSP48 was instantiated in the design, it is suggested to set the PREG attribute to 1.
Related violations: <none>

DPOP-3#146 Warning
PREG Output pipelining  
DSP u_tinyml/bn_result2__0 output u_tinyml/bn_result2__0/P[47:0] is not pipelined (PREG=0). Pipelining the DSP48 output will improve performance and often saves power so it is suggested whenever possible to fully pipeline this function.  If this DSP48 function was inferred, it is suggested to describe an additional register stage after this function.  If the DSP48 was instantiated in the design, it is suggested to set the PREG attribute to 1.
Related violations: <none>

DPOP-4#1 Warning
MREG Output pipelining  
DSP gen_systolic[0].u_systolic/p_1_out__0 multiplier stage gen_systolic[0].u_systolic/p_1_out__0/P[47:0] is not pipelined (MREG=0). Pipelining the multiplier function will improve performance and will save significant power so it is suggested whenever possible to fully pipeline this function.  If this multiplier was inferred, it is suggested to describe an additional register stage after this function.  If there is no registered adder/accumulator following the multiply function, two pipeline stages are suggested to allow both the MREG and PREG registers to be used.  If the DSP48 was instantiated in the design, it is suggested to set both the MREG and PREG attributes to 1 when performing multiply functions.
Related violations: <none>

DPOP-4#2 Warning
MREG Output pipelining  
DSP gen_systolic[0].u_systolic/p_1_out__1 multiplier stage gen_systolic[0].u_systolic/p_1_out__1/P[47:0] is not pipelined (MREG=0). Pipelining the multiplier function will improve performance and will save significant power so it is suggested whenever possible to fully pipeline this function.  If this multiplier was inferred, it is suggested to describe an additional register stage after this function.  If there is no registered adder/accumulator following the multiply function, two pipeline stages are suggested to allow both the MREG and PREG registers to be used.  If the DSP48 was instantiated in the design, it is suggested to set both the MREG and PREG attributes to 1 when performing multiply functions.
Related violations: <none>

DPOP-4#3 Warning
MREG Output pipelining  
DSP gen_systolic[0].u_systolic/p_1_out__10 multiplier stage gen_systolic[0].u_systolic/p_1_out__10/P[47:0] is not pipelined (MREG=0). Pipelining the multiplier function will improve performance and will save significant power so it is suggested whenever possible to fully pipeline this function.  If this multiplier was inferred, it is suggested to describe an additional register stage after this function.  If there is no registered adder/accumulator following the multiply function, two pipeline stages are suggested to allow both the MREG and PREG registers to be used.  If the DSP48 was instantiated in the design, it is suggested to set both the MREG and PREG attributes to 1 when performing multiply functions.
Related violations: <none>

DPOP-4#4 Warning
MREG Output pipelining  
DSP gen_systolic[0].u_systolic/p_1_out__13 multiplier stage gen_systolic[0].u_systolic/p_1_out__13/P[47:0] is not pipelined (MREG=0). Pipelining the multiplier function will improve performance and will save significant power so it is suggested whenever possible to fully pipeline this function.  If this multiplier was inferred, it is suggested to describe an additional register stage after this function.  If there is no registered adder/accumulator following the multiply function, two pipeline stages are suggested to allow both the MREG and PREG registers to be used.  If the DSP48 was instantiated in the design, it is suggested to set both the MREG and PREG attributes to 1 when performing multiply functions.
Related violations: <none>

DPOP-4#5 Warning
MREG Output pipelining  
DSP gen_systolic[0].u_systolic/p_1_out__16 multiplier stage gen_systolic[0].u_systolic/p_1_out__16/P[47:0] is not pipelined (MREG=0). Pipelining the multiplier function will improve performance and will save significant power so it is suggested whenever possible to fully pipeline this function.  If this multiplier was inferred, it is suggested to describe an additional register stage after this function.  If there is no registered adder/accumulator following the multiply function, two pipeline stages are suggested to allow both the MREG and PREG registers to be used.  If the DSP48 was instantiated in the design, it is suggested to set both the MREG and PREG attributes to 1 when performing multiply functions.
Related violations: <none>

DPOP-4#6 Warning
MREG Output pipelining  
DSP gen_systolic[0].u_systolic/p_1_out__18 multiplier stage gen_systolic[0].u_systolic/p_1_out__18/P[47:0] is not pipelined (MREG=0). Pipelining the multiplier function will improve performance and will save significant power so it is suggested whenever possible to fully pipeline this function.  If this multiplier was inferred, it is suggested to describe an additional register stage after this function.  If there is no registered adder/accumulator following the multiply function, two pipeline stages are suggested to allow both the MREG and PREG registers to be used.  If the DSP48 was instantiated in the design, it is suggested to set both the MREG and PREG attributes to 1 when performing multiply functions.
Related violations: <none>

DPOP-4#7 Warning
MREG Output pipelining  
DSP gen_systolic[0].u_systolic/p_1_out__19 multiplier stage gen_systolic[0].u_systolic/p_1_out__19/P[47:0] is not pipelined (MREG=0). Pipelining the multiplier function will improve performance and will save significant power so it is suggested whenever possible to fully pipeline this function.  If this multiplier was inferred, it is suggested to describe an additional register stage after this function.  If there is no registered adder/accumulator following the multiply function, two pipeline stages are suggested to allow both the MREG and PREG registers to be used.  If the DSP48 was instantiated in the design, it is suggested to set both the MREG and PREG attributes to 1 when performing multiply functions.
Related violations: <none>

DPOP-4#8 Warning
MREG Output pipelining  
DSP gen_systolic[0].u_systolic/p_1_out__22 multiplier stage gen_systolic[0].u_systolic/p_1_out__22/P[47:0] is not pipelined (MREG=0). Pipelining the multiplier function will improve performance and will save significant power so it is suggested whenever possible to fully pipeline this function.  If this multiplier was inferred, it is suggested to describe an additional register stage after this function.  If there is no registered adder/accumulator following the multiply function, two pipeline stages are suggested to allow both the MREG and PREG registers to be used.  If the DSP48 was instantiated in the design, it is suggested to set both the MREG and PREG attributes to 1 when performing multiply functions.
Related violations: <none>

DPOP-4#9 Warning
MREG Output pipelining  
DSP gen_systolic[0].u_systolic/p_1_out__25 multiplier stage gen_systolic[0].u_systolic/p_1_out__25/P[47:0] is not pipelined (MREG=0). Pipelining the multiplier function will improve performance and will save significant power so it is suggested whenever possible to fully pipeline this function.  If this multiplier was inferred, it is suggested to describe an additional register stage after this function.  If there is no registered adder/accumulator following the multiply function, two pipeline stages are suggested to allow both the MREG and PREG registers to be used.  If the DSP48 was instantiated in the design, it is suggested to set both the MREG and PREG attributes to 1 when performing multiply functions.
Related violations: <none>

DPOP-4#10 Warning
MREG Output pipelining  
DSP gen_systolic[0].u_systolic/p_1_out__27 multiplier stage gen_systolic[0].u_systolic/p_1_out__27/P[47:0] is not pipelined (MREG=0). Pipelining the multiplier function will improve performance and will save significant power so it is suggested whenever possible to fully pipeline this function.  If this multiplier was inferred, it is suggested to describe an additional register stage after this function.  If there is no registered adder/accumulator following the multiply function, two pipeline stages are suggested to allow both the MREG and PREG registers to be used.  If the DSP48 was instantiated in the design, it is suggested to set both the MREG and PREG attributes to 1 when performing multiply functions.
Related violations: <none>

DPOP-4#11 Warning
MREG Output pipelining  
DSP gen_systolic[0].u_systolic/p_1_out__28 multiplier stage gen_systolic[0].u_systolic/p_1_out__28/P[47:0] is not pipelined (MREG=0). Pipelining the multiplier function will improve performance and will save significant power so it is suggested whenever possible to fully pipeline this function.  If this multiplier was inferred, it is suggested to describe an additional register stage after this function.  If there is no registered adder/accumulator following the multiply function, two pipeline stages are suggested to allow both the MREG and PREG registers to be used.  If the DSP48 was instantiated in the design, it is suggested to set both the MREG and PREG attributes to 1 when performing multiply functions.
Related violations: <none>

DPOP-4#12 Warning
MREG Output pipelining  
DSP gen_systolic[0].u_systolic/p_1_out__31 multiplier stage gen_systolic[0].u_systolic/p_1_out__31/P[47:0] is not pipelined (MREG=0). Pipelining the multiplier function will improve performance and will save significant power so it is suggested whenever possible to fully pipeline this function.  If this multiplier was inferred, it is suggested to describe an additional register stage after this function.  If there is no registered adder/accumulator following the multiply function, two pipeline stages are suggested to allow both the MREG and PREG registers to be used.  If the DSP48 was instantiated in the design, it is suggested to set both the MREG and PREG attributes to 1 when performing multiply functions.
Related violations: <none>

DPOP-4#13 Warning
MREG Output pipelining  
DSP gen_systolic[0].u_systolic/p_1_out__34 multiplier stage gen_systolic[0].u_systolic/p_1_out__34/P[47:0] is not pipelined (MREG=0). Pipelining the multiplier function will improve performance and will save significant power so it is suggested whenever possible to fully pipeline this function.  If this multiplier was inferred, it is suggested to describe an additional register stage after this function.  If there is no registered adder/accumulator following the multiply function, two pipeline stages are suggested to allow both the MREG and PREG registers to be used.  If the DSP48 was instantiated in the design, it is suggested to set both the MREG and PREG attributes to 1 when performing multiply functions.
Related violations: <none>

DPOP-4#14 Warning
MREG Output pipelining  
DSP gen_systolic[0].u_systolic/p_1_out__36 multiplier stage gen_systolic[0].u_systolic/p_1_out__36/P[47:0] is not pipelined (MREG=0). Pipelining the multiplier function will improve performance and will save significant power so it is suggested whenever possible to fully pipeline this function.  If this multiplier was inferred, it is suggested to describe an additional register stage after this function.  If there is no registered adder/accumulator following the multiply function, two pipeline stages are suggested to allow both the MREG and PREG registers to be used.  If the DSP48 was instantiated in the design, it is suggested to set both the MREG and PREG attributes to 1 when performing multiply functions.
Related violations: <none>

DPOP-4#15 Warning
MREG Output pipelining  
DSP gen_systolic[0].u_systolic/p_1_out__37 multiplier stage gen_systolic[0].u_systolic/p_1_out__37/P[47:0] is not pipelined (MREG=0). Pipelining the multiplier function will improve performance and will save significant power so it is suggested whenever possible to fully pipeline this function.  If this multiplier was inferred, it is suggested to describe an additional register stage after this function.  If there is no registered adder/accumulator following the multiply function, two pipeline stages are suggested to allow both the MREG and PREG registers to be used.  If the DSP48 was instantiated in the design, it is suggested to set both the MREG and PREG attributes to 1 when performing multiply functions.
Related violations: <none>

DPOP-4#16 Warning
MREG Output pipelining  
DSP gen_systolic[0].u_systolic/p_1_out__4 multiplier stage gen_systolic[0].u_systolic/p_1_out__4/P[47:0] is not pipelined (MREG=0). Pipelining the multiplier function will improve performance and will save significant power so it is suggested whenever possible to fully pipeline this function.  If this multiplier was inferred, it is suggested to describe an additional register stage after this function.  If there is no registered adder/accumulator following the multiply function, two pipeline stages are suggested to allow both the MREG and PREG registers to be used.  If the DSP48 was instantiated in the design, it is suggested to set both the MREG and PREG attributes to 1 when performing multiply functions.
Related violations: <none>

DPOP-4#17 Warning
MREG Output pipelining  
DSP gen_systolic[0].u_systolic/p_1_out__40 multiplier stage gen_systolic[0].u_systolic/p_1_out__40/P[47:0] is not pipelined (MREG=0). Pipelining the multiplier function will improve performance and will save significant power so it is suggested whenever possible to fully pipeline this function.  If this multiplier was inferred, it is suggested to describe an additional register stage after this function.  If there is no registered adder/accumulator following the multiply function, two pipeline stages are suggested to allow both the MREG and PREG registers to be used.  If the DSP48 was instantiated in the design, it is suggested to set both the MREG and PREG attributes to 1 when performing multiply functions.
Related violations: <none>

DPOP-4#18 Warning
MREG Output pipelining  
DSP gen_systolic[0].u_systolic/p_1_out__43 multiplier stage gen_systolic[0].u_systolic/p_1_out__43/P[47:0] is not pipelined (MREG=0). Pipelining the multiplier function will improve performance and will save significant power so it is suggested whenever possible to fully pipeline this function.  If this multiplier was inferred, it is suggested to describe an additional register stage after this function.  If there is no registered adder/accumulator following the multiply function, two pipeline stages are suggested to allow both the MREG and PREG registers to be used.  If the DSP48 was instantiated in the design, it is suggested to set both the MREG and PREG attributes to 1 when performing multiply functions.
Related violations: <none>

DPOP-4#19 Warning
MREG Output pipelining  
DSP gen_systolic[0].u_systolic/p_1_out__45 multiplier stage gen_systolic[0].u_systolic/p_1_out__45/P[47:0] is not pipelined (MREG=0). Pipelining the multiplier function will improve performance and will save significant power so it is suggested whenever possible to fully pipeline this function.  If this multiplier was inferred, it is suggested to describe an additional register stage after this function.  If there is no registered adder/accumulator following the multiply function, two pipeline stages are suggested to allow both the MREG and PREG registers to be used.  If the DSP48 was instantiated in the design, it is suggested to set both the MREG and PREG attributes to 1 when performing multiply functions.
Related violations: <none>

DPOP-4#20 Warning
MREG Output pipelining  
DSP gen_systolic[0].u_systolic/p_1_out__46 multiplier stage gen_systolic[0].u_systolic/p_1_out__46/P[47:0] is not pipelined (MREG=0). Pipelining the multiplier function will improve performance and will save significant power so it is suggested whenever possible to fully pipeline this function.  If this multiplier was inferred, it is suggested to describe an additional register stage after this function.  If there is no registered adder/accumulator following the multiply function, two pipeline stages are suggested to allow both the MREG and PREG registers to be used.  If the DSP48 was instantiated in the design, it is suggested to set both the MREG and PREG attributes to 1 when performing multiply functions.
Related violations: <none>

DPOP-4#21 Warning
MREG Output pipelining  
DSP gen_systolic[0].u_systolic/p_1_out__49 multiplier stage gen_systolic[0].u_systolic/p_1_out__49/P[47:0] is not pipelined (MREG=0). Pipelining the multiplier function will improve performance and will save significant power so it is suggested whenever possible to fully pipeline this function.  If this multiplier was inferred, it is suggested to describe an additional register stage after this function.  If there is no registered adder/accumulator following the multiply function, two pipeline stages are suggested to allow both the MREG and PREG registers to be used.  If the DSP48 was instantiated in the design, it is suggested to set both the MREG and PREG attributes to 1 when performing multiply functions.
Related violations: <none>

DPOP-4#22 Warning
MREG Output pipelining  
DSP gen_systolic[0].u_systolic/p_1_out__52 multiplier stage gen_systolic[0].u_systolic/p_1_out__52/P[47:0] is not pipelined (MREG=0). Pipelining the multiplier function will improve performance and will save significant power so it is suggested whenever possible to fully pipeline this function.  If this multiplier was inferred, it is suggested to describe an additional register stage after this function.  If there is no registered adder/accumulator following the multiply function, two pipeline stages are suggested to allow both the MREG and PREG registers to be used.  If the DSP48 was instantiated in the design, it is suggested to set both the MREG and PREG attributes to 1 when performing multiply functions.
Related violations: <none>

DPOP-4#23 Warning
MREG Output pipelining  
DSP gen_systolic[0].u_systolic/p_1_out__54 multiplier stage gen_systolic[0].u_systolic/p_1_out__54/P[47:0] is not pipelined (MREG=0). Pipelining the multiplier function will improve performance and will save significant power so it is suggested whenever possible to fully pipeline this function.  If this multiplier was inferred, it is suggested to describe an additional register stage after this function.  If there is no registered adder/accumulator following the multiply function, two pipeline stages are suggested to allow both the MREG and PREG registers to be used.  If the DSP48 was instantiated in the design, it is suggested to set both the MREG and PREG attributes to 1 when performing multiply functions.
Related violations: <none>

DPOP-4#24 Warning
MREG Output pipelining  
DSP gen_systolic[0].u_systolic/p_1_out__55 multiplier stage gen_systolic[0].u_systolic/p_1_out__55/P[47:0] is not pipelined (MREG=0). Pipelining the multiplier function will improve performance and will save significant power so it is suggested whenever possible to fully pipeline this function.  If this multiplier was inferred, it is suggested to describe an additional register stage after this function.  If there is no registered adder/accumulator following the multiply function, two pipeline stages are suggested to allow both the MREG and PREG registers to be used.  If the DSP48 was instantiated in the design, it is suggested to set both the MREG and PREG attributes to 1 when performing multiply functions.
Related violations: <none>

DPOP-4#25 Warning
MREG Output pipelining  
DSP gen_systolic[0].u_systolic/p_1_out__58 multiplier stage gen_systolic[0].u_systolic/p_1_out__58/P[47:0] is not pipelined (MREG=0). Pipelining the multiplier function will improve performance and will save significant power so it is suggested whenever possible to fully pipeline this function.  If this multiplier was inferred, it is suggested to describe an additional register stage after this function.  If there is no registered adder/accumulator following the multiply function, two pipeline stages are suggested to allow both the MREG and PREG registers to be used.  If the DSP48 was instantiated in the design, it is suggested to set both the MREG and PREG attributes to 1 when performing multiply functions.
Related violations: <none>

DPOP-4#26 Warning
MREG Output pipelining  
DSP gen_systolic[0].u_systolic/p_1_out__61 multiplier stage gen_systolic[0].u_systolic/p_1_out__61/P[47:0] is not pipelined (MREG=0). Pipelining the multiplier function will improve performance and will save significant power so it is suggested whenever possible to fully pipeline this function.  If this multiplier was inferred, it is suggested to describe an additional register stage after this function.  If there is no registered adder/accumulator following the multiply function, two pipeline stages are suggested to allow both the MREG and PREG registers to be used.  If the DSP48 was instantiated in the design, it is suggested to set both the MREG and PREG attributes to 1 when performing multiply functions.
Related violations: <none>

DPOP-4#27 Warning
MREG Output pipelining  
DSP gen_systolic[0].u_systolic/p_1_out__63 multiplier stage gen_systolic[0].u_systolic/p_1_out__63/P[47:0] is not pipelined (MREG=0). Pipelining the multiplier function will improve performance and will save significant power so it is suggested whenever possible to fully pipeline this function.  If this multiplier was inferred, it is suggested to describe an additional register stage after this function.  If there is no registered adder/accumulator following the multiply function, two pipeline stages are suggested to allow both the MREG and PREG registers to be used.  If the DSP48 was instantiated in the design, it is suggested to set both the MREG and PREG attributes to 1 when performing multiply functions.
Related violations: <none>

DPOP-4#28 Warning
MREG Output pipelining  
DSP gen_systolic[0].u_systolic/p_1_out__64 multiplier stage gen_systolic[0].u_systolic/p_1_out__64/P[47:0] is not pipelined (MREG=0). Pipelining the multiplier function will improve performance and will save significant power so it is suggested whenever possible to fully pipeline this function.  If this multiplier was inferred, it is suggested to describe an additional register stage after this function.  If there is no registered adder/accumulator following the multiply function, two pipeline stages are suggested to allow both the MREG and PREG registers to be used.  If the DSP48 was instantiated in the design, it is suggested to set both the MREG and PREG attributes to 1 when performing multiply functions.
Related violations: <none>

DPOP-4#29 Warning
MREG Output pipelining  
DSP gen_systolic[0].u_systolic/p_1_out__67 multiplier stage gen_systolic[0].u_systolic/p_1_out__67/P[47:0] is not pipelined (MREG=0). Pipelining the multiplier function will improve performance and will save significant power so it is suggested whenever possible to fully pipeline this function.  If this multiplier was inferred, it is suggested to describe an additional register stage after this function.  If there is no registered adder/accumulator following the multiply function, two pipeline stages are suggested to allow both the MREG and PREG registers to be used.  If the DSP48 was instantiated in the design, it is suggested to set both the MREG and PREG attributes to 1 when performing multiply functions.
Related violations: <none>

DPOP-4#30 Warning
MREG Output pipelining  
DSP gen_systolic[0].u_systolic/p_1_out__7 multiplier stage gen_systolic[0].u_systolic/p_1_out__7/P[47:0] is not pipelined (MREG=0). Pipelining the multiplier function will improve performance and will save significant power so it is suggested whenever possible to fully pipeline this function.  If this multiplier was inferred, it is suggested to describe an additional register stage after this function.  If there is no registered adder/accumulator following the multiply function, two pipeline stages are suggested to allow both the MREG and PREG registers to be used.  If the DSP48 was instantiated in the design, it is suggested to set both the MREG and PREG attributes to 1 when performing multiply functions.
Related violations: <none>

DPOP-4#31 Warning
MREG Output pipelining  
DSP gen_systolic[0].u_systolic/p_1_out__70 multiplier stage gen_systolic[0].u_systolic/p_1_out__70/P[47:0] is not pipelined (MREG=0). Pipelining the multiplier function will improve performance and will save significant power so it is suggested whenever possible to fully pipeline this function.  If this multiplier was inferred, it is suggested to describe an additional register stage after this function.  If there is no registered adder/accumulator following the multiply function, two pipeline stages are suggested to allow both the MREG and PREG registers to be used.  If the DSP48 was instantiated in the design, it is suggested to set both the MREG and PREG attributes to 1 when performing multiply functions.
Related violations: <none>

DPOP-4#32 Warning
MREG Output pipelining  
DSP gen_systolic[0].u_systolic/p_1_out__72 multiplier stage gen_systolic[0].u_systolic/p_1_out__72/P[47:0] is not pipelined (MREG=0). Pipelining the multiplier function will improve performance and will save significant power so it is suggested whenever possible to fully pipeline this function.  If this multiplier was inferred, it is suggested to describe an additional register stage after this function.  If there is no registered adder/accumulator following the multiply function, two pipeline stages are suggested to allow both the MREG and PREG registers to be used.  If the DSP48 was instantiated in the design, it is suggested to set both the MREG and PREG attributes to 1 when performing multiply functions.
Related violations: <none>

DPOP-4#33 Warning
MREG Output pipelining  
DSP gen_systolic[0].u_systolic/p_1_out__73 multiplier stage gen_systolic[0].u_systolic/p_1_out__73/P[47:0] is not pipelined (MREG=0). Pipelining the multiplier function will improve performance and will save significant power so it is suggested whenever possible to fully pipeline this function.  If this multiplier was inferred, it is suggested to describe an additional register stage after this function.  If there is no registered adder/accumulator following the multiply function, two pipeline stages are suggested to allow both the MREG and PREG registers to be used.  If the DSP48 was instantiated in the design, it is suggested to set both the MREG and PREG attributes to 1 when performing multiply functions.
Related violations: <none>

DPOP-4#34 Warning
MREG Output pipelining  
DSP gen_systolic[0].u_systolic/p_1_out__76 multiplier stage gen_systolic[0].u_systolic/p_1_out__76/P[47:0] is not pipelined (MREG=0). Pipelining the multiplier function will improve performance and will save significant power so it is suggested whenever possible to fully pipeline this function.  If this multiplier was inferred, it is suggested to describe an additional register stage after this function.  If there is no registered adder/accumulator following the multiply function, two pipeline stages are suggested to allow both the MREG and PREG registers to be used.  If the DSP48 was instantiated in the design, it is suggested to set both the MREG and PREG attributes to 1 when performing multiply functions.
Related violations: <none>

DPOP-4#35 Warning
MREG Output pipelining  
DSP gen_systolic[0].u_systolic/p_1_out__79 multiplier stage gen_systolic[0].u_systolic/p_1_out__79/P[47:0] is not pipelined (MREG=0). Pipelining the multiplier function will improve performance and will save significant power so it is suggested whenever possible to fully pipeline this function.  If this multiplier was inferred, it is suggested to describe an additional register stage after this function.  If there is no registered adder/accumulator following the multiply function, two pipeline stages are suggested to allow both the MREG and PREG registers to be used.  If the DSP48 was instantiated in the design, it is suggested to set both the MREG and PREG attributes to 1 when performing multiply functions.
Related violations: <none>

DPOP-4#36 Warning
MREG Output pipelining  
DSP gen_systolic[0].u_systolic/p_1_out__9 multiplier stage gen_systolic[0].u_systolic/p_1_out__9/P[47:0] is not pipelined (MREG=0). Pipelining the multiplier function will improve performance and will save significant power so it is suggested whenever possible to fully pipeline this function.  If this multiplier was inferred, it is suggested to describe an additional register stage after this function.  If there is no registered adder/accumulator following the multiply function, two pipeline stages are suggested to allow both the MREG and PREG registers to be used.  If the DSP48 was instantiated in the design, it is suggested to set both the MREG and PREG attributes to 1 when performing multiply functions.
Related violations: <none>

DPOP-4#37 Warning
MREG Output pipelining  
DSP gen_systolic[1].u_systolic/p_1_out__0 multiplier stage gen_systolic[1].u_systolic/p_1_out__0/P[47:0] is not pipelined (MREG=0). Pipelining the multiplier function will improve performance and will save significant power so it is suggested whenever possible to fully pipeline this function.  If this multiplier was inferred, it is suggested to describe an additional register stage after this function.  If there is no registered adder/accumulator following the multiply function, two pipeline stages are suggested to allow both the MREG and PREG registers to be used.  If the DSP48 was instantiated in the design, it is suggested to set both the MREG and PREG attributes to 1 when performing multiply functions.
Related violations: <none>

DPOP-4#38 Warning
MREG Output pipelining  
DSP gen_systolic[1].u_systolic/p_1_out__1 multiplier stage gen_systolic[1].u_systolic/p_1_out__1/P[47:0] is not pipelined (MREG=0). Pipelining the multiplier function will improve performance and will save significant power so it is suggested whenever possible to fully pipeline this function.  If this multiplier was inferred, it is suggested to describe an additional register stage after this function.  If there is no registered adder/accumulator following the multiply function, two pipeline stages are suggested to allow both the MREG and PREG registers to be used.  If the DSP48 was instantiated in the design, it is suggested to set both the MREG and PREG attributes to 1 when performing multiply functions.
Related violations: <none>

DPOP-4#39 Warning
MREG Output pipelining  
DSP gen_systolic[1].u_systolic/p_1_out__10 multiplier stage gen_systolic[1].u_systolic/p_1_out__10/P[47:0] is not pipelined (MREG=0). Pipelining the multiplier function will improve performance and will save significant power so it is suggested whenever possible to fully pipeline this function.  If this multiplier was inferred, it is suggested to describe an additional register stage after this function.  If there is no registered adder/accumulator following the multiply function, two pipeline stages are suggested to allow both the MREG and PREG registers to be used.  If the DSP48 was instantiated in the design, it is suggested to set both the MREG and PREG attributes to 1 when performing multiply functions.
Related violations: <none>

DPOP-4#40 Warning
MREG Output pipelining  
DSP gen_systolic[1].u_systolic/p_1_out__13 multiplier stage gen_systolic[1].u_systolic/p_1_out__13/P[47:0] is not pipelined (MREG=0). Pipelining the multiplier function will improve performance and will save significant power so it is suggested whenever possible to fully pipeline this function.  If this multiplier was inferred, it is suggested to describe an additional register stage after this function.  If there is no registered adder/accumulator following the multiply function, two pipeline stages are suggested to allow both the MREG and PREG registers to be used.  If the DSP48 was instantiated in the design, it is suggested to set both the MREG and PREG attributes to 1 when performing multiply functions.
Related violations: <none>

DPOP-4#41 Warning
MREG Output pipelining  
DSP gen_systolic[1].u_systolic/p_1_out__16 multiplier stage gen_systolic[1].u_systolic/p_1_out__16/P[47:0] is not pipelined (MREG=0). Pipelining the multiplier function will improve performance and will save significant power so it is suggested whenever possible to fully pipeline this function.  If this multiplier was inferred, it is suggested to describe an additional register stage after this function.  If there is no registered adder/accumulator following the multiply function, two pipeline stages are suggested to allow both the MREG and PREG registers to be used.  If the DSP48 was instantiated in the design, it is suggested to set both the MREG and PREG attributes to 1 when performing multiply functions.
Related violations: <none>

DPOP-4#42 Warning
MREG Output pipelining  
DSP gen_systolic[1].u_systolic/p_1_out__18 multiplier stage gen_systolic[1].u_systolic/p_1_out__18/P[47:0] is not pipelined (MREG=0). Pipelining the multiplier function will improve performance and will save significant power so it is suggested whenever possible to fully pipeline this function.  If this multiplier was inferred, it is suggested to describe an additional register stage after this function.  If there is no registered adder/accumulator following the multiply function, two pipeline stages are suggested to allow both the MREG and PREG registers to be used.  If the DSP48 was instantiated in the design, it is suggested to set both the MREG and PREG attributes to 1 when performing multiply functions.
Related violations: <none>

DPOP-4#43 Warning
MREG Output pipelining  
DSP gen_systolic[1].u_systolic/p_1_out__19 multiplier stage gen_systolic[1].u_systolic/p_1_out__19/P[47:0] is not pipelined (MREG=0). Pipelining the multiplier function will improve performance and will save significant power so it is suggested whenever possible to fully pipeline this function.  If this multiplier was inferred, it is suggested to describe an additional register stage after this function.  If there is no registered adder/accumulator following the multiply function, two pipeline stages are suggested to allow both the MREG and PREG registers to be used.  If the DSP48 was instantiated in the design, it is suggested to set both the MREG and PREG attributes to 1 when performing multiply functions.
Related violations: <none>

DPOP-4#44 Warning
MREG Output pipelining  
DSP gen_systolic[1].u_systolic/p_1_out__22 multiplier stage gen_systolic[1].u_systolic/p_1_out__22/P[47:0] is not pipelined (MREG=0). Pipelining the multiplier function will improve performance and will save significant power so it is suggested whenever possible to fully pipeline this function.  If this multiplier was inferred, it is suggested to describe an additional register stage after this function.  If there is no registered adder/accumulator following the multiply function, two pipeline stages are suggested to allow both the MREG and PREG registers to be used.  If the DSP48 was instantiated in the design, it is suggested to set both the MREG and PREG attributes to 1 when performing multiply functions.
Related violations: <none>

DPOP-4#45 Warning
MREG Output pipelining  
DSP gen_systolic[1].u_systolic/p_1_out__25 multiplier stage gen_systolic[1].u_systolic/p_1_out__25/P[47:0] is not pipelined (MREG=0). Pipelining the multiplier function will improve performance and will save significant power so it is suggested whenever possible to fully pipeline this function.  If this multiplier was inferred, it is suggested to describe an additional register stage after this function.  If there is no registered adder/accumulator following the multiply function, two pipeline stages are suggested to allow both the MREG and PREG registers to be used.  If the DSP48 was instantiated in the design, it is suggested to set both the MREG and PREG attributes to 1 when performing multiply functions.
Related violations: <none>

DPOP-4#46 Warning
MREG Output pipelining  
DSP gen_systolic[1].u_systolic/p_1_out__27 multiplier stage gen_systolic[1].u_systolic/p_1_out__27/P[47:0] is not pipelined (MREG=0). Pipelining the multiplier function will improve performance and will save significant power so it is suggested whenever possible to fully pipeline this function.  If this multiplier was inferred, it is suggested to describe an additional register stage after this function.  If there is no registered adder/accumulator following the multiply function, two pipeline stages are suggested to allow both the MREG and PREG registers to be used.  If the DSP48 was instantiated in the design, it is suggested to set both the MREG and PREG attributes to 1 when performing multiply functions.
Related violations: <none>

DPOP-4#47 Warning
MREG Output pipelining  
DSP gen_systolic[1].u_systolic/p_1_out__28 multiplier stage gen_systolic[1].u_systolic/p_1_out__28/P[47:0] is not pipelined (MREG=0). Pipelining the multiplier function will improve performance and will save significant power so it is suggested whenever possible to fully pipeline this function.  If this multiplier was inferred, it is suggested to describe an additional register stage after this function.  If there is no registered adder/accumulator following the multiply function, two pipeline stages are suggested to allow both the MREG and PREG registers to be used.  If the DSP48 was instantiated in the design, it is suggested to set both the MREG and PREG attributes to 1 when performing multiply functions.
Related violations: <none>

DPOP-4#48 Warning
MREG Output pipelining  
DSP gen_systolic[1].u_systolic/p_1_out__31 multiplier stage gen_systolic[1].u_systolic/p_1_out__31/P[47:0] is not pipelined (MREG=0). Pipelining the multiplier function will improve performance and will save significant power so it is suggested whenever possible to fully pipeline this function.  If this multiplier was inferred, it is suggested to describe an additional register stage after this function.  If there is no registered adder/accumulator following the multiply function, two pipeline stages are suggested to allow both the MREG and PREG registers to be used.  If the DSP48 was instantiated in the design, it is suggested to set both the MREG and PREG attributes to 1 when performing multiply functions.
Related violations: <none>

DPOP-4#49 Warning
MREG Output pipelining  
DSP gen_systolic[1].u_systolic/p_1_out__34 multiplier stage gen_systolic[1].u_systolic/p_1_out__34/P[47:0] is not pipelined (MREG=0). Pipelining the multiplier function will improve performance and will save significant power so it is suggested whenever possible to fully pipeline this function.  If this multiplier was inferred, it is suggested to describe an additional register stage after this function.  If there is no registered adder/accumulator following the multiply function, two pipeline stages are suggested to allow both the MREG and PREG registers to be used.  If the DSP48 was instantiated in the design, it is suggested to set both the MREG and PREG attributes to 1 when performing multiply functions.
Related violations: <none>

DPOP-4#50 Warning
MREG Output pipelining  
DSP gen_systolic[1].u_systolic/p_1_out__36 multiplier stage gen_systolic[1].u_systolic/p_1_out__36/P[47:0] is not pipelined (MREG=0). Pipelining the multiplier function will improve performance and will save significant power so it is suggested whenever possible to fully pipeline this function.  If this multiplier was inferred, it is suggested to describe an additional register stage after this function.  If there is no registered adder/accumulator following the multiply function, two pipeline stages are suggested to allow both the MREG and PREG registers to be used.  If the DSP48 was instantiated in the design, it is suggested to set both the MREG and PREG attributes to 1 when performing multiply functions.
Related violations: <none>

DPOP-4#51 Warning
MREG Output pipelining  
DSP gen_systolic[1].u_systolic/p_1_out__37 multiplier stage gen_systolic[1].u_systolic/p_1_out__37/P[47:0] is not pipelined (MREG=0). Pipelining the multiplier function will improve performance and will save significant power so it is suggested whenever possible to fully pipeline this function.  If this multiplier was inferred, it is suggested to describe an additional register stage after this function.  If there is no registered adder/accumulator following the multiply function, two pipeline stages are suggested to allow both the MREG and PREG registers to be used.  If the DSP48 was instantiated in the design, it is suggested to set both the MREG and PREG attributes to 1 when performing multiply functions.
Related violations: <none>

DPOP-4#52 Warning
MREG Output pipelining  
DSP gen_systolic[1].u_systolic/p_1_out__4 multiplier stage gen_systolic[1].u_systolic/p_1_out__4/P[47:0] is not pipelined (MREG=0). Pipelining the multiplier function will improve performance and will save significant power so it is suggested whenever possible to fully pipeline this function.  If this multiplier was inferred, it is suggested to describe an additional register stage after this function.  If there is no registered adder/accumulator following the multiply function, two pipeline stages are suggested to allow both the MREG and PREG registers to be used.  If the DSP48 was instantiated in the design, it is suggested to set both the MREG and PREG attributes to 1 when performing multiply functions.
Related violations: <none>

DPOP-4#53 Warning
MREG Output pipelining  
DSP gen_systolic[1].u_systolic/p_1_out__40 multiplier stage gen_systolic[1].u_systolic/p_1_out__40/P[47:0] is not pipelined (MREG=0). Pipelining the multiplier function will improve performance and will save significant power so it is suggested whenever possible to fully pipeline this function.  If this multiplier was inferred, it is suggested to describe an additional register stage after this function.  If there is no registered adder/accumulator following the multiply function, two pipeline stages are suggested to allow both the MREG and PREG registers to be used.  If the DSP48 was instantiated in the design, it is suggested to set both the MREG and PREG attributes to 1 when performing multiply functions.
Related violations: <none>

DPOP-4#54 Warning
MREG Output pipelining  
DSP gen_systolic[1].u_systolic/p_1_out__43 multiplier stage gen_systolic[1].u_systolic/p_1_out__43/P[47:0] is not pipelined (MREG=0). Pipelining the multiplier function will improve performance and will save significant power so it is suggested whenever possible to fully pipeline this function.  If this multiplier was inferred, it is suggested to describe an additional register stage after this function.  If there is no registered adder/accumulator following the multiply function, two pipeline stages are suggested to allow both the MREG and PREG registers to be used.  If the DSP48 was instantiated in the design, it is suggested to set both the MREG and PREG attributes to 1 when performing multiply functions.
Related violations: <none>

DPOP-4#55 Warning
MREG Output pipelining  
DSP gen_systolic[1].u_systolic/p_1_out__45 multiplier stage gen_systolic[1].u_systolic/p_1_out__45/P[47:0] is not pipelined (MREG=0). Pipelining the multiplier function will improve performance and will save significant power so it is suggested whenever possible to fully pipeline this function.  If this multiplier was inferred, it is suggested to describe an additional register stage after this function.  If there is no registered adder/accumulator following the multiply function, two pipeline stages are suggested to allow both the MREG and PREG registers to be used.  If the DSP48 was instantiated in the design, it is suggested to set both the MREG and PREG attributes to 1 when performing multiply functions.
Related violations: <none>

DPOP-4#56 Warning
MREG Output pipelining  
DSP gen_systolic[1].u_systolic/p_1_out__46 multiplier stage gen_systolic[1].u_systolic/p_1_out__46/P[47:0] is not pipelined (MREG=0). Pipelining the multiplier function will improve performance and will save significant power so it is suggested whenever possible to fully pipeline this function.  If this multiplier was inferred, it is suggested to describe an additional register stage after this function.  If there is no registered adder/accumulator following the multiply function, two pipeline stages are suggested to allow both the MREG and PREG registers to be used.  If the DSP48 was instantiated in the design, it is suggested to set both the MREG and PREG attributes to 1 when performing multiply functions.
Related violations: <none>

DPOP-4#57 Warning
MREG Output pipelining  
DSP gen_systolic[1].u_systolic/p_1_out__49 multiplier stage gen_systolic[1].u_systolic/p_1_out__49/P[47:0] is not pipelined (MREG=0). Pipelining the multiplier function will improve performance and will save significant power so it is suggested whenever possible to fully pipeline this function.  If this multiplier was inferred, it is suggested to describe an additional register stage after this function.  If there is no registered adder/accumulator following the multiply function, two pipeline stages are suggested to allow both the MREG and PREG registers to be used.  If the DSP48 was instantiated in the design, it is suggested to set both the MREG and PREG attributes to 1 when performing multiply functions.
Related violations: <none>

DPOP-4#58 Warning
MREG Output pipelining  
DSP gen_systolic[1].u_systolic/p_1_out__52 multiplier stage gen_systolic[1].u_systolic/p_1_out__52/P[47:0] is not pipelined (MREG=0). Pipelining the multiplier function will improve performance and will save significant power so it is suggested whenever possible to fully pipeline this function.  If this multiplier was inferred, it is suggested to describe an additional register stage after this function.  If there is no registered adder/accumulator following the multiply function, two pipeline stages are suggested to allow both the MREG and PREG registers to be used.  If the DSP48 was instantiated in the design, it is suggested to set both the MREG and PREG attributes to 1 when performing multiply functions.
Related violations: <none>

DPOP-4#59 Warning
MREG Output pipelining  
DSP gen_systolic[1].u_systolic/p_1_out__54 multiplier stage gen_systolic[1].u_systolic/p_1_out__54/P[47:0] is not pipelined (MREG=0). Pipelining the multiplier function will improve performance and will save significant power so it is suggested whenever possible to fully pipeline this function.  If this multiplier was inferred, it is suggested to describe an additional register stage after this function.  If there is no registered adder/accumulator following the multiply function, two pipeline stages are suggested to allow both the MREG and PREG registers to be used.  If the DSP48 was instantiated in the design, it is suggested to set both the MREG and PREG attributes to 1 when performing multiply functions.
Related violations: <none>

DPOP-4#60 Warning
MREG Output pipelining  
DSP gen_systolic[1].u_systolic/p_1_out__55 multiplier stage gen_systolic[1].u_systolic/p_1_out__55/P[47:0] is not pipelined (MREG=0). Pipelining the multiplier function will improve performance and will save significant power so it is suggested whenever possible to fully pipeline this function.  If this multiplier was inferred, it is suggested to describe an additional register stage after this function.  If there is no registered adder/accumulator following the multiply function, two pipeline stages are suggested to allow both the MREG and PREG registers to be used.  If the DSP48 was instantiated in the design, it is suggested to set both the MREG and PREG attributes to 1 when performing multiply functions.
Related violations: <none>

DPOP-4#61 Warning
MREG Output pipelining  
DSP gen_systolic[1].u_systolic/p_1_out__58 multiplier stage gen_systolic[1].u_systolic/p_1_out__58/P[47:0] is not pipelined (MREG=0). Pipelining the multiplier function will improve performance and will save significant power so it is suggested whenever possible to fully pipeline this function.  If this multiplier was inferred, it is suggested to describe an additional register stage after this function.  If there is no registered adder/accumulator following the multiply function, two pipeline stages are suggested to allow both the MREG and PREG registers to be used.  If the DSP48 was instantiated in the design, it is suggested to set both the MREG and PREG attributes to 1 when performing multiply functions.
Related violations: <none>

DPOP-4#62 Warning
MREG Output pipelining  
DSP gen_systolic[1].u_systolic/p_1_out__61 multiplier stage gen_systolic[1].u_systolic/p_1_out__61/P[47:0] is not pipelined (MREG=0). Pipelining the multiplier function will improve performance and will save significant power so it is suggested whenever possible to fully pipeline this function.  If this multiplier was inferred, it is suggested to describe an additional register stage after this function.  If there is no registered adder/accumulator following the multiply function, two pipeline stages are suggested to allow both the MREG and PREG registers to be used.  If the DSP48 was instantiated in the design, it is suggested to set both the MREG and PREG attributes to 1 when performing multiply functions.
Related violations: <none>

DPOP-4#63 Warning
MREG Output pipelining  
DSP gen_systolic[1].u_systolic/p_1_out__63 multiplier stage gen_systolic[1].u_systolic/p_1_out__63/P[47:0] is not pipelined (MREG=0). Pipelining the multiplier function will improve performance and will save significant power so it is suggested whenever possible to fully pipeline this function.  If this multiplier was inferred, it is suggested to describe an additional register stage after this function.  If there is no registered adder/accumulator following the multiply function, two pipeline stages are suggested to allow both the MREG and PREG registers to be used.  If the DSP48 was instantiated in the design, it is suggested to set both the MREG and PREG attributes to 1 when performing multiply functions.
Related violations: <none>

DPOP-4#64 Warning
MREG Output pipelining  
DSP gen_systolic[1].u_systolic/p_1_out__64 multiplier stage gen_systolic[1].u_systolic/p_1_out__64/P[47:0] is not pipelined (MREG=0). Pipelining the multiplier function will improve performance and will save significant power so it is suggested whenever possible to fully pipeline this function.  If this multiplier was inferred, it is suggested to describe an additional register stage after this function.  If there is no registered adder/accumulator following the multiply function, two pipeline stages are suggested to allow both the MREG and PREG registers to be used.  If the DSP48 was instantiated in the design, it is suggested to set both the MREG and PREG attributes to 1 when performing multiply functions.
Related violations: <none>

DPOP-4#65 Warning
MREG Output pipelining  
DSP gen_systolic[1].u_systolic/p_1_out__67 multiplier stage gen_systolic[1].u_systolic/p_1_out__67/P[47:0] is not pipelined (MREG=0). Pipelining the multiplier function will improve performance and will save significant power so it is suggested whenever possible to fully pipeline this function.  If this multiplier was inferred, it is suggested to describe an additional register stage after this function.  If there is no registered adder/accumulator following the multiply function, two pipeline stages are suggested to allow both the MREG and PREG registers to be used.  If the DSP48 was instantiated in the design, it is suggested to set both the MREG and PREG attributes to 1 when performing multiply functions.
Related violations: <none>

DPOP-4#66 Warning
MREG Output pipelining  
DSP gen_systolic[1].u_systolic/p_1_out__7 multiplier stage gen_systolic[1].u_systolic/p_1_out__7/P[47:0] is not pipelined (MREG=0). Pipelining the multiplier function will improve performance and will save significant power so it is suggested whenever possible to fully pipeline this function.  If this multiplier was inferred, it is suggested to describe an additional register stage after this function.  If there is no registered adder/accumulator following the multiply function, two pipeline stages are suggested to allow both the MREG and PREG registers to be used.  If the DSP48 was instantiated in the design, it is suggested to set both the MREG and PREG attributes to 1 when performing multiply functions.
Related violations: <none>

DPOP-4#67 Warning
MREG Output pipelining  
DSP gen_systolic[1].u_systolic/p_1_out__70 multiplier stage gen_systolic[1].u_systolic/p_1_out__70/P[47:0] is not pipelined (MREG=0). Pipelining the multiplier function will improve performance and will save significant power so it is suggested whenever possible to fully pipeline this function.  If this multiplier was inferred, it is suggested to describe an additional register stage after this function.  If there is no registered adder/accumulator following the multiply function, two pipeline stages are suggested to allow both the MREG and PREG registers to be used.  If the DSP48 was instantiated in the design, it is suggested to set both the MREG and PREG attributes to 1 when performing multiply functions.
Related violations: <none>

DPOP-4#68 Warning
MREG Output pipelining  
DSP gen_systolic[1].u_systolic/p_1_out__72 multiplier stage gen_systolic[1].u_systolic/p_1_out__72/P[47:0] is not pipelined (MREG=0). Pipelining the multiplier function will improve performance and will save significant power so it is suggested whenever possible to fully pipeline this function.  If this multiplier was inferred, it is suggested to describe an additional register stage after this function.  If there is no registered adder/accumulator following the multiply function, two pipeline stages are suggested to allow both the MREG and PREG registers to be used.  If the DSP48 was instantiated in the design, it is suggested to set both the MREG and PREG attributes to 1 when performing multiply functions.
Related violations: <none>

DPOP-4#69 Warning
MREG Output pipelining  
DSP gen_systolic[1].u_systolic/p_1_out__73 multiplier stage gen_systolic[1].u_systolic/p_1_out__73/P[47:0] is not pipelined (MREG=0). Pipelining the multiplier function will improve performance and will save significant power so it is suggested whenever possible to fully pipeline this function.  If this multiplier was inferred, it is suggested to describe an additional register stage after this function.  If there is no registered adder/accumulator following the multiply function, two pipeline stages are suggested to allow both the MREG and PREG registers to be used.  If the DSP48 was instantiated in the design, it is suggested to set both the MREG and PREG attributes to 1 when performing multiply functions.
Related violations: <none>

DPOP-4#70 Warning
MREG Output pipelining  
DSP gen_systolic[1].u_systolic/p_1_out__76 multiplier stage gen_systolic[1].u_systolic/p_1_out__76/P[47:0] is not pipelined (MREG=0). Pipelining the multiplier function will improve performance and will save significant power so it is suggested whenever possible to fully pipeline this function.  If this multiplier was inferred, it is suggested to describe an additional register stage after this function.  If there is no registered adder/accumulator following the multiply function, two pipeline stages are suggested to allow both the MREG and PREG registers to be used.  If the DSP48 was instantiated in the design, it is suggested to set both the MREG and PREG attributes to 1 when performing multiply functions.
Related violations: <none>

DPOP-4#71 Warning
MREG Output pipelining  
DSP gen_systolic[1].u_systolic/p_1_out__79 multiplier stage gen_systolic[1].u_systolic/p_1_out__79/P[47:0] is not pipelined (MREG=0). Pipelining the multiplier function will improve performance and will save significant power so it is suggested whenever possible to fully pipeline this function.  If this multiplier was inferred, it is suggested to describe an additional register stage after this function.  If there is no registered adder/accumulator following the multiply function, two pipeline stages are suggested to allow both the MREG and PREG registers to be used.  If the DSP48 was instantiated in the design, it is suggested to set both the MREG and PREG attributes to 1 when performing multiply functions.
Related violations: <none>

DPOP-4#72 Warning
MREG Output pipelining  
DSP gen_systolic[1].u_systolic/p_1_out__9 multiplier stage gen_systolic[1].u_systolic/p_1_out__9/P[47:0] is not pipelined (MREG=0). Pipelining the multiplier function will improve performance and will save significant power so it is suggested whenever possible to fully pipeline this function.  If this multiplier was inferred, it is suggested to describe an additional register stage after this function.  If there is no registered adder/accumulator following the multiply function, two pipeline stages are suggested to allow both the MREG and PREG registers to be used.  If the DSP48 was instantiated in the design, it is suggested to set both the MREG and PREG attributes to 1 when performing multiply functions.
Related violations: <none>

DPOP-4#73 Warning
MREG Output pipelining  
DSP gen_systolic[2].u_systolic/p_1_out__0 multiplier stage gen_systolic[2].u_systolic/p_1_out__0/P[47:0] is not pipelined (MREG=0). Pipelining the multiplier function will improve performance and will save significant power so it is suggested whenever possible to fully pipeline this function.  If this multiplier was inferred, it is suggested to describe an additional register stage after this function.  If there is no registered adder/accumulator following the multiply function, two pipeline stages are suggested to allow both the MREG and PREG registers to be used.  If the DSP48 was instantiated in the design, it is suggested to set both the MREG and PREG attributes to 1 when performing multiply functions.
Related violations: <none>

DPOP-4#74 Warning
MREG Output pipelining  
DSP gen_systolic[2].u_systolic/p_1_out__1 multiplier stage gen_systolic[2].u_systolic/p_1_out__1/P[47:0] is not pipelined (MREG=0). Pipelining the multiplier function will improve performance and will save significant power so it is suggested whenever possible to fully pipeline this function.  If this multiplier was inferred, it is suggested to describe an additional register stage after this function.  If there is no registered adder/accumulator following the multiply function, two pipeline stages are suggested to allow both the MREG and PREG registers to be used.  If the DSP48 was instantiated in the design, it is suggested to set both the MREG and PREG attributes to 1 when performing multiply functions.
Related violations: <none>

DPOP-4#75 Warning
MREG Output pipelining  
DSP gen_systolic[2].u_systolic/p_1_out__10 multiplier stage gen_systolic[2].u_systolic/p_1_out__10/P[47:0] is not pipelined (MREG=0). Pipelining the multiplier function will improve performance and will save significant power so it is suggested whenever possible to fully pipeline this function.  If this multiplier was inferred, it is suggested to describe an additional register stage after this function.  If there is no registered adder/accumulator following the multiply function, two pipeline stages are suggested to allow both the MREG and PREG registers to be used.  If the DSP48 was instantiated in the design, it is suggested to set both the MREG and PREG attributes to 1 when performing multiply functions.
Related violations: <none>

DPOP-4#76 Warning
MREG Output pipelining  
DSP gen_systolic[2].u_systolic/p_1_out__13 multiplier stage gen_systolic[2].u_systolic/p_1_out__13/P[47:0] is not pipelined (MREG=0). Pipelining the multiplier function will improve performance and will save significant power so it is suggested whenever possible to fully pipeline this function.  If this multiplier was inferred, it is suggested to describe an additional register stage after this function.  If there is no registered adder/accumulator following the multiply function, two pipeline stages are suggested to allow both the MREG and PREG registers to be used.  If the DSP48 was instantiated in the design, it is suggested to set both the MREG and PREG attributes to 1 when performing multiply functions.
Related violations: <none>

DPOP-4#77 Warning
MREG Output pipelining  
DSP gen_systolic[2].u_systolic/p_1_out__16 multiplier stage gen_systolic[2].u_systolic/p_1_out__16/P[47:0] is not pipelined (MREG=0). Pipelining the multiplier function will improve performance and will save significant power so it is suggested whenever possible to fully pipeline this function.  If this multiplier was inferred, it is suggested to describe an additional register stage after this function.  If there is no registered adder/accumulator following the multiply function, two pipeline stages are suggested to allow both the MREG and PREG registers to be used.  If the DSP48 was instantiated in the design, it is suggested to set both the MREG and PREG attributes to 1 when performing multiply functions.
Related violations: <none>

DPOP-4#78 Warning
MREG Output pipelining  
DSP gen_systolic[2].u_systolic/p_1_out__18 multiplier stage gen_systolic[2].u_systolic/p_1_out__18/P[47:0] is not pipelined (MREG=0). Pipelining the multiplier function will improve performance and will save significant power so it is suggested whenever possible to fully pipeline this function.  If this multiplier was inferred, it is suggested to describe an additional register stage after this function.  If there is no registered adder/accumulator following the multiply function, two pipeline stages are suggested to allow both the MREG and PREG registers to be used.  If the DSP48 was instantiated in the design, it is suggested to set both the MREG and PREG attributes to 1 when performing multiply functions.
Related violations: <none>

DPOP-4#79 Warning
MREG Output pipelining  
DSP gen_systolic[2].u_systolic/p_1_out__19 multiplier stage gen_systolic[2].u_systolic/p_1_out__19/P[47:0] is not pipelined (MREG=0). Pipelining the multiplier function will improve performance and will save significant power so it is suggested whenever possible to fully pipeline this function.  If this multiplier was inferred, it is suggested to describe an additional register stage after this function.  If there is no registered adder/accumulator following the multiply function, two pipeline stages are suggested to allow both the MREG and PREG registers to be used.  If the DSP48 was instantiated in the design, it is suggested to set both the MREG and PREG attributes to 1 when performing multiply functions.
Related violations: <none>

DPOP-4#80 Warning
MREG Output pipelining  
DSP gen_systolic[2].u_systolic/p_1_out__22 multiplier stage gen_systolic[2].u_systolic/p_1_out__22/P[47:0] is not pipelined (MREG=0). Pipelining the multiplier function will improve performance and will save significant power so it is suggested whenever possible to fully pipeline this function.  If this multiplier was inferred, it is suggested to describe an additional register stage after this function.  If there is no registered adder/accumulator following the multiply function, two pipeline stages are suggested to allow both the MREG and PREG registers to be used.  If the DSP48 was instantiated in the design, it is suggested to set both the MREG and PREG attributes to 1 when performing multiply functions.
Related violations: <none>

DPOP-4#81 Warning
MREG Output pipelining  
DSP gen_systolic[2].u_systolic/p_1_out__25 multiplier stage gen_systolic[2].u_systolic/p_1_out__25/P[47:0] is not pipelined (MREG=0). Pipelining the multiplier function will improve performance and will save significant power so it is suggested whenever possible to fully pipeline this function.  If this multiplier was inferred, it is suggested to describe an additional register stage after this function.  If there is no registered adder/accumulator following the multiply function, two pipeline stages are suggested to allow both the MREG and PREG registers to be used.  If the DSP48 was instantiated in the design, it is suggested to set both the MREG and PREG attributes to 1 when performing multiply functions.
Related violations: <none>

DPOP-4#82 Warning
MREG Output pipelining  
DSP gen_systolic[2].u_systolic/p_1_out__27 multiplier stage gen_systolic[2].u_systolic/p_1_out__27/P[47:0] is not pipelined (MREG=0). Pipelining the multiplier function will improve performance and will save significant power so it is suggested whenever possible to fully pipeline this function.  If this multiplier was inferred, it is suggested to describe an additional register stage after this function.  If there is no registered adder/accumulator following the multiply function, two pipeline stages are suggested to allow both the MREG and PREG registers to be used.  If the DSP48 was instantiated in the design, it is suggested to set both the MREG and PREG attributes to 1 when performing multiply functions.
Related violations: <none>

DPOP-4#83 Warning
MREG Output pipelining  
DSP gen_systolic[2].u_systolic/p_1_out__28 multiplier stage gen_systolic[2].u_systolic/p_1_out__28/P[47:0] is not pipelined (MREG=0). Pipelining the multiplier function will improve performance and will save significant power so it is suggested whenever possible to fully pipeline this function.  If this multiplier was inferred, it is suggested to describe an additional register stage after this function.  If there is no registered adder/accumulator following the multiply function, two pipeline stages are suggested to allow both the MREG and PREG registers to be used.  If the DSP48 was instantiated in the design, it is suggested to set both the MREG and PREG attributes to 1 when performing multiply functions.
Related violations: <none>

DPOP-4#84 Warning
MREG Output pipelining  
DSP gen_systolic[2].u_systolic/p_1_out__31 multiplier stage gen_systolic[2].u_systolic/p_1_out__31/P[47:0] is not pipelined (MREG=0). Pipelining the multiplier function will improve performance and will save significant power so it is suggested whenever possible to fully pipeline this function.  If this multiplier was inferred, it is suggested to describe an additional register stage after this function.  If there is no registered adder/accumulator following the multiply function, two pipeline stages are suggested to allow both the MREG and PREG registers to be used.  If the DSP48 was instantiated in the design, it is suggested to set both the MREG and PREG attributes to 1 when performing multiply functions.
Related violations: <none>

DPOP-4#85 Warning
MREG Output pipelining  
DSP gen_systolic[2].u_systolic/p_1_out__34 multiplier stage gen_systolic[2].u_systolic/p_1_out__34/P[47:0] is not pipelined (MREG=0). Pipelining the multiplier function will improve performance and will save significant power so it is suggested whenever possible to fully pipeline this function.  If this multiplier was inferred, it is suggested to describe an additional register stage after this function.  If there is no registered adder/accumulator following the multiply function, two pipeline stages are suggested to allow both the MREG and PREG registers to be used.  If the DSP48 was instantiated in the design, it is suggested to set both the MREG and PREG attributes to 1 when performing multiply functions.
Related violations: <none>

DPOP-4#86 Warning
MREG Output pipelining  
DSP gen_systolic[2].u_systolic/p_1_out__36 multiplier stage gen_systolic[2].u_systolic/p_1_out__36/P[47:0] is not pipelined (MREG=0). Pipelining the multiplier function will improve performance and will save significant power so it is suggested whenever possible to fully pipeline this function.  If this multiplier was inferred, it is suggested to describe an additional register stage after this function.  If there is no registered adder/accumulator following the multiply function, two pipeline stages are suggested to allow both the MREG and PREG registers to be used.  If the DSP48 was instantiated in the design, it is suggested to set both the MREG and PREG attributes to 1 when performing multiply functions.
Related violations: <none>

DPOP-4#87 Warning
MREG Output pipelining  
DSP gen_systolic[2].u_systolic/p_1_out__37 multiplier stage gen_systolic[2].u_systolic/p_1_out__37/P[47:0] is not pipelined (MREG=0). Pipelining the multiplier function will improve performance and will save significant power so it is suggested whenever possible to fully pipeline this function.  If this multiplier was inferred, it is suggested to describe an additional register stage after this function.  If there is no registered adder/accumulator following the multiply function, two pipeline stages are suggested to allow both the MREG and PREG registers to be used.  If the DSP48 was instantiated in the design, it is suggested to set both the MREG and PREG attributes to 1 when performing multiply functions.
Related violations: <none>

DPOP-4#88 Warning
MREG Output pipelining  
DSP gen_systolic[2].u_systolic/p_1_out__4 multiplier stage gen_systolic[2].u_systolic/p_1_out__4/P[47:0] is not pipelined (MREG=0). Pipelining the multiplier function will improve performance and will save significant power so it is suggested whenever possible to fully pipeline this function.  If this multiplier was inferred, it is suggested to describe an additional register stage after this function.  If there is no registered adder/accumulator following the multiply function, two pipeline stages are suggested to allow both the MREG and PREG registers to be used.  If the DSP48 was instantiated in the design, it is suggested to set both the MREG and PREG attributes to 1 when performing multiply functions.
Related violations: <none>

DPOP-4#89 Warning
MREG Output pipelining  
DSP gen_systolic[2].u_systolic/p_1_out__40 multiplier stage gen_systolic[2].u_systolic/p_1_out__40/P[47:0] is not pipelined (MREG=0). Pipelining the multiplier function will improve performance and will save significant power so it is suggested whenever possible to fully pipeline this function.  If this multiplier was inferred, it is suggested to describe an additional register stage after this function.  If there is no registered adder/accumulator following the multiply function, two pipeline stages are suggested to allow both the MREG and PREG registers to be used.  If the DSP48 was instantiated in the design, it is suggested to set both the MREG and PREG attributes to 1 when performing multiply functions.
Related violations: <none>

DPOP-4#90 Warning
MREG Output pipelining  
DSP gen_systolic[2].u_systolic/p_1_out__43 multiplier stage gen_systolic[2].u_systolic/p_1_out__43/P[47:0] is not pipelined (MREG=0). Pipelining the multiplier function will improve performance and will save significant power so it is suggested whenever possible to fully pipeline this function.  If this multiplier was inferred, it is suggested to describe an additional register stage after this function.  If there is no registered adder/accumulator following the multiply function, two pipeline stages are suggested to allow both the MREG and PREG registers to be used.  If the DSP48 was instantiated in the design, it is suggested to set both the MREG and PREG attributes to 1 when performing multiply functions.
Related violations: <none>

DPOP-4#91 Warning
MREG Output pipelining  
DSP gen_systolic[2].u_systolic/p_1_out__45 multiplier stage gen_systolic[2].u_systolic/p_1_out__45/P[47:0] is not pipelined (MREG=0). Pipelining the multiplier function will improve performance and will save significant power so it is suggested whenever possible to fully pipeline this function.  If this multiplier was inferred, it is suggested to describe an additional register stage after this function.  If there is no registered adder/accumulator following the multiply function, two pipeline stages are suggested to allow both the MREG and PREG registers to be used.  If the DSP48 was instantiated in the design, it is suggested to set both the MREG and PREG attributes to 1 when performing multiply functions.
Related violations: <none>

DPOP-4#92 Warning
MREG Output pipelining  
DSP gen_systolic[2].u_systolic/p_1_out__46 multiplier stage gen_systolic[2].u_systolic/p_1_out__46/P[47:0] is not pipelined (MREG=0). Pipelining the multiplier function will improve performance and will save significant power so it is suggested whenever possible to fully pipeline this function.  If this multiplier was inferred, it is suggested to describe an additional register stage after this function.  If there is no registered adder/accumulator following the multiply function, two pipeline stages are suggested to allow both the MREG and PREG registers to be used.  If the DSP48 was instantiated in the design, it is suggested to set both the MREG and PREG attributes to 1 when performing multiply functions.
Related violations: <none>

DPOP-4#93 Warning
MREG Output pipelining  
DSP gen_systolic[2].u_systolic/p_1_out__49 multiplier stage gen_systolic[2].u_systolic/p_1_out__49/P[47:0] is not pipelined (MREG=0). Pipelining the multiplier function will improve performance and will save significant power so it is suggested whenever possible to fully pipeline this function.  If this multiplier was inferred, it is suggested to describe an additional register stage after this function.  If there is no registered adder/accumulator following the multiply function, two pipeline stages are suggested to allow both the MREG and PREG registers to be used.  If the DSP48 was instantiated in the design, it is suggested to set both the MREG and PREG attributes to 1 when performing multiply functions.
Related violations: <none>

DPOP-4#94 Warning
MREG Output pipelining  
DSP gen_systolic[2].u_systolic/p_1_out__52 multiplier stage gen_systolic[2].u_systolic/p_1_out__52/P[47:0] is not pipelined (MREG=0). Pipelining the multiplier function will improve performance and will save significant power so it is suggested whenever possible to fully pipeline this function.  If this multiplier was inferred, it is suggested to describe an additional register stage after this function.  If there is no registered adder/accumulator following the multiply function, two pipeline stages are suggested to allow both the MREG and PREG registers to be used.  If the DSP48 was instantiated in the design, it is suggested to set both the MREG and PREG attributes to 1 when performing multiply functions.
Related violations: <none>

DPOP-4#95 Warning
MREG Output pipelining  
DSP gen_systolic[2].u_systolic/p_1_out__54 multiplier stage gen_systolic[2].u_systolic/p_1_out__54/P[47:0] is not pipelined (MREG=0). Pipelining the multiplier function will improve performance and will save significant power so it is suggested whenever possible to fully pipeline this function.  If this multiplier was inferred, it is suggested to describe an additional register stage after this function.  If there is no registered adder/accumulator following the multiply function, two pipeline stages are suggested to allow both the MREG and PREG registers to be used.  If the DSP48 was instantiated in the design, it is suggested to set both the MREG and PREG attributes to 1 when performing multiply functions.
Related violations: <none>

DPOP-4#96 Warning
MREG Output pipelining  
DSP gen_systolic[2].u_systolic/p_1_out__55 multiplier stage gen_systolic[2].u_systolic/p_1_out__55/P[47:0] is not pipelined (MREG=0). Pipelining the multiplier function will improve performance and will save significant power so it is suggested whenever possible to fully pipeline this function.  If this multiplier was inferred, it is suggested to describe an additional register stage after this function.  If there is no registered adder/accumulator following the multiply function, two pipeline stages are suggested to allow both the MREG and PREG registers to be used.  If the DSP48 was instantiated in the design, it is suggested to set both the MREG and PREG attributes to 1 when performing multiply functions.
Related violations: <none>

DPOP-4#97 Warning
MREG Output pipelining  
DSP gen_systolic[2].u_systolic/p_1_out__58 multiplier stage gen_systolic[2].u_systolic/p_1_out__58/P[47:0] is not pipelined (MREG=0). Pipelining the multiplier function will improve performance and will save significant power so it is suggested whenever possible to fully pipeline this function.  If this multiplier was inferred, it is suggested to describe an additional register stage after this function.  If there is no registered adder/accumulator following the multiply function, two pipeline stages are suggested to allow both the MREG and PREG registers to be used.  If the DSP48 was instantiated in the design, it is suggested to set both the MREG and PREG attributes to 1 when performing multiply functions.
Related violations: <none>

DPOP-4#98 Warning
MREG Output pipelining  
DSP gen_systolic[2].u_systolic/p_1_out__61 multiplier stage gen_systolic[2].u_systolic/p_1_out__61/P[47:0] is not pipelined (MREG=0). Pipelining the multiplier function will improve performance and will save significant power so it is suggested whenever possible to fully pipeline this function.  If this multiplier was inferred, it is suggested to describe an additional register stage after this function.  If there is no registered adder/accumulator following the multiply function, two pipeline stages are suggested to allow both the MREG and PREG registers to be used.  If the DSP48 was instantiated in the design, it is suggested to set both the MREG and PREG attributes to 1 when performing multiply functions.
Related violations: <none>

DPOP-4#99 Warning
MREG Output pipelining  
DSP gen_systolic[2].u_systolic/p_1_out__63 multiplier stage gen_systolic[2].u_systolic/p_1_out__63/P[47:0] is not pipelined (MREG=0). Pipelining the multiplier function will improve performance and will save significant power so it is suggested whenever possible to fully pipeline this function.  If this multiplier was inferred, it is suggested to describe an additional register stage after this function.  If there is no registered adder/accumulator following the multiply function, two pipeline stages are suggested to allow both the MREG and PREG registers to be used.  If the DSP48 was instantiated in the design, it is suggested to set both the MREG and PREG attributes to 1 when performing multiply functions.
Related violations: <none>

DPOP-4#100 Warning
MREG Output pipelining  
DSP gen_systolic[2].u_systolic/p_1_out__64 multiplier stage gen_systolic[2].u_systolic/p_1_out__64/P[47:0] is not pipelined (MREG=0). Pipelining the multiplier function will improve performance and will save significant power so it is suggested whenever possible to fully pipeline this function.  If this multiplier was inferred, it is suggested to describe an additional register stage after this function.  If there is no registered adder/accumulator following the multiply function, two pipeline stages are suggested to allow both the MREG and PREG registers to be used.  If the DSP48 was instantiated in the design, it is suggested to set both the MREG and PREG attributes to 1 when performing multiply functions.
Related violations: <none>

DPOP-4#101 Warning
MREG Output pipelining  
DSP gen_systolic[2].u_systolic/p_1_out__67 multiplier stage gen_systolic[2].u_systolic/p_1_out__67/P[47:0] is not pipelined (MREG=0). Pipelining the multiplier function will improve performance and will save significant power so it is suggested whenever possible to fully pipeline this function.  If this multiplier was inferred, it is suggested to describe an additional register stage after this function.  If there is no registered adder/accumulator following the multiply function, two pipeline stages are suggested to allow both the MREG and PREG registers to be used.  If the DSP48 was instantiated in the design, it is suggested to set both the MREG and PREG attributes to 1 when performing multiply functions.
Related violations: <none>

DPOP-4#102 Warning
MREG Output pipelining  
DSP gen_systolic[2].u_systolic/p_1_out__7 multiplier stage gen_systolic[2].u_systolic/p_1_out__7/P[47:0] is not pipelined (MREG=0). Pipelining the multiplier function will improve performance and will save significant power so it is suggested whenever possible to fully pipeline this function.  If this multiplier was inferred, it is suggested to describe an additional register stage after this function.  If there is no registered adder/accumulator following the multiply function, two pipeline stages are suggested to allow both the MREG and PREG registers to be used.  If the DSP48 was instantiated in the design, it is suggested to set both the MREG and PREG attributes to 1 when performing multiply functions.
Related violations: <none>

DPOP-4#103 Warning
MREG Output pipelining  
DSP gen_systolic[2].u_systolic/p_1_out__70 multiplier stage gen_systolic[2].u_systolic/p_1_out__70/P[47:0] is not pipelined (MREG=0). Pipelining the multiplier function will improve performance and will save significant power so it is suggested whenever possible to fully pipeline this function.  If this multiplier was inferred, it is suggested to describe an additional register stage after this function.  If there is no registered adder/accumulator following the multiply function, two pipeline stages are suggested to allow both the MREG and PREG registers to be used.  If the DSP48 was instantiated in the design, it is suggested to set both the MREG and PREG attributes to 1 when performing multiply functions.
Related violations: <none>

DPOP-4#104 Warning
MREG Output pipelining  
DSP gen_systolic[2].u_systolic/p_1_out__72 multiplier stage gen_systolic[2].u_systolic/p_1_out__72/P[47:0] is not pipelined (MREG=0). Pipelining the multiplier function will improve performance and will save significant power so it is suggested whenever possible to fully pipeline this function.  If this multiplier was inferred, it is suggested to describe an additional register stage after this function.  If there is no registered adder/accumulator following the multiply function, two pipeline stages are suggested to allow both the MREG and PREG registers to be used.  If the DSP48 was instantiated in the design, it is suggested to set both the MREG and PREG attributes to 1 when performing multiply functions.
Related violations: <none>

DPOP-4#105 Warning
MREG Output pipelining  
DSP gen_systolic[2].u_systolic/p_1_out__73 multiplier stage gen_systolic[2].u_systolic/p_1_out__73/P[47:0] is not pipelined (MREG=0). Pipelining the multiplier function will improve performance and will save significant power so it is suggested whenever possible to fully pipeline this function.  If this multiplier was inferred, it is suggested to describe an additional register stage after this function.  If there is no registered adder/accumulator following the multiply function, two pipeline stages are suggested to allow both the MREG and PREG registers to be used.  If the DSP48 was instantiated in the design, it is suggested to set both the MREG and PREG attributes to 1 when performing multiply functions.
Related violations: <none>

DPOP-4#106 Warning
MREG Output pipelining  
DSP gen_systolic[2].u_systolic/p_1_out__76 multiplier stage gen_systolic[2].u_systolic/p_1_out__76/P[47:0] is not pipelined (MREG=0). Pipelining the multiplier function will improve performance and will save significant power so it is suggested whenever possible to fully pipeline this function.  If this multiplier was inferred, it is suggested to describe an additional register stage after this function.  If there is no registered adder/accumulator following the multiply function, two pipeline stages are suggested to allow both the MREG and PREG registers to be used.  If the DSP48 was instantiated in the design, it is suggested to set both the MREG and PREG attributes to 1 when performing multiply functions.
Related violations: <none>

DPOP-4#107 Warning
MREG Output pipelining  
DSP gen_systolic[2].u_systolic/p_1_out__79 multiplier stage gen_systolic[2].u_systolic/p_1_out__79/P[47:0] is not pipelined (MREG=0). Pipelining the multiplier function will improve performance and will save significant power so it is suggested whenever possible to fully pipeline this function.  If this multiplier was inferred, it is suggested to describe an additional register stage after this function.  If there is no registered adder/accumulator following the multiply function, two pipeline stages are suggested to allow both the MREG and PREG registers to be used.  If the DSP48 was instantiated in the design, it is suggested to set both the MREG and PREG attributes to 1 when performing multiply functions.
Related violations: <none>

DPOP-4#108 Warning
MREG Output pipelining  
DSP gen_systolic[2].u_systolic/p_1_out__9 multiplier stage gen_systolic[2].u_systolic/p_1_out__9/P[47:0] is not pipelined (MREG=0). Pipelining the multiplier function will improve performance and will save significant power so it is suggested whenever possible to fully pipeline this function.  If this multiplier was inferred, it is suggested to describe an additional register stage after this function.  If there is no registered adder/accumulator following the multiply function, two pipeline stages are suggested to allow both the MREG and PREG registers to be used.  If the DSP48 was instantiated in the design, it is suggested to set both the MREG and PREG attributes to 1 when performing multiply functions.
Related violations: <none>

DPOP-4#109 Warning
MREG Output pipelining  
DSP gen_systolic[3].u_systolic/p_1_out__0 multiplier stage gen_systolic[3].u_systolic/p_1_out__0/P[47:0] is not pipelined (MREG=0). Pipelining the multiplier function will improve performance and will save significant power so it is suggested whenever possible to fully pipeline this function.  If this multiplier was inferred, it is suggested to describe an additional register stage after this function.  If there is no registered adder/accumulator following the multiply function, two pipeline stages are suggested to allow both the MREG and PREG registers to be used.  If the DSP48 was instantiated in the design, it is suggested to set both the MREG and PREG attributes to 1 when performing multiply functions.
Related violations: <none>

DPOP-4#110 Warning
MREG Output pipelining  
DSP gen_systolic[3].u_systolic/p_1_out__1 multiplier stage gen_systolic[3].u_systolic/p_1_out__1/P[47:0] is not pipelined (MREG=0). Pipelining the multiplier function will improve performance and will save significant power so it is suggested whenever possible to fully pipeline this function.  If this multiplier was inferred, it is suggested to describe an additional register stage after this function.  If there is no registered adder/accumulator following the multiply function, two pipeline stages are suggested to allow both the MREG and PREG registers to be used.  If the DSP48 was instantiated in the design, it is suggested to set both the MREG and PREG attributes to 1 when performing multiply functions.
Related violations: <none>

DPOP-4#111 Warning
MREG Output pipelining  
DSP gen_systolic[3].u_systolic/p_1_out__10 multiplier stage gen_systolic[3].u_systolic/p_1_out__10/P[47:0] is not pipelined (MREG=0). Pipelining the multiplier function will improve performance and will save significant power so it is suggested whenever possible to fully pipeline this function.  If this multiplier was inferred, it is suggested to describe an additional register stage after this function.  If there is no registered adder/accumulator following the multiply function, two pipeline stages are suggested to allow both the MREG and PREG registers to be used.  If the DSP48 was instantiated in the design, it is suggested to set both the MREG and PREG attributes to 1 when performing multiply functions.
Related violations: <none>

DPOP-4#112 Warning
MREG Output pipelining  
DSP gen_systolic[3].u_systolic/p_1_out__13 multiplier stage gen_systolic[3].u_systolic/p_1_out__13/P[47:0] is not pipelined (MREG=0). Pipelining the multiplier function will improve performance and will save significant power so it is suggested whenever possible to fully pipeline this function.  If this multiplier was inferred, it is suggested to describe an additional register stage after this function.  If there is no registered adder/accumulator following the multiply function, two pipeline stages are suggested to allow both the MREG and PREG registers to be used.  If the DSP48 was instantiated in the design, it is suggested to set both the MREG and PREG attributes to 1 when performing multiply functions.
Related violations: <none>

DPOP-4#113 Warning
MREG Output pipelining  
DSP gen_systolic[3].u_systolic/p_1_out__16 multiplier stage gen_systolic[3].u_systolic/p_1_out__16/P[47:0] is not pipelined (MREG=0). Pipelining the multiplier function will improve performance and will save significant power so it is suggested whenever possible to fully pipeline this function.  If this multiplier was inferred, it is suggested to describe an additional register stage after this function.  If there is no registered adder/accumulator following the multiply function, two pipeline stages are suggested to allow both the MREG and PREG registers to be used.  If the DSP48 was instantiated in the design, it is suggested to set both the MREG and PREG attributes to 1 when performing multiply functions.
Related violations: <none>

DPOP-4#114 Warning
MREG Output pipelining  
DSP gen_systolic[3].u_systolic/p_1_out__18 multiplier stage gen_systolic[3].u_systolic/p_1_out__18/P[47:0] is not pipelined (MREG=0). Pipelining the multiplier function will improve performance and will save significant power so it is suggested whenever possible to fully pipeline this function.  If this multiplier was inferred, it is suggested to describe an additional register stage after this function.  If there is no registered adder/accumulator following the multiply function, two pipeline stages are suggested to allow both the MREG and PREG registers to be used.  If the DSP48 was instantiated in the design, it is suggested to set both the MREG and PREG attributes to 1 when performing multiply functions.
Related violations: <none>

DPOP-4#115 Warning
MREG Output pipelining  
DSP gen_systolic[3].u_systolic/p_1_out__19 multiplier stage gen_systolic[3].u_systolic/p_1_out__19/P[47:0] is not pipelined (MREG=0). Pipelining the multiplier function will improve performance and will save significant power so it is suggested whenever possible to fully pipeline this function.  If this multiplier was inferred, it is suggested to describe an additional register stage after this function.  If there is no registered adder/accumulator following the multiply function, two pipeline stages are suggested to allow both the MREG and PREG registers to be used.  If the DSP48 was instantiated in the design, it is suggested to set both the MREG and PREG attributes to 1 when performing multiply functions.
Related violations: <none>

DPOP-4#116 Warning
MREG Output pipelining  
DSP gen_systolic[3].u_systolic/p_1_out__22 multiplier stage gen_systolic[3].u_systolic/p_1_out__22/P[47:0] is not pipelined (MREG=0). Pipelining the multiplier function will improve performance and will save significant power so it is suggested whenever possible to fully pipeline this function.  If this multiplier was inferred, it is suggested to describe an additional register stage after this function.  If there is no registered adder/accumulator following the multiply function, two pipeline stages are suggested to allow both the MREG and PREG registers to be used.  If the DSP48 was instantiated in the design, it is suggested to set both the MREG and PREG attributes to 1 when performing multiply functions.
Related violations: <none>

DPOP-4#117 Warning
MREG Output pipelining  
DSP gen_systolic[3].u_systolic/p_1_out__25 multiplier stage gen_systolic[3].u_systolic/p_1_out__25/P[47:0] is not pipelined (MREG=0). Pipelining the multiplier function will improve performance and will save significant power so it is suggested whenever possible to fully pipeline this function.  If this multiplier was inferred, it is suggested to describe an additional register stage after this function.  If there is no registered adder/accumulator following the multiply function, two pipeline stages are suggested to allow both the MREG and PREG registers to be used.  If the DSP48 was instantiated in the design, it is suggested to set both the MREG and PREG attributes to 1 when performing multiply functions.
Related violations: <none>

DPOP-4#118 Warning
MREG Output pipelining  
DSP gen_systolic[3].u_systolic/p_1_out__27 multiplier stage gen_systolic[3].u_systolic/p_1_out__27/P[47:0] is not pipelined (MREG=0). Pipelining the multiplier function will improve performance and will save significant power so it is suggested whenever possible to fully pipeline this function.  If this multiplier was inferred, it is suggested to describe an additional register stage after this function.  If there is no registered adder/accumulator following the multiply function, two pipeline stages are suggested to allow both the MREG and PREG registers to be used.  If the DSP48 was instantiated in the design, it is suggested to set both the MREG and PREG attributes to 1 when performing multiply functions.
Related violations: <none>

DPOP-4#119 Warning
MREG Output pipelining  
DSP gen_systolic[3].u_systolic/p_1_out__28 multiplier stage gen_systolic[3].u_systolic/p_1_out__28/P[47:0] is not pipelined (MREG=0). Pipelining the multiplier function will improve performance and will save significant power so it is suggested whenever possible to fully pipeline this function.  If this multiplier was inferred, it is suggested to describe an additional register stage after this function.  If there is no registered adder/accumulator following the multiply function, two pipeline stages are suggested to allow both the MREG and PREG registers to be used.  If the DSP48 was instantiated in the design, it is suggested to set both the MREG and PREG attributes to 1 when performing multiply functions.
Related violations: <none>

DPOP-4#120 Warning
MREG Output pipelining  
DSP gen_systolic[3].u_systolic/p_1_out__31 multiplier stage gen_systolic[3].u_systolic/p_1_out__31/P[47:0] is not pipelined (MREG=0). Pipelining the multiplier function will improve performance and will save significant power so it is suggested whenever possible to fully pipeline this function.  If this multiplier was inferred, it is suggested to describe an additional register stage after this function.  If there is no registered adder/accumulator following the multiply function, two pipeline stages are suggested to allow both the MREG and PREG registers to be used.  If the DSP48 was instantiated in the design, it is suggested to set both the MREG and PREG attributes to 1 when performing multiply functions.
Related violations: <none>

DPOP-4#121 Warning
MREG Output pipelining  
DSP gen_systolic[3].u_systolic/p_1_out__34 multiplier stage gen_systolic[3].u_systolic/p_1_out__34/P[47:0] is not pipelined (MREG=0). Pipelining the multiplier function will improve performance and will save significant power so it is suggested whenever possible to fully pipeline this function.  If this multiplier was inferred, it is suggested to describe an additional register stage after this function.  If there is no registered adder/accumulator following the multiply function, two pipeline stages are suggested to allow both the MREG and PREG registers to be used.  If the DSP48 was instantiated in the design, it is suggested to set both the MREG and PREG attributes to 1 when performing multiply functions.
Related violations: <none>

DPOP-4#122 Warning
MREG Output pipelining  
DSP gen_systolic[3].u_systolic/p_1_out__36 multiplier stage gen_systolic[3].u_systolic/p_1_out__36/P[47:0] is not pipelined (MREG=0). Pipelining the multiplier function will improve performance and will save significant power so it is suggested whenever possible to fully pipeline this function.  If this multiplier was inferred, it is suggested to describe an additional register stage after this function.  If there is no registered adder/accumulator following the multiply function, two pipeline stages are suggested to allow both the MREG and PREG registers to be used.  If the DSP48 was instantiated in the design, it is suggested to set both the MREG and PREG attributes to 1 when performing multiply functions.
Related violations: <none>

DPOP-4#123 Warning
MREG Output pipelining  
DSP gen_systolic[3].u_systolic/p_1_out__37 multiplier stage gen_systolic[3].u_systolic/p_1_out__37/P[47:0] is not pipelined (MREG=0). Pipelining the multiplier function will improve performance and will save significant power so it is suggested whenever possible to fully pipeline this function.  If this multiplier was inferred, it is suggested to describe an additional register stage after this function.  If there is no registered adder/accumulator following the multiply function, two pipeline stages are suggested to allow both the MREG and PREG registers to be used.  If the DSP48 was instantiated in the design, it is suggested to set both the MREG and PREG attributes to 1 when performing multiply functions.
Related violations: <none>

DPOP-4#124 Warning
MREG Output pipelining  
DSP gen_systolic[3].u_systolic/p_1_out__4 multiplier stage gen_systolic[3].u_systolic/p_1_out__4/P[47:0] is not pipelined (MREG=0). Pipelining the multiplier function will improve performance and will save significant power so it is suggested whenever possible to fully pipeline this function.  If this multiplier was inferred, it is suggested to describe an additional register stage after this function.  If there is no registered adder/accumulator following the multiply function, two pipeline stages are suggested to allow both the MREG and PREG registers to be used.  If the DSP48 was instantiated in the design, it is suggested to set both the MREG and PREG attributes to 1 when performing multiply functions.
Related violations: <none>

DPOP-4#125 Warning
MREG Output pipelining  
DSP gen_systolic[3].u_systolic/p_1_out__40 multiplier stage gen_systolic[3].u_systolic/p_1_out__40/P[47:0] is not pipelined (MREG=0). Pipelining the multiplier function will improve performance and will save significant power so it is suggested whenever possible to fully pipeline this function.  If this multiplier was inferred, it is suggested to describe an additional register stage after this function.  If there is no registered adder/accumulator following the multiply function, two pipeline stages are suggested to allow both the MREG and PREG registers to be used.  If the DSP48 was instantiated in the design, it is suggested to set both the MREG and PREG attributes to 1 when performing multiply functions.
Related violations: <none>

DPOP-4#126 Warning
MREG Output pipelining  
DSP gen_systolic[3].u_systolic/p_1_out__43 multiplier stage gen_systolic[3].u_systolic/p_1_out__43/P[47:0] is not pipelined (MREG=0). Pipelining the multiplier function will improve performance and will save significant power so it is suggested whenever possible to fully pipeline this function.  If this multiplier was inferred, it is suggested to describe an additional register stage after this function.  If there is no registered adder/accumulator following the multiply function, two pipeline stages are suggested to allow both the MREG and PREG registers to be used.  If the DSP48 was instantiated in the design, it is suggested to set both the MREG and PREG attributes to 1 when performing multiply functions.
Related violations: <none>

DPOP-4#127 Warning
MREG Output pipelining  
DSP gen_systolic[3].u_systolic/p_1_out__45 multiplier stage gen_systolic[3].u_systolic/p_1_out__45/P[47:0] is not pipelined (MREG=0). Pipelining the multiplier function will improve performance and will save significant power so it is suggested whenever possible to fully pipeline this function.  If this multiplier was inferred, it is suggested to describe an additional register stage after this function.  If there is no registered adder/accumulator following the multiply function, two pipeline stages are suggested to allow both the MREG and PREG registers to be used.  If the DSP48 was instantiated in the design, it is suggested to set both the MREG and PREG attributes to 1 when performing multiply functions.
Related violations: <none>

DPOP-4#128 Warning
MREG Output pipelining  
DSP gen_systolic[3].u_systolic/p_1_out__46 multiplier stage gen_systolic[3].u_systolic/p_1_out__46/P[47:0] is not pipelined (MREG=0). Pipelining the multiplier function will improve performance and will save significant power so it is suggested whenever possible to fully pipeline this function.  If this multiplier was inferred, it is suggested to describe an additional register stage after this function.  If there is no registered adder/accumulator following the multiply function, two pipeline stages are suggested to allow both the MREG and PREG registers to be used.  If the DSP48 was instantiated in the design, it is suggested to set both the MREG and PREG attributes to 1 when performing multiply functions.
Related violations: <none>

DPOP-4#129 Warning
MREG Output pipelining  
DSP gen_systolic[3].u_systolic/p_1_out__49 multiplier stage gen_systolic[3].u_systolic/p_1_out__49/P[47:0] is not pipelined (MREG=0). Pipelining the multiplier function will improve performance and will save significant power so it is suggested whenever possible to fully pipeline this function.  If this multiplier was inferred, it is suggested to describe an additional register stage after this function.  If there is no registered adder/accumulator following the multiply function, two pipeline stages are suggested to allow both the MREG and PREG registers to be used.  If the DSP48 was instantiated in the design, it is suggested to set both the MREG and PREG attributes to 1 when performing multiply functions.
Related violations: <none>

DPOP-4#130 Warning
MREG Output pipelining  
DSP gen_systolic[3].u_systolic/p_1_out__52 multiplier stage gen_systolic[3].u_systolic/p_1_out__52/P[47:0] is not pipelined (MREG=0). Pipelining the multiplier function will improve performance and will save significant power so it is suggested whenever possible to fully pipeline this function.  If this multiplier was inferred, it is suggested to describe an additional register stage after this function.  If there is no registered adder/accumulator following the multiply function, two pipeline stages are suggested to allow both the MREG and PREG registers to be used.  If the DSP48 was instantiated in the design, it is suggested to set both the MREG and PREG attributes to 1 when performing multiply functions.
Related violations: <none>

DPOP-4#131 Warning
MREG Output pipelining  
DSP gen_systolic[3].u_systolic/p_1_out__54 multiplier stage gen_systolic[3].u_systolic/p_1_out__54/P[47:0] is not pipelined (MREG=0). Pipelining the multiplier function will improve performance and will save significant power so it is suggested whenever possible to fully pipeline this function.  If this multiplier was inferred, it is suggested to describe an additional register stage after this function.  If there is no registered adder/accumulator following the multiply function, two pipeline stages are suggested to allow both the MREG and PREG registers to be used.  If the DSP48 was instantiated in the design, it is suggested to set both the MREG and PREG attributes to 1 when performing multiply functions.
Related violations: <none>

DPOP-4#132 Warning
MREG Output pipelining  
DSP gen_systolic[3].u_systolic/p_1_out__55 multiplier stage gen_systolic[3].u_systolic/p_1_out__55/P[47:0] is not pipelined (MREG=0). Pipelining the multiplier function will improve performance and will save significant power so it is suggested whenever possible to fully pipeline this function.  If this multiplier was inferred, it is suggested to describe an additional register stage after this function.  If there is no registered adder/accumulator following the multiply function, two pipeline stages are suggested to allow both the MREG and PREG registers to be used.  If the DSP48 was instantiated in the design, it is suggested to set both the MREG and PREG attributes to 1 when performing multiply functions.
Related violations: <none>

DPOP-4#133 Warning
MREG Output pipelining  
DSP gen_systolic[3].u_systolic/p_1_out__58 multiplier stage gen_systolic[3].u_systolic/p_1_out__58/P[47:0] is not pipelined (MREG=0). Pipelining the multiplier function will improve performance and will save significant power so it is suggested whenever possible to fully pipeline this function.  If this multiplier was inferred, it is suggested to describe an additional register stage after this function.  If there is no registered adder/accumulator following the multiply function, two pipeline stages are suggested to allow both the MREG and PREG registers to be used.  If the DSP48 was instantiated in the design, it is suggested to set both the MREG and PREG attributes to 1 when performing multiply functions.
Related violations: <none>

DPOP-4#134 Warning
MREG Output pipelining  
DSP gen_systolic[3].u_systolic/p_1_out__61 multiplier stage gen_systolic[3].u_systolic/p_1_out__61/P[47:0] is not pipelined (MREG=0). Pipelining the multiplier function will improve performance and will save significant power so it is suggested whenever possible to fully pipeline this function.  If this multiplier was inferred, it is suggested to describe an additional register stage after this function.  If there is no registered adder/accumulator following the multiply function, two pipeline stages are suggested to allow both the MREG and PREG registers to be used.  If the DSP48 was instantiated in the design, it is suggested to set both the MREG and PREG attributes to 1 when performing multiply functions.
Related violations: <none>

DPOP-4#135 Warning
MREG Output pipelining  
DSP gen_systolic[3].u_systolic/p_1_out__63 multiplier stage gen_systolic[3].u_systolic/p_1_out__63/P[47:0] is not pipelined (MREG=0). Pipelining the multiplier function will improve performance and will save significant power so it is suggested whenever possible to fully pipeline this function.  If this multiplier was inferred, it is suggested to describe an additional register stage after this function.  If there is no registered adder/accumulator following the multiply function, two pipeline stages are suggested to allow both the MREG and PREG registers to be used.  If the DSP48 was instantiated in the design, it is suggested to set both the MREG and PREG attributes to 1 when performing multiply functions.
Related violations: <none>

DPOP-4#136 Warning
MREG Output pipelining  
DSP gen_systolic[3].u_systolic/p_1_out__64 multiplier stage gen_systolic[3].u_systolic/p_1_out__64/P[47:0] is not pipelined (MREG=0). Pipelining the multiplier function will improve performance and will save significant power so it is suggested whenever possible to fully pipeline this function.  If this multiplier was inferred, it is suggested to describe an additional register stage after this function.  If there is no registered adder/accumulator following the multiply function, two pipeline stages are suggested to allow both the MREG and PREG registers to be used.  If the DSP48 was instantiated in the design, it is suggested to set both the MREG and PREG attributes to 1 when performing multiply functions.
Related violations: <none>

DPOP-4#137 Warning
MREG Output pipelining  
DSP gen_systolic[3].u_systolic/p_1_out__67 multiplier stage gen_systolic[3].u_systolic/p_1_out__67/P[47:0] is not pipelined (MREG=0). Pipelining the multiplier function will improve performance and will save significant power so it is suggested whenever possible to fully pipeline this function.  If this multiplier was inferred, it is suggested to describe an additional register stage after this function.  If there is no registered adder/accumulator following the multiply function, two pipeline stages are suggested to allow both the MREG and PREG registers to be used.  If the DSP48 was instantiated in the design, it is suggested to set both the MREG and PREG attributes to 1 when performing multiply functions.
Related violations: <none>

DPOP-4#138 Warning
MREG Output pipelining  
DSP gen_systolic[3].u_systolic/p_1_out__7 multiplier stage gen_systolic[3].u_systolic/p_1_out__7/P[47:0] is not pipelined (MREG=0). Pipelining the multiplier function will improve performance and will save significant power so it is suggested whenever possible to fully pipeline this function.  If this multiplier was inferred, it is suggested to describe an additional register stage after this function.  If there is no registered adder/accumulator following the multiply function, two pipeline stages are suggested to allow both the MREG and PREG registers to be used.  If the DSP48 was instantiated in the design, it is suggested to set both the MREG and PREG attributes to 1 when performing multiply functions.
Related violations: <none>

DPOP-4#139 Warning
MREG Output pipelining  
DSP gen_systolic[3].u_systolic/p_1_out__70 multiplier stage gen_systolic[3].u_systolic/p_1_out__70/P[47:0] is not pipelined (MREG=0). Pipelining the multiplier function will improve performance and will save significant power so it is suggested whenever possible to fully pipeline this function.  If this multiplier was inferred, it is suggested to describe an additional register stage after this function.  If there is no registered adder/accumulator following the multiply function, two pipeline stages are suggested to allow both the MREG and PREG registers to be used.  If the DSP48 was instantiated in the design, it is suggested to set both the MREG and PREG attributes to 1 when performing multiply functions.
Related violations: <none>

DPOP-4#140 Warning
MREG Output pipelining  
DSP gen_systolic[3].u_systolic/p_1_out__72 multiplier stage gen_systolic[3].u_systolic/p_1_out__72/P[47:0] is not pipelined (MREG=0). Pipelining the multiplier function will improve performance and will save significant power so it is suggested whenever possible to fully pipeline this function.  If this multiplier was inferred, it is suggested to describe an additional register stage after this function.  If there is no registered adder/accumulator following the multiply function, two pipeline stages are suggested to allow both the MREG and PREG registers to be used.  If the DSP48 was instantiated in the design, it is suggested to set both the MREG and PREG attributes to 1 when performing multiply functions.
Related violations: <none>

DPOP-4#141 Warning
MREG Output pipelining  
DSP gen_systolic[3].u_systolic/p_1_out__73 multiplier stage gen_systolic[3].u_systolic/p_1_out__73/P[47:0] is not pipelined (MREG=0). Pipelining the multiplier function will improve performance and will save significant power so it is suggested whenever possible to fully pipeline this function.  If this multiplier was inferred, it is suggested to describe an additional register stage after this function.  If there is no registered adder/accumulator following the multiply function, two pipeline stages are suggested to allow both the MREG and PREG registers to be used.  If the DSP48 was instantiated in the design, it is suggested to set both the MREG and PREG attributes to 1 when performing multiply functions.
Related violations: <none>

DPOP-4#142 Warning
MREG Output pipelining  
DSP gen_systolic[3].u_systolic/p_1_out__76 multiplier stage gen_systolic[3].u_systolic/p_1_out__76/P[47:0] is not pipelined (MREG=0). Pipelining the multiplier function will improve performance and will save significant power so it is suggested whenever possible to fully pipeline this function.  If this multiplier was inferred, it is suggested to describe an additional register stage after this function.  If there is no registered adder/accumulator following the multiply function, two pipeline stages are suggested to allow both the MREG and PREG registers to be used.  If the DSP48 was instantiated in the design, it is suggested to set both the MREG and PREG attributes to 1 when performing multiply functions.
Related violations: <none>

DPOP-4#143 Warning
MREG Output pipelining  
DSP gen_systolic[3].u_systolic/p_1_out__79 multiplier stage gen_systolic[3].u_systolic/p_1_out__79/P[47:0] is not pipelined (MREG=0). Pipelining the multiplier function will improve performance and will save significant power so it is suggested whenever possible to fully pipeline this function.  If this multiplier was inferred, it is suggested to describe an additional register stage after this function.  If there is no registered adder/accumulator following the multiply function, two pipeline stages are suggested to allow both the MREG and PREG registers to be used.  If the DSP48 was instantiated in the design, it is suggested to set both the MREG and PREG attributes to 1 when performing multiply functions.
Related violations: <none>

DPOP-4#144 Warning
MREG Output pipelining  
DSP gen_systolic[3].u_systolic/p_1_out__9 multiplier stage gen_systolic[3].u_systolic/p_1_out__9/P[47:0] is not pipelined (MREG=0). Pipelining the multiplier function will improve performance and will save significant power so it is suggested whenever possible to fully pipeline this function.  If this multiplier was inferred, it is suggested to describe an additional register stage after this function.  If there is no registered adder/accumulator following the multiply function, two pipeline stages are suggested to allow both the MREG and PREG registers to be used.  If the DSP48 was instantiated in the design, it is suggested to set both the MREG and PREG attributes to 1 when performing multiply functions.
Related violations: <none>

DPOP-4#145 Warning
MREG Output pipelining  
DSP u_tinyml/bn_result2 multiplier stage u_tinyml/bn_result2/P[47:0] is not pipelined (MREG=0). Pipelining the multiplier function will improve performance and will save significant power so it is suggested whenever possible to fully pipeline this function.  If this multiplier was inferred, it is suggested to describe an additional register stage after this function.  If there is no registered adder/accumulator following the multiply function, two pipeline stages are suggested to allow both the MREG and PREG registers to be used.  If the DSP48 was instantiated in the design, it is suggested to set both the MREG and PREG attributes to 1 when performing multiply functions.
Related violations: <none>

DPOP-4#146 Warning
MREG Output pipelining  
DSP u_tinyml/bn_result2__0 multiplier stage u_tinyml/bn_result2__0/P[47:0] is not pipelined (MREG=0). Pipelining the multiplier function will improve performance and will save significant power so it is suggested whenever possible to fully pipeline this function.  If this multiplier was inferred, it is suggested to describe an additional register stage after this function.  If there is no registered adder/accumulator following the multiply function, two pipeline stages are suggested to allow both the MREG and PREG registers to be used.  If the DSP48 was instantiated in the design, it is suggested to set both the MREG and PREG attributes to 1 when performing multiply functions.
Related violations: <none>

IOBUSSLRC-1#1 Warning
IO Bus SLR Crossings  
Bus port ddr4_addr spans more than one Super Logic Region (SLR).   Bits placed in SLR 0:  5, 4, 3, 2, 1, 0.  
  Bits placed in SLR 1:  16, 15, 14, 13, 12, 11, 10, 9, 8, 7, 6.  

Related violations: <none>

PDRC-146#1 Warning
SLICE_PairEqSame_D6D5_WARN  
Luts D6LUT and D5LUT in use in site SLICE_X30Y351 with different equations without A6 pin connected to Global Logic High.
Related violations: <none>

PLCK-58#1 Warning
Clock Placer Checks  
Sub-optimal placement for a global clock-capable IO pin and BUFG pair.
Resolution: A dedicated routing path between the two can be used if: (a) The global clock-capable IO (GCIO) is placed on a GCIO capable site (b) The BUFG is placed in the same bank of the device as the GCIO pin. Both the above conditions must be met at the same time, else it may lead to longer and less predictable clock insertion delays.
 This is normally an ERROR but the CLOCK_DEDICATED_ROUTE constraint is set to FALSE allowing your design to continue. The use of this override is highly discouraged as it may lead to very poor timing results. It is recommended that this error condition be corrected in the design.

	rst_n_IBUF_inst/IBUFCTRL_INST (in rst_n_IBUF_inst macro) (IBUFCTRL.O) is locked to BD30 (in SLR 0)
	rst_n_IBUF_BUFG_inst (BUFGCE.I) is provisionally placed by clockplacer on BUFGCE_X1Y128 (in SLR 1)

Related violations: <none>

RTSTAT-10#1 Warning
No routable loads  
5747 net(s) have no routable loads. The problem bus(es) and/or net(s) are gen_cxl[0].u_cxl/axi_bid[15:0], gen_cxl[0].u_cxl/axi_bresp[1:0],
gen_cxl[0].u_cxl/axi_rdata[255:0], gen_cxl[0].u_cxl/axi_rid[15:0],
gen_cxl[1].u_cxl/axi_bid[15:0], gen_cxl[1].u_cxl/axi_bresp[1:0],
gen_cxl[1].u_cxl/axi_rdata[255:0], gen_cxl[1].u_cxl/axi_rid[15:0],
gen_l1_dcache[1].u_l1_dcache/cpu_ready,
gen_l1_dcache[5].u_l1_dcache/cpu_ready,
gen_l1_icache[6].u_l1_icache/cpu_ready,
gen_l1_icache[7].u_l1_icache/cpu_ready, u_periph_bridge/cpu_rdata[31:0],
u_periph_bridge/cpu_ready, u_snoop_bus/bus_busy
 (the first 15 of 102 listed nets/buses).
Related violations: <none>

UTLZ-3#1 Warning
Resource utilization  - PBlock:pblock_l2_cache
RAMB18 and RAMB36/FIFO over-utilized in Pblock pblock_l2_cache (This design requires more RAMB18 and RAMB36/FIFO cells than are available in Pblock 'pblock_l2_cache'. This design requires 2144 of such cell types but only 1440 compatible sites are available in Pblock 'pblock_l2_cache'. Please consider increasing the span of Pblock 'pblock_l2_cache' or removing cells from it.)
Related violations: <none>

UTLZ-3#2 Warning
Resource utilization  - PBlock:pblock_l2_cache
RAMB36/FIFO over-utilized in Pblock pblock_l2_cache (This design requires more RAMB36/FIFO cells than are available in Pblock 'pblock_l2_cache'. This design requires 992 of such cell types but only 720 compatible sites are available in Pblock 'pblock_l2_cache'. Please consider increasing the span of Pblock 'pblock_l2_cache' or removing cells from it.)
Related violations: <none>

UTLZ-3#3 Warning
Resource utilization  - PBlock:pblock_l2_cache
RAMB36E2 over-utilized in Pblock pblock_l2_cache (This design requires more RAMB36E2 cells than are available in Pblock 'pblock_l2_cache'. This design requires 992 of such cell types but only 720 compatible sites are available in Pblock 'pblock_l2_cache'. Please consider increasing the span of Pblock 'pblock_l2_cache' or removing cells from it.)
Related violations: <none>

UTLZ-3#4 Warning
Resource utilization  - PBlock:pblock_l2_cache
RAMB36E2 over-utilized in Pblock pblock_l2_cache (This design requires more RAMB36E2 cells than are available in Pblock 'pblock_l2_cache'. This design requires 992 of such cell types but only 720 compatible sites are available in Pblock 'pblock_l2_cache'. Please consider increasing the span of Pblock 'pblock_l2_cache' or removing cells from it.)
Related violations: <none>

UTLZ-3#5 Warning
Resource utilization  - PBlock:pblock_l2_cache
pblock_l2_cache over-utilized in Pblock pblock_l2_cache (Pblock pblock_l2_cache IS_SOFT property set. Ignoring capacity requirements for cells assigned to Pblock.)
Related violations: <none>

UTLZ-3#6 Warning
Resource utilization  - PBlock:pblock_l2_cache
pblock_l2_cache over-utilized in Pblock pblock_l2_cache (Pblock pblock_l2_cache IS_SOFT property set. Ignoring capacity requirements for cells assigned to Pblock.)
Related violations: <none>


