Copyright 1986-2022 Xilinx, Inc. All Rights Reserved. Copyright 2022-2024 Advanced Micro Devices, Inc. All Rights Reserved.
---------------------------------------------------------------------------------------------------------------------------------------------
| Tool Version : Vivado v.2024.2 (lin64) Build 5239630 Fri Nov 08 22:34:34 MST 2024
| Date         : Tue Mar 10 06:52:34 2026
| Host         : csrmaster running 64-bit Ubuntu 22.04.5 LTS
| Command      : report_methodology -file reports/impl/methodology.rpt
| Design       : octa_core_rv64_soc_integrated
| Device       : xcvu9p-flga2104-2-e
| Speed File   : -2
| Design State : Fully Routed
---------------------------------------------------------------------------------------------------------------------------------------------

Report Methodology

Table of Contents
-----------------
1. REPORT SUMMARY
2. REPORT DETAILS

1. REPORT SUMMARY
-----------------
            Netlist: octa_core_rv64_soc_integrated
          Floorplan: design_1
      Design limits: <entire design considered>
             Max checks: <unlimited>
             Checks found: 1060
+-----------+----------+--------------------------------------------+--------+
| Rule      | Severity | Description                                | Checks |
+-----------+----------+--------------------------------------------+--------+
| DPIR-2    | Warning  | Asynchronous driver check                  | 48     |
| SYNTH-6   | Warning  | Timing of a RAM block might be sub-optimal | 602    |
| SYNTH-10  | Warning  | Wide multiplier                            | 288    |
| TIMING-18 | Warning  | Missing input or output delay              | 122    |
+-----------+----------+--------------------------------------------+--------+

2. REPORT DETAILS
-----------------
DPIR-2#1 Warning
Asynchronous driver check  
DSP u_tinyml/bn_result2 input pin u_tinyml/bn_result2/B[0] is connected to registers with an asynchronous reset. This is preventing the possibility of merging these registers in to the DSP Block since the DSP block registers only possess synchronous reset capability.  It is suggested to recode or change these registers to remove the reset or use a synchronous reset to get the best optimization for performance, power and area.
Related violations: <none>

DPIR-2#2 Warning
Asynchronous driver check  
DSP u_tinyml/bn_result2 input pin u_tinyml/bn_result2/B[10] is connected to registers with an asynchronous reset. This is preventing the possibility of merging these registers in to the DSP Block since the DSP block registers only possess synchronous reset capability.  It is suggested to recode or change these registers to remove the reset or use a synchronous reset to get the best optimization for performance, power and area.
Related violations: <none>

DPIR-2#3 Warning
Asynchronous driver check  
DSP u_tinyml/bn_result2 input pin u_tinyml/bn_result2/B[11] is connected to registers with an asynchronous reset. This is preventing the possibility of merging these registers in to the DSP Block since the DSP block registers only possess synchronous reset capability.  It is suggested to recode or change these registers to remove the reset or use a synchronous reset to get the best optimization for performance, power and area.
Related violations: <none>

DPIR-2#4 Warning
Asynchronous driver check  
DSP u_tinyml/bn_result2 input pin u_tinyml/bn_result2/B[12] is connected to registers with an asynchronous reset. This is preventing the possibility of merging these registers in to the DSP Block since the DSP block registers only possess synchronous reset capability.  It is suggested to recode or change these registers to remove the reset or use a synchronous reset to get the best optimization for performance, power and area.
Related violations: <none>

DPIR-2#5 Warning
Asynchronous driver check  
DSP u_tinyml/bn_result2 input pin u_tinyml/bn_result2/B[13] is connected to registers with an asynchronous reset. This is preventing the possibility of merging these registers in to the DSP Block since the DSP block registers only possess synchronous reset capability.  It is suggested to recode or change these registers to remove the reset or use a synchronous reset to get the best optimization for performance, power and area.
Related violations: <none>

DPIR-2#6 Warning
Asynchronous driver check  
DSP u_tinyml/bn_result2 input pin u_tinyml/bn_result2/B[14] is connected to registers with an asynchronous reset. This is preventing the possibility of merging these registers in to the DSP Block since the DSP block registers only possess synchronous reset capability.  It is suggested to recode or change these registers to remove the reset or use a synchronous reset to get the best optimization for performance, power and area.
Related violations: <none>

DPIR-2#7 Warning
Asynchronous driver check  
DSP u_tinyml/bn_result2 input pin u_tinyml/bn_result2/B[15] is connected to registers with an asynchronous reset. This is preventing the possibility of merging these registers in to the DSP Block since the DSP block registers only possess synchronous reset capability.  It is suggested to recode or change these registers to remove the reset or use a synchronous reset to get the best optimization for performance, power and area.
Related violations: <none>

DPIR-2#8 Warning
Asynchronous driver check  
DSP u_tinyml/bn_result2 input pin u_tinyml/bn_result2/B[16] is connected to registers with an asynchronous reset. This is preventing the possibility of merging these registers in to the DSP Block since the DSP block registers only possess synchronous reset capability.  It is suggested to recode or change these registers to remove the reset or use a synchronous reset to get the best optimization for performance, power and area.
Related violations: <none>

DPIR-2#9 Warning
Asynchronous driver check  
DSP u_tinyml/bn_result2 input pin u_tinyml/bn_result2/B[17] is connected to registers with an asynchronous reset. This is preventing the possibility of merging these registers in to the DSP Block since the DSP block registers only possess synchronous reset capability.  It is suggested to recode or change these registers to remove the reset or use a synchronous reset to get the best optimization for performance, power and area.
Related violations: <none>

DPIR-2#10 Warning
Asynchronous driver check  
DSP u_tinyml/bn_result2 input pin u_tinyml/bn_result2/B[1] is connected to registers with an asynchronous reset. This is preventing the possibility of merging these registers in to the DSP Block since the DSP block registers only possess synchronous reset capability.  It is suggested to recode or change these registers to remove the reset or use a synchronous reset to get the best optimization for performance, power and area.
Related violations: <none>

DPIR-2#11 Warning
Asynchronous driver check  
DSP u_tinyml/bn_result2 input pin u_tinyml/bn_result2/B[2] is connected to registers with an asynchronous reset. This is preventing the possibility of merging these registers in to the DSP Block since the DSP block registers only possess synchronous reset capability.  It is suggested to recode or change these registers to remove the reset or use a synchronous reset to get the best optimization for performance, power and area.
Related violations: <none>

DPIR-2#12 Warning
Asynchronous driver check  
DSP u_tinyml/bn_result2 input pin u_tinyml/bn_result2/B[3] is connected to registers with an asynchronous reset. This is preventing the possibility of merging these registers in to the DSP Block since the DSP block registers only possess synchronous reset capability.  It is suggested to recode or change these registers to remove the reset or use a synchronous reset to get the best optimization for performance, power and area.
Related violations: <none>

DPIR-2#13 Warning
Asynchronous driver check  
DSP u_tinyml/bn_result2 input pin u_tinyml/bn_result2/B[4] is connected to registers with an asynchronous reset. This is preventing the possibility of merging these registers in to the DSP Block since the DSP block registers only possess synchronous reset capability.  It is suggested to recode or change these registers to remove the reset or use a synchronous reset to get the best optimization for performance, power and area.
Related violations: <none>

DPIR-2#14 Warning
Asynchronous driver check  
DSP u_tinyml/bn_result2 input pin u_tinyml/bn_result2/B[5] is connected to registers with an asynchronous reset. This is preventing the possibility of merging these registers in to the DSP Block since the DSP block registers only possess synchronous reset capability.  It is suggested to recode or change these registers to remove the reset or use a synchronous reset to get the best optimization for performance, power and area.
Related violations: <none>

DPIR-2#15 Warning
Asynchronous driver check  
DSP u_tinyml/bn_result2 input pin u_tinyml/bn_result2/B[6] is connected to registers with an asynchronous reset. This is preventing the possibility of merging these registers in to the DSP Block since the DSP block registers only possess synchronous reset capability.  It is suggested to recode or change these registers to remove the reset or use a synchronous reset to get the best optimization for performance, power and area.
Related violations: <none>

DPIR-2#16 Warning
Asynchronous driver check  
DSP u_tinyml/bn_result2 input pin u_tinyml/bn_result2/B[7] is connected to registers with an asynchronous reset. This is preventing the possibility of merging these registers in to the DSP Block since the DSP block registers only possess synchronous reset capability.  It is suggested to recode or change these registers to remove the reset or use a synchronous reset to get the best optimization for performance, power and area.
Related violations: <none>

DPIR-2#17 Warning
Asynchronous driver check  
DSP u_tinyml/bn_result2 input pin u_tinyml/bn_result2/B[8] is connected to registers with an asynchronous reset. This is preventing the possibility of merging these registers in to the DSP Block since the DSP block registers only possess synchronous reset capability.  It is suggested to recode or change these registers to remove the reset or use a synchronous reset to get the best optimization for performance, power and area.
Related violations: <none>

DPIR-2#18 Warning
Asynchronous driver check  
DSP u_tinyml/bn_result2 input pin u_tinyml/bn_result2/B[9] is connected to registers with an asynchronous reset. This is preventing the possibility of merging these registers in to the DSP Block since the DSP block registers only possess synchronous reset capability.  It is suggested to recode or change these registers to remove the reset or use a synchronous reset to get the best optimization for performance, power and area.
Related violations: <none>

DPIR-2#19 Warning
Asynchronous driver check  
DSP u_tinyml/bn_result2__0 input pin u_tinyml/bn_result2__0/A[0] is connected to registers with an asynchronous reset. This is preventing the possibility of merging these registers in to the DSP Block since the DSP block registers only possess synchronous reset capability.  It is suggested to recode or change these registers to remove the reset or use a synchronous reset to get the best optimization for performance, power and area.
Related violations: <none>

DPIR-2#20 Warning
Asynchronous driver check  
DSP u_tinyml/bn_result2__0 input pin u_tinyml/bn_result2__0/A[10] is connected to registers with an asynchronous reset. This is preventing the possibility of merging these registers in to the DSP Block since the DSP block registers only possess synchronous reset capability.  It is suggested to recode or change these registers to remove the reset or use a synchronous reset to get the best optimization for performance, power and area.
Related violations: <none>

DPIR-2#21 Warning
Asynchronous driver check  
DSP u_tinyml/bn_result2__0 input pin u_tinyml/bn_result2__0/A[11] is connected to registers with an asynchronous reset. This is preventing the possibility of merging these registers in to the DSP Block since the DSP block registers only possess synchronous reset capability.  It is suggested to recode or change these registers to remove the reset or use a synchronous reset to get the best optimization for performance, power and area.
Related violations: <none>

DPIR-2#22 Warning
Asynchronous driver check  
DSP u_tinyml/bn_result2__0 input pin u_tinyml/bn_result2__0/A[12] is connected to registers with an asynchronous reset. This is preventing the possibility of merging these registers in to the DSP Block since the DSP block registers only possess synchronous reset capability.  It is suggested to recode or change these registers to remove the reset or use a synchronous reset to get the best optimization for performance, power and area.
Related violations: <none>

DPIR-2#23 Warning
Asynchronous driver check  
DSP u_tinyml/bn_result2__0 input pin u_tinyml/bn_result2__0/A[13] is connected to registers with an asynchronous reset. This is preventing the possibility of merging these registers in to the DSP Block since the DSP block registers only possess synchronous reset capability.  It is suggested to recode or change these registers to remove the reset or use a synchronous reset to get the best optimization for performance, power and area.
Related violations: <none>

DPIR-2#24 Warning
Asynchronous driver check  
DSP u_tinyml/bn_result2__0 input pin u_tinyml/bn_result2__0/A[14] is connected to registers with an asynchronous reset. This is preventing the possibility of merging these registers in to the DSP Block since the DSP block registers only possess synchronous reset capability.  It is suggested to recode or change these registers to remove the reset or use a synchronous reset to get the best optimization for performance, power and area.
Related violations: <none>

DPIR-2#25 Warning
Asynchronous driver check  
DSP u_tinyml/bn_result2__0 input pin u_tinyml/bn_result2__0/A[15] is connected to registers with an asynchronous reset. This is preventing the possibility of merging these registers in to the DSP Block since the DSP block registers only possess synchronous reset capability.  It is suggested to recode or change these registers to remove the reset or use a synchronous reset to get the best optimization for performance, power and area.
Related violations: <none>

DPIR-2#26 Warning
Asynchronous driver check  
DSP u_tinyml/bn_result2__0 input pin u_tinyml/bn_result2__0/A[16] is connected to registers with an asynchronous reset. This is preventing the possibility of merging these registers in to the DSP Block since the DSP block registers only possess synchronous reset capability.  It is suggested to recode or change these registers to remove the reset or use a synchronous reset to get the best optimization for performance, power and area.
Related violations: <none>

DPIR-2#27 Warning
Asynchronous driver check  
DSP u_tinyml/bn_result2__0 input pin u_tinyml/bn_result2__0/A[17] is connected to registers with an asynchronous reset. This is preventing the possibility of merging these registers in to the DSP Block since the DSP block registers only possess synchronous reset capability.  It is suggested to recode or change these registers to remove the reset or use a synchronous reset to get the best optimization for performance, power and area.
Related violations: <none>

DPIR-2#28 Warning
Asynchronous driver check  
DSP u_tinyml/bn_result2__0 input pin u_tinyml/bn_result2__0/A[18] is connected to registers with an asynchronous reset. This is preventing the possibility of merging these registers in to the DSP Block since the DSP block registers only possess synchronous reset capability.  It is suggested to recode or change these registers to remove the reset or use a synchronous reset to get the best optimization for performance, power and area.
Related violations: <none>

DPIR-2#29 Warning
Asynchronous driver check  
DSP u_tinyml/bn_result2__0 input pin u_tinyml/bn_result2__0/A[19] is connected to registers with an asynchronous reset. This is preventing the possibility of merging these registers in to the DSP Block since the DSP block registers only possess synchronous reset capability.  It is suggested to recode or change these registers to remove the reset or use a synchronous reset to get the best optimization for performance, power and area.
Related violations: <none>

DPIR-2#30 Warning
Asynchronous driver check  
DSP u_tinyml/bn_result2__0 input pin u_tinyml/bn_result2__0/A[1] is connected to registers with an asynchronous reset. This is preventing the possibility of merging these registers in to the DSP Block since the DSP block registers only possess synchronous reset capability.  It is suggested to recode or change these registers to remove the reset or use a synchronous reset to get the best optimization for performance, power and area.
Related violations: <none>

DPIR-2#31 Warning
Asynchronous driver check  
DSP u_tinyml/bn_result2__0 input pin u_tinyml/bn_result2__0/A[20] is connected to registers with an asynchronous reset. This is preventing the possibility of merging these registers in to the DSP Block since the DSP block registers only possess synchronous reset capability.  It is suggested to recode or change these registers to remove the reset or use a synchronous reset to get the best optimization for performance, power and area.
Related violations: <none>

DPIR-2#32 Warning
Asynchronous driver check  
DSP u_tinyml/bn_result2__0 input pin u_tinyml/bn_result2__0/A[21] is connected to registers with an asynchronous reset. This is preventing the possibility of merging these registers in to the DSP Block since the DSP block registers only possess synchronous reset capability.  It is suggested to recode or change these registers to remove the reset or use a synchronous reset to get the best optimization for performance, power and area.
Related violations: <none>

DPIR-2#33 Warning
Asynchronous driver check  
DSP u_tinyml/bn_result2__0 input pin u_tinyml/bn_result2__0/A[22] is connected to registers with an asynchronous reset. This is preventing the possibility of merging these registers in to the DSP Block since the DSP block registers only possess synchronous reset capability.  It is suggested to recode or change these registers to remove the reset or use a synchronous reset to get the best optimization for performance, power and area.
Related violations: <none>

DPIR-2#34 Warning
Asynchronous driver check  
DSP u_tinyml/bn_result2__0 input pin u_tinyml/bn_result2__0/A[23] is connected to registers with an asynchronous reset. This is preventing the possibility of merging these registers in to the DSP Block since the DSP block registers only possess synchronous reset capability.  It is suggested to recode or change these registers to remove the reset or use a synchronous reset to get the best optimization for performance, power and area.
Related violations: <none>

DPIR-2#35 Warning
Asynchronous driver check  
DSP u_tinyml/bn_result2__0 input pin u_tinyml/bn_result2__0/A[24] is connected to registers with an asynchronous reset. This is preventing the possibility of merging these registers in to the DSP Block since the DSP block registers only possess synchronous reset capability.  It is suggested to recode or change these registers to remove the reset or use a synchronous reset to get the best optimization for performance, power and area.
Related violations: <none>

DPIR-2#36 Warning
Asynchronous driver check  
DSP u_tinyml/bn_result2__0 input pin u_tinyml/bn_result2__0/A[25] is connected to registers with an asynchronous reset. This is preventing the possibility of merging these registers in to the DSP Block since the DSP block registers only possess synchronous reset capability.  It is suggested to recode or change these registers to remove the reset or use a synchronous reset to get the best optimization for performance, power and area.
Related violations: <none>

DPIR-2#37 Warning
Asynchronous driver check  
DSP u_tinyml/bn_result2__0 input pin u_tinyml/bn_result2__0/A[26] is connected to registers with an asynchronous reset. This is preventing the possibility of merging these registers in to the DSP Block since the DSP block registers only possess synchronous reset capability.  It is suggested to recode or change these registers to remove the reset or use a synchronous reset to get the best optimization for performance, power and area.
Related violations: <none>

DPIR-2#38 Warning
Asynchronous driver check  
DSP u_tinyml/bn_result2__0 input pin u_tinyml/bn_result2__0/A[27] is connected to registers with an asynchronous reset. This is preventing the possibility of merging these registers in to the DSP Block since the DSP block registers only possess synchronous reset capability.  It is suggested to recode or change these registers to remove the reset or use a synchronous reset to get the best optimization for performance, power and area.
Related violations: <none>

DPIR-2#39 Warning
Asynchronous driver check  
DSP u_tinyml/bn_result2__0 input pin u_tinyml/bn_result2__0/A[28] is connected to registers with an asynchronous reset. This is preventing the possibility of merging these registers in to the DSP Block since the DSP block registers only possess synchronous reset capability.  It is suggested to recode or change these registers to remove the reset or use a synchronous reset to get the best optimization for performance, power and area.
Related violations: <none>

DPIR-2#40 Warning
Asynchronous driver check  
DSP u_tinyml/bn_result2__0 input pin u_tinyml/bn_result2__0/A[29] is connected to registers with an asynchronous reset. This is preventing the possibility of merging these registers in to the DSP Block since the DSP block registers only possess synchronous reset capability.  It is suggested to recode or change these registers to remove the reset or use a synchronous reset to get the best optimization for performance, power and area.
Related violations: <none>

DPIR-2#41 Warning
Asynchronous driver check  
DSP u_tinyml/bn_result2__0 input pin u_tinyml/bn_result2__0/A[2] is connected to registers with an asynchronous reset. This is preventing the possibility of merging these registers in to the DSP Block since the DSP block registers only possess synchronous reset capability.  It is suggested to recode or change these registers to remove the reset or use a synchronous reset to get the best optimization for performance, power and area.
Related violations: <none>

DPIR-2#42 Warning
Asynchronous driver check  
DSP u_tinyml/bn_result2__0 input pin u_tinyml/bn_result2__0/A[3] is connected to registers with an asynchronous reset. This is preventing the possibility of merging these registers in to the DSP Block since the DSP block registers only possess synchronous reset capability.  It is suggested to recode or change these registers to remove the reset or use a synchronous reset to get the best optimization for performance, power and area.
Related violations: <none>

DPIR-2#43 Warning
Asynchronous driver check  
DSP u_tinyml/bn_result2__0 input pin u_tinyml/bn_result2__0/A[4] is connected to registers with an asynchronous reset. This is preventing the possibility of merging these registers in to the DSP Block since the DSP block registers only possess synchronous reset capability.  It is suggested to recode or change these registers to remove the reset or use a synchronous reset to get the best optimization for performance, power and area.
Related violations: <none>

DPIR-2#44 Warning
Asynchronous driver check  
DSP u_tinyml/bn_result2__0 input pin u_tinyml/bn_result2__0/A[5] is connected to registers with an asynchronous reset. This is preventing the possibility of merging these registers in to the DSP Block since the DSP block registers only possess synchronous reset capability.  It is suggested to recode or change these registers to remove the reset or use a synchronous reset to get the best optimization for performance, power and area.
Related violations: <none>

DPIR-2#45 Warning
Asynchronous driver check  
DSP u_tinyml/bn_result2__0 input pin u_tinyml/bn_result2__0/A[6] is connected to registers with an asynchronous reset. This is preventing the possibility of merging these registers in to the DSP Block since the DSP block registers only possess synchronous reset capability.  It is suggested to recode or change these registers to remove the reset or use a synchronous reset to get the best optimization for performance, power and area.
Related violations: <none>

DPIR-2#46 Warning
Asynchronous driver check  
DSP u_tinyml/bn_result2__0 input pin u_tinyml/bn_result2__0/A[7] is connected to registers with an asynchronous reset. This is preventing the possibility of merging these registers in to the DSP Block since the DSP block registers only possess synchronous reset capability.  It is suggested to recode or change these registers to remove the reset or use a synchronous reset to get the best optimization for performance, power and area.
Related violations: <none>

DPIR-2#47 Warning
Asynchronous driver check  
DSP u_tinyml/bn_result2__0 input pin u_tinyml/bn_result2__0/A[8] is connected to registers with an asynchronous reset. This is preventing the possibility of merging these registers in to the DSP Block since the DSP block registers only possess synchronous reset capability.  It is suggested to recode or change these registers to remove the reset or use a synchronous reset to get the best optimization for performance, power and area.
Related violations: <none>

DPIR-2#48 Warning
Asynchronous driver check  
DSP u_tinyml/bn_result2__0 input pin u_tinyml/bn_result2__0/A[9] is connected to registers with an asynchronous reset. This is preventing the possibility of merging these registers in to the DSP Block since the DSP block registers only possess synchronous reset capability.  It is suggested to recode or change these registers to remove the reset or use a synchronous reset to get the best optimization for performance, power and area.
Related violations: <none>

SYNTH-6#1 Warning
Timing of a RAM block might be sub-optimal  
The timing for the instance gen_mem[0].data_ram_p_reg_0, implemented as a RAM block, might be sub-optimal as no output register was merged into the block.
Related violations: <none>

SYNTH-6#2 Warning
Timing of a RAM block might be sub-optimal  
The timing for the instance gen_mem[0].data_ram_p_reg_1, implemented as a RAM block, might be sub-optimal as no output register was merged into the block.
Related violations: <none>

SYNTH-6#3 Warning
Timing of a RAM block might be sub-optimal  
The timing for the instance gen_mem[0].dls_imem_data_reg[0], implemented as a RAM block, might be sub-optimal as no output register was merged into the block.
Related violations: <none>

SYNTH-6#4 Warning
Timing of a RAM block might be sub-optimal  
The timing for the instance gen_mem[1].data_ram_p_reg_0, implemented as a RAM block, might be sub-optimal as no output register was merged into the block.
Related violations: <none>

SYNTH-6#5 Warning
Timing of a RAM block might be sub-optimal  
The timing for the instance gen_mem[1].data_ram_p_reg_1, implemented as a RAM block, might be sub-optimal as no output register was merged into the block.
Related violations: <none>

SYNTH-6#6 Warning
Timing of a RAM block might be sub-optimal  
The timing for the instance gen_mem[2].data_ram_p_reg_0, implemented as a RAM block, might be sub-optimal as no output register was merged into the block.
Related violations: <none>

SYNTH-6#7 Warning
Timing of a RAM block might be sub-optimal  
The timing for the instance gen_mem[2].data_ram_p_reg_1, implemented as a RAM block, might be sub-optimal as no output register was merged into the block.
Related violations: <none>

SYNTH-6#8 Warning
Timing of a RAM block might be sub-optimal  
The timing for the instance gen_mem[3].data_ram_p_reg_0, implemented as a RAM block, might be sub-optimal as no output register was merged into the block.
Related violations: <none>

SYNTH-6#9 Warning
Timing of a RAM block might be sub-optimal  
The timing for the instance gen_mem[3].data_ram_p_reg_1, implemented as a RAM block, might be sub-optimal as no output register was merged into the block.
Related violations: <none>

SYNTH-6#10 Warning
Timing of a RAM block might be sub-optimal  
The timing for the instance gen_mem[3].dls_imem_data_reg[3], implemented as a RAM block, might be sub-optimal as no output register was merged into the block.
Related violations: <none>

SYNTH-6#11 Warning
Timing of a RAM block might be sub-optimal  
The timing for the instance u_l2_cache/gen_data_way[0].gen_data_bank[0].data_mem_bank_reg_bram_3, implemented as a RAM block, might be sub-optimal as no output register was merged into the block.
Related violations: <none>

SYNTH-6#12 Warning
Timing of a RAM block might be sub-optimal  
The timing for the instance u_l2_cache/gen_data_way[0].gen_data_bank[0].data_mem_bank_reg_bram_5, implemented as a RAM block, might be sub-optimal as no output register was merged into the block.
Related violations: <none>

SYNTH-6#13 Warning
Timing of a RAM block might be sub-optimal  
The timing for the instance u_l2_cache/gen_data_way[0].gen_data_bank[0].data_mem_bank_reg_bram_6, implemented as a RAM block, might be sub-optimal as no output register was merged into the block.
Related violations: <none>

SYNTH-6#14 Warning
Timing of a RAM block might be sub-optimal  
The timing for the instance u_l2_cache/gen_data_way[0].gen_data_bank[0].data_mem_bank_reg_bram_7, implemented as a RAM block, might be sub-optimal as no output register was merged into the block.
Related violations: <none>

SYNTH-6#15 Warning
Timing of a RAM block might be sub-optimal  
The timing for the instance u_l2_cache/gen_data_way[0].gen_data_bank[1].data_mem_bank_reg_bram_3, implemented as a RAM block, might be sub-optimal as no output register was merged into the block.
Related violations: <none>

SYNTH-6#16 Warning
Timing of a RAM block might be sub-optimal  
The timing for the instance u_l2_cache/gen_data_way[0].gen_data_bank[1].data_mem_bank_reg_bram_5, implemented as a RAM block, might be sub-optimal as no output register was merged into the block.
Related violations: <none>

SYNTH-6#17 Warning
Timing of a RAM block might be sub-optimal  
The timing for the instance u_l2_cache/gen_data_way[0].gen_data_bank[1].data_mem_bank_reg_bram_6, implemented as a RAM block, might be sub-optimal as no output register was merged into the block.
Related violations: <none>

SYNTH-6#18 Warning
Timing of a RAM block might be sub-optimal  
The timing for the instance u_l2_cache/gen_data_way[0].gen_data_bank[1].data_mem_bank_reg_bram_7, implemented as a RAM block, might be sub-optimal as no output register was merged into the block.
Related violations: <none>

SYNTH-6#19 Warning
Timing of a RAM block might be sub-optimal  
The timing for the instance u_l2_cache/gen_data_way[0].gen_data_bank[2].data_mem_bank_reg_bram_3, implemented as a RAM block, might be sub-optimal as no output register was merged into the block.
Related violations: <none>

SYNTH-6#20 Warning
Timing of a RAM block might be sub-optimal  
The timing for the instance u_l2_cache/gen_data_way[0].gen_data_bank[2].data_mem_bank_reg_bram_5, implemented as a RAM block, might be sub-optimal as no output register was merged into the block.
Related violations: <none>

SYNTH-6#21 Warning
Timing of a RAM block might be sub-optimal  
The timing for the instance u_l2_cache/gen_data_way[0].gen_data_bank[2].data_mem_bank_reg_bram_6, implemented as a RAM block, might be sub-optimal as no output register was merged into the block.
Related violations: <none>

SYNTH-6#22 Warning
Timing of a RAM block might be sub-optimal  
The timing for the instance u_l2_cache/gen_data_way[0].gen_data_bank[2].data_mem_bank_reg_bram_7, implemented as a RAM block, might be sub-optimal as no output register was merged into the block.
Related violations: <none>

SYNTH-6#23 Warning
Timing of a RAM block might be sub-optimal  
The timing for the instance u_l2_cache/gen_data_way[0].gen_data_bank[3].data_mem_bank_reg_bram_3, implemented as a RAM block, might be sub-optimal as no output register was merged into the block.
Related violations: <none>

SYNTH-6#24 Warning
Timing of a RAM block might be sub-optimal  
The timing for the instance u_l2_cache/gen_data_way[0].gen_data_bank[3].data_mem_bank_reg_bram_5, implemented as a RAM block, might be sub-optimal as no output register was merged into the block.
Related violations: <none>

SYNTH-6#25 Warning
Timing of a RAM block might be sub-optimal  
The timing for the instance u_l2_cache/gen_data_way[0].gen_data_bank[3].data_mem_bank_reg_bram_6, implemented as a RAM block, might be sub-optimal as no output register was merged into the block.
Related violations: <none>

SYNTH-6#26 Warning
Timing of a RAM block might be sub-optimal  
The timing for the instance u_l2_cache/gen_data_way[0].gen_data_bank[3].data_mem_bank_reg_bram_7, implemented as a RAM block, might be sub-optimal as no output register was merged into the block.
Related violations: <none>

SYNTH-6#27 Warning
Timing of a RAM block might be sub-optimal  
The timing for the instance u_l2_cache/gen_data_way[0].gen_data_bank[4].data_mem_bank_reg_bram_3, implemented as a RAM block, might be sub-optimal as no output register was merged into the block.
Related violations: <none>

SYNTH-6#28 Warning
Timing of a RAM block might be sub-optimal  
The timing for the instance u_l2_cache/gen_data_way[0].gen_data_bank[4].data_mem_bank_reg_bram_5, implemented as a RAM block, might be sub-optimal as no output register was merged into the block.
Related violations: <none>

SYNTH-6#29 Warning
Timing of a RAM block might be sub-optimal  
The timing for the instance u_l2_cache/gen_data_way[0].gen_data_bank[4].data_mem_bank_reg_bram_6, implemented as a RAM block, might be sub-optimal as no output register was merged into the block.
Related violations: <none>

SYNTH-6#30 Warning
Timing of a RAM block might be sub-optimal  
The timing for the instance u_l2_cache/gen_data_way[0].gen_data_bank[4].data_mem_bank_reg_bram_7, implemented as a RAM block, might be sub-optimal as no output register was merged into the block.
Related violations: <none>

SYNTH-6#31 Warning
Timing of a RAM block might be sub-optimal  
The timing for the instance u_l2_cache/gen_data_way[0].gen_data_bank[5].data_mem_bank_reg_bram_3, implemented as a RAM block, might be sub-optimal as no output register was merged into the block.
Related violations: <none>

SYNTH-6#32 Warning
Timing of a RAM block might be sub-optimal  
The timing for the instance u_l2_cache/gen_data_way[0].gen_data_bank[5].data_mem_bank_reg_bram_5, implemented as a RAM block, might be sub-optimal as no output register was merged into the block.
Related violations: <none>

SYNTH-6#33 Warning
Timing of a RAM block might be sub-optimal  
The timing for the instance u_l2_cache/gen_data_way[0].gen_data_bank[5].data_mem_bank_reg_bram_6, implemented as a RAM block, might be sub-optimal as no output register was merged into the block.
Related violations: <none>

SYNTH-6#34 Warning
Timing of a RAM block might be sub-optimal  
The timing for the instance u_l2_cache/gen_data_way[0].gen_data_bank[5].data_mem_bank_reg_bram_7, implemented as a RAM block, might be sub-optimal as no output register was merged into the block.
Related violations: <none>

SYNTH-6#35 Warning
Timing of a RAM block might be sub-optimal  
The timing for the instance u_l2_cache/gen_data_way[0].gen_data_bank[6].data_mem_bank_reg_bram_3, implemented as a RAM block, might be sub-optimal as no output register was merged into the block.
Related violations: <none>

SYNTH-6#36 Warning
Timing of a RAM block might be sub-optimal  
The timing for the instance u_l2_cache/gen_data_way[0].gen_data_bank[6].data_mem_bank_reg_bram_5, implemented as a RAM block, might be sub-optimal as no output register was merged into the block.
Related violations: <none>

SYNTH-6#37 Warning
Timing of a RAM block might be sub-optimal  
The timing for the instance u_l2_cache/gen_data_way[0].gen_data_bank[6].data_mem_bank_reg_bram_6, implemented as a RAM block, might be sub-optimal as no output register was merged into the block.
Related violations: <none>

SYNTH-6#38 Warning
Timing of a RAM block might be sub-optimal  
The timing for the instance u_l2_cache/gen_data_way[0].gen_data_bank[6].data_mem_bank_reg_bram_7, implemented as a RAM block, might be sub-optimal as no output register was merged into the block.
Related violations: <none>

SYNTH-6#39 Warning
Timing of a RAM block might be sub-optimal  
The timing for the instance u_l2_cache/gen_data_way[0].gen_data_bank[7].data_mem_bank_reg_bram_3, implemented as a RAM block, might be sub-optimal as no output register was merged into the block.
Related violations: <none>

SYNTH-6#40 Warning
Timing of a RAM block might be sub-optimal  
The timing for the instance u_l2_cache/gen_data_way[0].gen_data_bank[7].data_mem_bank_reg_bram_5, implemented as a RAM block, might be sub-optimal as no output register was merged into the block.
Related violations: <none>

SYNTH-6#41 Warning
Timing of a RAM block might be sub-optimal  
The timing for the instance u_l2_cache/gen_data_way[0].gen_data_bank[7].data_mem_bank_reg_bram_6, implemented as a RAM block, might be sub-optimal as no output register was merged into the block.
Related violations: <none>

SYNTH-6#42 Warning
Timing of a RAM block might be sub-optimal  
The timing for the instance u_l2_cache/gen_data_way[0].gen_data_bank[7].data_mem_bank_reg_bram_7, implemented as a RAM block, might be sub-optimal as no output register was merged into the block.
Related violations: <none>

SYNTH-6#43 Warning
Timing of a RAM block might be sub-optimal  
The timing for the instance u_l2_cache/gen_data_way[10].gen_data_bank[0].data_mem_bank_reg_bram_3, implemented as a RAM block, might be sub-optimal as no output register was merged into the block.
Related violations: <none>

SYNTH-6#44 Warning
Timing of a RAM block might be sub-optimal  
The timing for the instance u_l2_cache/gen_data_way[10].gen_data_bank[0].data_mem_bank_reg_bram_5, implemented as a RAM block, might be sub-optimal as no output register was merged into the block.
Related violations: <none>

SYNTH-6#45 Warning
Timing of a RAM block might be sub-optimal  
The timing for the instance u_l2_cache/gen_data_way[10].gen_data_bank[0].data_mem_bank_reg_bram_6, implemented as a RAM block, might be sub-optimal as no output register was merged into the block.
Related violations: <none>

SYNTH-6#46 Warning
Timing of a RAM block might be sub-optimal  
The timing for the instance u_l2_cache/gen_data_way[10].gen_data_bank[0].data_mem_bank_reg_bram_7, implemented as a RAM block, might be sub-optimal as no output register was merged into the block.
Related violations: <none>

SYNTH-6#47 Warning
Timing of a RAM block might be sub-optimal  
The timing for the instance u_l2_cache/gen_data_way[10].gen_data_bank[1].data_mem_bank_reg_bram_3, implemented as a RAM block, might be sub-optimal as no output register was merged into the block.
Related violations: <none>

SYNTH-6#48 Warning
Timing of a RAM block might be sub-optimal  
The timing for the instance u_l2_cache/gen_data_way[10].gen_data_bank[1].data_mem_bank_reg_bram_5, implemented as a RAM block, might be sub-optimal as no output register was merged into the block.
Related violations: <none>

SYNTH-6#49 Warning
Timing of a RAM block might be sub-optimal  
The timing for the instance u_l2_cache/gen_data_way[10].gen_data_bank[1].data_mem_bank_reg_bram_6, implemented as a RAM block, might be sub-optimal as no output register was merged into the block.
Related violations: <none>

SYNTH-6#50 Warning
Timing of a RAM block might be sub-optimal  
The timing for the instance u_l2_cache/gen_data_way[10].gen_data_bank[1].data_mem_bank_reg_bram_7, implemented as a RAM block, might be sub-optimal as no output register was merged into the block.
Related violations: <none>

SYNTH-6#51 Warning
Timing of a RAM block might be sub-optimal  
The timing for the instance u_l2_cache/gen_data_way[10].gen_data_bank[2].data_mem_bank_reg_bram_3, implemented as a RAM block, might be sub-optimal as no output register was merged into the block.
Related violations: <none>

SYNTH-6#52 Warning
Timing of a RAM block might be sub-optimal  
The timing for the instance u_l2_cache/gen_data_way[10].gen_data_bank[2].data_mem_bank_reg_bram_5, implemented as a RAM block, might be sub-optimal as no output register was merged into the block.
Related violations: <none>

SYNTH-6#53 Warning
Timing of a RAM block might be sub-optimal  
The timing for the instance u_l2_cache/gen_data_way[10].gen_data_bank[2].data_mem_bank_reg_bram_6, implemented as a RAM block, might be sub-optimal as no output register was merged into the block.
Related violations: <none>

SYNTH-6#54 Warning
Timing of a RAM block might be sub-optimal  
The timing for the instance u_l2_cache/gen_data_way[10].gen_data_bank[2].data_mem_bank_reg_bram_7, implemented as a RAM block, might be sub-optimal as no output register was merged into the block.
Related violations: <none>

SYNTH-6#55 Warning
Timing of a RAM block might be sub-optimal  
The timing for the instance u_l2_cache/gen_data_way[10].gen_data_bank[3].data_mem_bank_reg_bram_3, implemented as a RAM block, might be sub-optimal as no output register was merged into the block.
Related violations: <none>

SYNTH-6#56 Warning
Timing of a RAM block might be sub-optimal  
The timing for the instance u_l2_cache/gen_data_way[10].gen_data_bank[3].data_mem_bank_reg_bram_5, implemented as a RAM block, might be sub-optimal as no output register was merged into the block.
Related violations: <none>

SYNTH-6#57 Warning
Timing of a RAM block might be sub-optimal  
The timing for the instance u_l2_cache/gen_data_way[10].gen_data_bank[3].data_mem_bank_reg_bram_6, implemented as a RAM block, might be sub-optimal as no output register was merged into the block.
Related violations: <none>

SYNTH-6#58 Warning
Timing of a RAM block might be sub-optimal  
The timing for the instance u_l2_cache/gen_data_way[10].gen_data_bank[3].data_mem_bank_reg_bram_7, implemented as a RAM block, might be sub-optimal as no output register was merged into the block.
Related violations: <none>

SYNTH-6#59 Warning
Timing of a RAM block might be sub-optimal  
The timing for the instance u_l2_cache/gen_data_way[10].gen_data_bank[4].data_mem_bank_reg_bram_3, implemented as a RAM block, might be sub-optimal as no output register was merged into the block.
Related violations: <none>

SYNTH-6#60 Warning
Timing of a RAM block might be sub-optimal  
The timing for the instance u_l2_cache/gen_data_way[10].gen_data_bank[4].data_mem_bank_reg_bram_5, implemented as a RAM block, might be sub-optimal as no output register was merged into the block.
Related violations: <none>

SYNTH-6#61 Warning
Timing of a RAM block might be sub-optimal  
The timing for the instance u_l2_cache/gen_data_way[10].gen_data_bank[4].data_mem_bank_reg_bram_6, implemented as a RAM block, might be sub-optimal as no output register was merged into the block.
Related violations: <none>

SYNTH-6#62 Warning
Timing of a RAM block might be sub-optimal  
The timing for the instance u_l2_cache/gen_data_way[10].gen_data_bank[4].data_mem_bank_reg_bram_7, implemented as a RAM block, might be sub-optimal as no output register was merged into the block.
Related violations: <none>

SYNTH-6#63 Warning
Timing of a RAM block might be sub-optimal  
The timing for the instance u_l2_cache/gen_data_way[10].gen_data_bank[5].data_mem_bank_reg_bram_3, implemented as a RAM block, might be sub-optimal as no output register was merged into the block.
Related violations: <none>

SYNTH-6#64 Warning
Timing of a RAM block might be sub-optimal  
The timing for the instance u_l2_cache/gen_data_way[10].gen_data_bank[5].data_mem_bank_reg_bram_5, implemented as a RAM block, might be sub-optimal as no output register was merged into the block.
Related violations: <none>

SYNTH-6#65 Warning
Timing of a RAM block might be sub-optimal  
The timing for the instance u_l2_cache/gen_data_way[10].gen_data_bank[5].data_mem_bank_reg_bram_6, implemented as a RAM block, might be sub-optimal as no output register was merged into the block.
Related violations: <none>

SYNTH-6#66 Warning
Timing of a RAM block might be sub-optimal  
The timing for the instance u_l2_cache/gen_data_way[10].gen_data_bank[5].data_mem_bank_reg_bram_7, implemented as a RAM block, might be sub-optimal as no output register was merged into the block.
Related violations: <none>

SYNTH-6#67 Warning
Timing of a RAM block might be sub-optimal  
The timing for the instance u_l2_cache/gen_data_way[10].gen_data_bank[6].data_mem_bank_reg_bram_3, implemented as a RAM block, might be sub-optimal as no output register was merged into the block.
Related violations: <none>

SYNTH-6#68 Warning
Timing of a RAM block might be sub-optimal  
The timing for the instance u_l2_cache/gen_data_way[10].gen_data_bank[6].data_mem_bank_reg_bram_5, implemented as a RAM block, might be sub-optimal as no output register was merged into the block.
Related violations: <none>

SYNTH-6#69 Warning
Timing of a RAM block might be sub-optimal  
The timing for the instance u_l2_cache/gen_data_way[10].gen_data_bank[6].data_mem_bank_reg_bram_6, implemented as a RAM block, might be sub-optimal as no output register was merged into the block.
Related violations: <none>

SYNTH-6#70 Warning
Timing of a RAM block might be sub-optimal  
The timing for the instance u_l2_cache/gen_data_way[10].gen_data_bank[6].data_mem_bank_reg_bram_7, implemented as a RAM block, might be sub-optimal as no output register was merged into the block.
Related violations: <none>

SYNTH-6#71 Warning
Timing of a RAM block might be sub-optimal  
The timing for the instance u_l2_cache/gen_data_way[10].gen_data_bank[7].data_mem_bank_reg_bram_3, implemented as a RAM block, might be sub-optimal as no output register was merged into the block.
Related violations: <none>

SYNTH-6#72 Warning
Timing of a RAM block might be sub-optimal  
The timing for the instance u_l2_cache/gen_data_way[10].gen_data_bank[7].data_mem_bank_reg_bram_5, implemented as a RAM block, might be sub-optimal as no output register was merged into the block.
Related violations: <none>

SYNTH-6#73 Warning
Timing of a RAM block might be sub-optimal  
The timing for the instance u_l2_cache/gen_data_way[10].gen_data_bank[7].data_mem_bank_reg_bram_6, implemented as a RAM block, might be sub-optimal as no output register was merged into the block.
Related violations: <none>

SYNTH-6#74 Warning
Timing of a RAM block might be sub-optimal  
The timing for the instance u_l2_cache/gen_data_way[10].gen_data_bank[7].data_mem_bank_reg_bram_7, implemented as a RAM block, might be sub-optimal as no output register was merged into the block.
Related violations: <none>

SYNTH-6#75 Warning
Timing of a RAM block might be sub-optimal  
The timing for the instance u_l2_cache/gen_data_way[11].gen_data_bank[0].data_mem_bank_reg_bram_3, implemented as a RAM block, might be sub-optimal as no output register was merged into the block.
Related violations: <none>

SYNTH-6#76 Warning
Timing of a RAM block might be sub-optimal  
The timing for the instance u_l2_cache/gen_data_way[11].gen_data_bank[0].data_mem_bank_reg_bram_5, implemented as a RAM block, might be sub-optimal as no output register was merged into the block.
Related violations: <none>

SYNTH-6#77 Warning
Timing of a RAM block might be sub-optimal  
The timing for the instance u_l2_cache/gen_data_way[11].gen_data_bank[0].data_mem_bank_reg_bram_6, implemented as a RAM block, might be sub-optimal as no output register was merged into the block.
Related violations: <none>

SYNTH-6#78 Warning
Timing of a RAM block might be sub-optimal  
The timing for the instance u_l2_cache/gen_data_way[11].gen_data_bank[0].data_mem_bank_reg_bram_7, implemented as a RAM block, might be sub-optimal as no output register was merged into the block.
Related violations: <none>

SYNTH-6#79 Warning
Timing of a RAM block might be sub-optimal  
The timing for the instance u_l2_cache/gen_data_way[11].gen_data_bank[1].data_mem_bank_reg_bram_3, implemented as a RAM block, might be sub-optimal as no output register was merged into the block.
Related violations: <none>

SYNTH-6#80 Warning
Timing of a RAM block might be sub-optimal  
The timing for the instance u_l2_cache/gen_data_way[11].gen_data_bank[1].data_mem_bank_reg_bram_5, implemented as a RAM block, might be sub-optimal as no output register was merged into the block.
Related violations: <none>

SYNTH-6#81 Warning
Timing of a RAM block might be sub-optimal  
The timing for the instance u_l2_cache/gen_data_way[11].gen_data_bank[1].data_mem_bank_reg_bram_6, implemented as a RAM block, might be sub-optimal as no output register was merged into the block.
Related violations: <none>

SYNTH-6#82 Warning
Timing of a RAM block might be sub-optimal  
The timing for the instance u_l2_cache/gen_data_way[11].gen_data_bank[1].data_mem_bank_reg_bram_7, implemented as a RAM block, might be sub-optimal as no output register was merged into the block.
Related violations: <none>

SYNTH-6#83 Warning
Timing of a RAM block might be sub-optimal  
The timing for the instance u_l2_cache/gen_data_way[11].gen_data_bank[2].data_mem_bank_reg_bram_3, implemented as a RAM block, might be sub-optimal as no output register was merged into the block.
Related violations: <none>

SYNTH-6#84 Warning
Timing of a RAM block might be sub-optimal  
The timing for the instance u_l2_cache/gen_data_way[11].gen_data_bank[2].data_mem_bank_reg_bram_5, implemented as a RAM block, might be sub-optimal as no output register was merged into the block.
Related violations: <none>

SYNTH-6#85 Warning
Timing of a RAM block might be sub-optimal  
The timing for the instance u_l2_cache/gen_data_way[11].gen_data_bank[2].data_mem_bank_reg_bram_6, implemented as a RAM block, might be sub-optimal as no output register was merged into the block.
Related violations: <none>

SYNTH-6#86 Warning
Timing of a RAM block might be sub-optimal  
The timing for the instance u_l2_cache/gen_data_way[11].gen_data_bank[2].data_mem_bank_reg_bram_7, implemented as a RAM block, might be sub-optimal as no output register was merged into the block.
Related violations: <none>

SYNTH-6#87 Warning
Timing of a RAM block might be sub-optimal  
The timing for the instance u_l2_cache/gen_data_way[11].gen_data_bank[3].data_mem_bank_reg_bram_3, implemented as a RAM block, might be sub-optimal as no output register was merged into the block.
Related violations: <none>

SYNTH-6#88 Warning
Timing of a RAM block might be sub-optimal  
The timing for the instance u_l2_cache/gen_data_way[11].gen_data_bank[3].data_mem_bank_reg_bram_5, implemented as a RAM block, might be sub-optimal as no output register was merged into the block.
Related violations: <none>

SYNTH-6#89 Warning
Timing of a RAM block might be sub-optimal  
The timing for the instance u_l2_cache/gen_data_way[11].gen_data_bank[3].data_mem_bank_reg_bram_6, implemented as a RAM block, might be sub-optimal as no output register was merged into the block.
Related violations: <none>

SYNTH-6#90 Warning
Timing of a RAM block might be sub-optimal  
The timing for the instance u_l2_cache/gen_data_way[11].gen_data_bank[3].data_mem_bank_reg_bram_7, implemented as a RAM block, might be sub-optimal as no output register was merged into the block.
Related violations: <none>

SYNTH-6#91 Warning
Timing of a RAM block might be sub-optimal  
The timing for the instance u_l2_cache/gen_data_way[11].gen_data_bank[4].data_mem_bank_reg_bram_3, implemented as a RAM block, might be sub-optimal as no output register was merged into the block.
Related violations: <none>

SYNTH-6#92 Warning
Timing of a RAM block might be sub-optimal  
The timing for the instance u_l2_cache/gen_data_way[11].gen_data_bank[4].data_mem_bank_reg_bram_5, implemented as a RAM block, might be sub-optimal as no output register was merged into the block.
Related violations: <none>

SYNTH-6#93 Warning
Timing of a RAM block might be sub-optimal  
The timing for the instance u_l2_cache/gen_data_way[11].gen_data_bank[4].data_mem_bank_reg_bram_6, implemented as a RAM block, might be sub-optimal as no output register was merged into the block.
Related violations: <none>

SYNTH-6#94 Warning
Timing of a RAM block might be sub-optimal  
The timing for the instance u_l2_cache/gen_data_way[11].gen_data_bank[4].data_mem_bank_reg_bram_7, implemented as a RAM block, might be sub-optimal as no output register was merged into the block.
Related violations: <none>

SYNTH-6#95 Warning
Timing of a RAM block might be sub-optimal  
The timing for the instance u_l2_cache/gen_data_way[11].gen_data_bank[5].data_mem_bank_reg_bram_3, implemented as a RAM block, might be sub-optimal as no output register was merged into the block.
Related violations: <none>

SYNTH-6#96 Warning
Timing of a RAM block might be sub-optimal  
The timing for the instance u_l2_cache/gen_data_way[11].gen_data_bank[5].data_mem_bank_reg_bram_5, implemented as a RAM block, might be sub-optimal as no output register was merged into the block.
Related violations: <none>

SYNTH-6#97 Warning
Timing of a RAM block might be sub-optimal  
The timing for the instance u_l2_cache/gen_data_way[11].gen_data_bank[5].data_mem_bank_reg_bram_6, implemented as a RAM block, might be sub-optimal as no output register was merged into the block.
Related violations: <none>

SYNTH-6#98 Warning
Timing of a RAM block might be sub-optimal  
The timing for the instance u_l2_cache/gen_data_way[11].gen_data_bank[5].data_mem_bank_reg_bram_7, implemented as a RAM block, might be sub-optimal as no output register was merged into the block.
Related violations: <none>

SYNTH-6#99 Warning
Timing of a RAM block might be sub-optimal  
The timing for the instance u_l2_cache/gen_data_way[11].gen_data_bank[6].data_mem_bank_reg_bram_3, implemented as a RAM block, might be sub-optimal as no output register was merged into the block.
Related violations: <none>

SYNTH-6#100 Warning
Timing of a RAM block might be sub-optimal  
The timing for the instance u_l2_cache/gen_data_way[11].gen_data_bank[6].data_mem_bank_reg_bram_5, implemented as a RAM block, might be sub-optimal as no output register was merged into the block.
Related violations: <none>

SYNTH-6#101 Warning
Timing of a RAM block might be sub-optimal  
The timing for the instance u_l2_cache/gen_data_way[11].gen_data_bank[6].data_mem_bank_reg_bram_6, implemented as a RAM block, might be sub-optimal as no output register was merged into the block.
Related violations: <none>

SYNTH-6#102 Warning
Timing of a RAM block might be sub-optimal  
The timing for the instance u_l2_cache/gen_data_way[11].gen_data_bank[6].data_mem_bank_reg_bram_7, implemented as a RAM block, might be sub-optimal as no output register was merged into the block.
Related violations: <none>

SYNTH-6#103 Warning
Timing of a RAM block might be sub-optimal  
The timing for the instance u_l2_cache/gen_data_way[11].gen_data_bank[7].data_mem_bank_reg_bram_3, implemented as a RAM block, might be sub-optimal as no output register was merged into the block.
Related violations: <none>

SYNTH-6#104 Warning
Timing of a RAM block might be sub-optimal  
The timing for the instance u_l2_cache/gen_data_way[11].gen_data_bank[7].data_mem_bank_reg_bram_5, implemented as a RAM block, might be sub-optimal as no output register was merged into the block.
Related violations: <none>

SYNTH-6#105 Warning
Timing of a RAM block might be sub-optimal  
The timing for the instance u_l2_cache/gen_data_way[11].gen_data_bank[7].data_mem_bank_reg_bram_6, implemented as a RAM block, might be sub-optimal as no output register was merged into the block.
Related violations: <none>

SYNTH-6#106 Warning
Timing of a RAM block might be sub-optimal  
The timing for the instance u_l2_cache/gen_data_way[11].gen_data_bank[7].data_mem_bank_reg_bram_7, implemented as a RAM block, might be sub-optimal as no output register was merged into the block.
Related violations: <none>

SYNTH-6#107 Warning
Timing of a RAM block might be sub-optimal  
The timing for the instance u_l2_cache/gen_data_way[12].gen_data_bank[0].data_mem_bank_reg_bram_3, implemented as a RAM block, might be sub-optimal as no output register was merged into the block.
Related violations: <none>

SYNTH-6#108 Warning
Timing of a RAM block might be sub-optimal  
The timing for the instance u_l2_cache/gen_data_way[12].gen_data_bank[0].data_mem_bank_reg_bram_5, implemented as a RAM block, might be sub-optimal as no output register was merged into the block.
Related violations: <none>

SYNTH-6#109 Warning
Timing of a RAM block might be sub-optimal  
The timing for the instance u_l2_cache/gen_data_way[12].gen_data_bank[0].data_mem_bank_reg_bram_6, implemented as a RAM block, might be sub-optimal as no output register was merged into the block.
Related violations: <none>

SYNTH-6#110 Warning
Timing of a RAM block might be sub-optimal  
The timing for the instance u_l2_cache/gen_data_way[12].gen_data_bank[0].data_mem_bank_reg_bram_7, implemented as a RAM block, might be sub-optimal as no output register was merged into the block.
Related violations: <none>

SYNTH-6#111 Warning
Timing of a RAM block might be sub-optimal  
The timing for the instance u_l2_cache/gen_data_way[12].gen_data_bank[1].data_mem_bank_reg_bram_3, implemented as a RAM block, might be sub-optimal as no output register was merged into the block.
Related violations: <none>

SYNTH-6#112 Warning
Timing of a RAM block might be sub-optimal  
The timing for the instance u_l2_cache/gen_data_way[12].gen_data_bank[1].data_mem_bank_reg_bram_5, implemented as a RAM block, might be sub-optimal as no output register was merged into the block.
Related violations: <none>

SYNTH-6#113 Warning
Timing of a RAM block might be sub-optimal  
The timing for the instance u_l2_cache/gen_data_way[12].gen_data_bank[1].data_mem_bank_reg_bram_6, implemented as a RAM block, might be sub-optimal as no output register was merged into the block.
Related violations: <none>

SYNTH-6#114 Warning
Timing of a RAM block might be sub-optimal  
The timing for the instance u_l2_cache/gen_data_way[12].gen_data_bank[1].data_mem_bank_reg_bram_7, implemented as a RAM block, might be sub-optimal as no output register was merged into the block.
Related violations: <none>

SYNTH-6#115 Warning
Timing of a RAM block might be sub-optimal  
The timing for the instance u_l2_cache/gen_data_way[12].gen_data_bank[2].data_mem_bank_reg_bram_3, implemented as a RAM block, might be sub-optimal as no output register was merged into the block.
Related violations: <none>

SYNTH-6#116 Warning
Timing of a RAM block might be sub-optimal  
The timing for the instance u_l2_cache/gen_data_way[12].gen_data_bank[2].data_mem_bank_reg_bram_5, implemented as a RAM block, might be sub-optimal as no output register was merged into the block.
Related violations: <none>

SYNTH-6#117 Warning
Timing of a RAM block might be sub-optimal  
The timing for the instance u_l2_cache/gen_data_way[12].gen_data_bank[2].data_mem_bank_reg_bram_6, implemented as a RAM block, might be sub-optimal as no output register was merged into the block.
Related violations: <none>

SYNTH-6#118 Warning
Timing of a RAM block might be sub-optimal  
The timing for the instance u_l2_cache/gen_data_way[12].gen_data_bank[2].data_mem_bank_reg_bram_7, implemented as a RAM block, might be sub-optimal as no output register was merged into the block.
Related violations: <none>

SYNTH-6#119 Warning
Timing of a RAM block might be sub-optimal  
The timing for the instance u_l2_cache/gen_data_way[12].gen_data_bank[3].data_mem_bank_reg_bram_3, implemented as a RAM block, might be sub-optimal as no output register was merged into the block.
Related violations: <none>

SYNTH-6#120 Warning
Timing of a RAM block might be sub-optimal  
The timing for the instance u_l2_cache/gen_data_way[12].gen_data_bank[3].data_mem_bank_reg_bram_5, implemented as a RAM block, might be sub-optimal as no output register was merged into the block.
Related violations: <none>

SYNTH-6#121 Warning
Timing of a RAM block might be sub-optimal  
The timing for the instance u_l2_cache/gen_data_way[12].gen_data_bank[3].data_mem_bank_reg_bram_6, implemented as a RAM block, might be sub-optimal as no output register was merged into the block.
Related violations: <none>

SYNTH-6#122 Warning
Timing of a RAM block might be sub-optimal  
The timing for the instance u_l2_cache/gen_data_way[12].gen_data_bank[3].data_mem_bank_reg_bram_7, implemented as a RAM block, might be sub-optimal as no output register was merged into the block.
Related violations: <none>

SYNTH-6#123 Warning
Timing of a RAM block might be sub-optimal  
The timing for the instance u_l2_cache/gen_data_way[12].gen_data_bank[4].data_mem_bank_reg_bram_3, implemented as a RAM block, might be sub-optimal as no output register was merged into the block.
Related violations: <none>

SYNTH-6#124 Warning
Timing of a RAM block might be sub-optimal  
The timing for the instance u_l2_cache/gen_data_way[12].gen_data_bank[4].data_mem_bank_reg_bram_5, implemented as a RAM block, might be sub-optimal as no output register was merged into the block.
Related violations: <none>

SYNTH-6#125 Warning
Timing of a RAM block might be sub-optimal  
The timing for the instance u_l2_cache/gen_data_way[12].gen_data_bank[4].data_mem_bank_reg_bram_6, implemented as a RAM block, might be sub-optimal as no output register was merged into the block.
Related violations: <none>

SYNTH-6#126 Warning
Timing of a RAM block might be sub-optimal  
The timing for the instance u_l2_cache/gen_data_way[12].gen_data_bank[4].data_mem_bank_reg_bram_7, implemented as a RAM block, might be sub-optimal as no output register was merged into the block.
Related violations: <none>

SYNTH-6#127 Warning
Timing of a RAM block might be sub-optimal  
The timing for the instance u_l2_cache/gen_data_way[12].gen_data_bank[5].data_mem_bank_reg_bram_3, implemented as a RAM block, might be sub-optimal as no output register was merged into the block.
Related violations: <none>

SYNTH-6#128 Warning
Timing of a RAM block might be sub-optimal  
The timing for the instance u_l2_cache/gen_data_way[12].gen_data_bank[5].data_mem_bank_reg_bram_5, implemented as a RAM block, might be sub-optimal as no output register was merged into the block.
Related violations: <none>

SYNTH-6#129 Warning
Timing of a RAM block might be sub-optimal  
The timing for the instance u_l2_cache/gen_data_way[12].gen_data_bank[5].data_mem_bank_reg_bram_6, implemented as a RAM block, might be sub-optimal as no output register was merged into the block.
Related violations: <none>

SYNTH-6#130 Warning
Timing of a RAM block might be sub-optimal  
The timing for the instance u_l2_cache/gen_data_way[12].gen_data_bank[5].data_mem_bank_reg_bram_7, implemented as a RAM block, might be sub-optimal as no output register was merged into the block.
Related violations: <none>

SYNTH-6#131 Warning
Timing of a RAM block might be sub-optimal  
The timing for the instance u_l2_cache/gen_data_way[12].gen_data_bank[6].data_mem_bank_reg_bram_3, implemented as a RAM block, might be sub-optimal as no output register was merged into the block.
Related violations: <none>

SYNTH-6#132 Warning
Timing of a RAM block might be sub-optimal  
The timing for the instance u_l2_cache/gen_data_way[12].gen_data_bank[6].data_mem_bank_reg_bram_5, implemented as a RAM block, might be sub-optimal as no output register was merged into the block.
Related violations: <none>

SYNTH-6#133 Warning
Timing of a RAM block might be sub-optimal  
The timing for the instance u_l2_cache/gen_data_way[12].gen_data_bank[6].data_mem_bank_reg_bram_6, implemented as a RAM block, might be sub-optimal as no output register was merged into the block.
Related violations: <none>

SYNTH-6#134 Warning
Timing of a RAM block might be sub-optimal  
The timing for the instance u_l2_cache/gen_data_way[12].gen_data_bank[6].data_mem_bank_reg_bram_7, implemented as a RAM block, might be sub-optimal as no output register was merged into the block.
Related violations: <none>

SYNTH-6#135 Warning
Timing of a RAM block might be sub-optimal  
The timing for the instance u_l2_cache/gen_data_way[12].gen_data_bank[7].data_mem_bank_reg_bram_3, implemented as a RAM block, might be sub-optimal as no output register was merged into the block.
Related violations: <none>

SYNTH-6#136 Warning
Timing of a RAM block might be sub-optimal  
The timing for the instance u_l2_cache/gen_data_way[12].gen_data_bank[7].data_mem_bank_reg_bram_5, implemented as a RAM block, might be sub-optimal as no output register was merged into the block.
Related violations: <none>

SYNTH-6#137 Warning
Timing of a RAM block might be sub-optimal  
The timing for the instance u_l2_cache/gen_data_way[12].gen_data_bank[7].data_mem_bank_reg_bram_6, implemented as a RAM block, might be sub-optimal as no output register was merged into the block.
Related violations: <none>

SYNTH-6#138 Warning
Timing of a RAM block might be sub-optimal  
The timing for the instance u_l2_cache/gen_data_way[12].gen_data_bank[7].data_mem_bank_reg_bram_7, implemented as a RAM block, might be sub-optimal as no output register was merged into the block.
Related violations: <none>

SYNTH-6#139 Warning
Timing of a RAM block might be sub-optimal  
The timing for the instance u_l2_cache/gen_data_way[13].gen_data_bank[0].data_mem_bank_reg_bram_3, implemented as a RAM block, might be sub-optimal as no output register was merged into the block.
Related violations: <none>

SYNTH-6#140 Warning
Timing of a RAM block might be sub-optimal  
The timing for the instance u_l2_cache/gen_data_way[13].gen_data_bank[0].data_mem_bank_reg_bram_5, implemented as a RAM block, might be sub-optimal as no output register was merged into the block.
Related violations: <none>

SYNTH-6#141 Warning
Timing of a RAM block might be sub-optimal  
The timing for the instance u_l2_cache/gen_data_way[13].gen_data_bank[0].data_mem_bank_reg_bram_6, implemented as a RAM block, might be sub-optimal as no output register was merged into the block.
Related violations: <none>

SYNTH-6#142 Warning
Timing of a RAM block might be sub-optimal  
The timing for the instance u_l2_cache/gen_data_way[13].gen_data_bank[0].data_mem_bank_reg_bram_7, implemented as a RAM block, might be sub-optimal as no output register was merged into the block.
Related violations: <none>

SYNTH-6#143 Warning
Timing of a RAM block might be sub-optimal  
The timing for the instance u_l2_cache/gen_data_way[13].gen_data_bank[1].data_mem_bank_reg_bram_3, implemented as a RAM block, might be sub-optimal as no output register was merged into the block.
Related violations: <none>

SYNTH-6#144 Warning
Timing of a RAM block might be sub-optimal  
The timing for the instance u_l2_cache/gen_data_way[13].gen_data_bank[1].data_mem_bank_reg_bram_5, implemented as a RAM block, might be sub-optimal as no output register was merged into the block.
Related violations: <none>

SYNTH-6#145 Warning
Timing of a RAM block might be sub-optimal  
The timing for the instance u_l2_cache/gen_data_way[13].gen_data_bank[1].data_mem_bank_reg_bram_6, implemented as a RAM block, might be sub-optimal as no output register was merged into the block.
Related violations: <none>

SYNTH-6#146 Warning
Timing of a RAM block might be sub-optimal  
The timing for the instance u_l2_cache/gen_data_way[13].gen_data_bank[1].data_mem_bank_reg_bram_7, implemented as a RAM block, might be sub-optimal as no output register was merged into the block.
Related violations: <none>

SYNTH-6#147 Warning
Timing of a RAM block might be sub-optimal  
The timing for the instance u_l2_cache/gen_data_way[13].gen_data_bank[2].data_mem_bank_reg_bram_3, implemented as a RAM block, might be sub-optimal as no output register was merged into the block.
Related violations: <none>

SYNTH-6#148 Warning
Timing of a RAM block might be sub-optimal  
The timing for the instance u_l2_cache/gen_data_way[13].gen_data_bank[2].data_mem_bank_reg_bram_5, implemented as a RAM block, might be sub-optimal as no output register was merged into the block.
Related violations: <none>

SYNTH-6#149 Warning
Timing of a RAM block might be sub-optimal  
The timing for the instance u_l2_cache/gen_data_way[13].gen_data_bank[2].data_mem_bank_reg_bram_6, implemented as a RAM block, might be sub-optimal as no output register was merged into the block.
Related violations: <none>

SYNTH-6#150 Warning
Timing of a RAM block might be sub-optimal  
The timing for the instance u_l2_cache/gen_data_way[13].gen_data_bank[2].data_mem_bank_reg_bram_7, implemented as a RAM block, might be sub-optimal as no output register was merged into the block.
Related violations: <none>

SYNTH-6#151 Warning
Timing of a RAM block might be sub-optimal  
The timing for the instance u_l2_cache/gen_data_way[13].gen_data_bank[3].data_mem_bank_reg_bram_3, implemented as a RAM block, might be sub-optimal as no output register was merged into the block.
Related violations: <none>

SYNTH-6#152 Warning
Timing of a RAM block might be sub-optimal  
The timing for the instance u_l2_cache/gen_data_way[13].gen_data_bank[3].data_mem_bank_reg_bram_5, implemented as a RAM block, might be sub-optimal as no output register was merged into the block.
Related violations: <none>

SYNTH-6#153 Warning
Timing of a RAM block might be sub-optimal  
The timing for the instance u_l2_cache/gen_data_way[13].gen_data_bank[3].data_mem_bank_reg_bram_6, implemented as a RAM block, might be sub-optimal as no output register was merged into the block.
Related violations: <none>

SYNTH-6#154 Warning
Timing of a RAM block might be sub-optimal  
The timing for the instance u_l2_cache/gen_data_way[13].gen_data_bank[3].data_mem_bank_reg_bram_7, implemented as a RAM block, might be sub-optimal as no output register was merged into the block.
Related violations: <none>

SYNTH-6#155 Warning
Timing of a RAM block might be sub-optimal  
The timing for the instance u_l2_cache/gen_data_way[13].gen_data_bank[4].data_mem_bank_reg_bram_3, implemented as a RAM block, might be sub-optimal as no output register was merged into the block.
Related violations: <none>

SYNTH-6#156 Warning
Timing of a RAM block might be sub-optimal  
The timing for the instance u_l2_cache/gen_data_way[13].gen_data_bank[4].data_mem_bank_reg_bram_5, implemented as a RAM block, might be sub-optimal as no output register was merged into the block.
Related violations: <none>

SYNTH-6#157 Warning
Timing of a RAM block might be sub-optimal  
The timing for the instance u_l2_cache/gen_data_way[13].gen_data_bank[4].data_mem_bank_reg_bram_6, implemented as a RAM block, might be sub-optimal as no output register was merged into the block.
Related violations: <none>

SYNTH-6#158 Warning
Timing of a RAM block might be sub-optimal  
The timing for the instance u_l2_cache/gen_data_way[13].gen_data_bank[4].data_mem_bank_reg_bram_7, implemented as a RAM block, might be sub-optimal as no output register was merged into the block.
Related violations: <none>

SYNTH-6#159 Warning
Timing of a RAM block might be sub-optimal  
The timing for the instance u_l2_cache/gen_data_way[13].gen_data_bank[5].data_mem_bank_reg_bram_3, implemented as a RAM block, might be sub-optimal as no output register was merged into the block.
Related violations: <none>

SYNTH-6#160 Warning
Timing of a RAM block might be sub-optimal  
The timing for the instance u_l2_cache/gen_data_way[13].gen_data_bank[5].data_mem_bank_reg_bram_5, implemented as a RAM block, might be sub-optimal as no output register was merged into the block.
Related violations: <none>

SYNTH-6#161 Warning
Timing of a RAM block might be sub-optimal  
The timing for the instance u_l2_cache/gen_data_way[13].gen_data_bank[5].data_mem_bank_reg_bram_6, implemented as a RAM block, might be sub-optimal as no output register was merged into the block.
Related violations: <none>

SYNTH-6#162 Warning
Timing of a RAM block might be sub-optimal  
The timing for the instance u_l2_cache/gen_data_way[13].gen_data_bank[5].data_mem_bank_reg_bram_7, implemented as a RAM block, might be sub-optimal as no output register was merged into the block.
Related violations: <none>

SYNTH-6#163 Warning
Timing of a RAM block might be sub-optimal  
The timing for the instance u_l2_cache/gen_data_way[13].gen_data_bank[6].data_mem_bank_reg_bram_3, implemented as a RAM block, might be sub-optimal as no output register was merged into the block.
Related violations: <none>

SYNTH-6#164 Warning
Timing of a RAM block might be sub-optimal  
The timing for the instance u_l2_cache/gen_data_way[13].gen_data_bank[6].data_mem_bank_reg_bram_5, implemented as a RAM block, might be sub-optimal as no output register was merged into the block.
Related violations: <none>

SYNTH-6#165 Warning
Timing of a RAM block might be sub-optimal  
The timing for the instance u_l2_cache/gen_data_way[13].gen_data_bank[6].data_mem_bank_reg_bram_6, implemented as a RAM block, might be sub-optimal as no output register was merged into the block.
Related violations: <none>

SYNTH-6#166 Warning
Timing of a RAM block might be sub-optimal  
The timing for the instance u_l2_cache/gen_data_way[13].gen_data_bank[6].data_mem_bank_reg_bram_7, implemented as a RAM block, might be sub-optimal as no output register was merged into the block.
Related violations: <none>

SYNTH-6#167 Warning
Timing of a RAM block might be sub-optimal  
The timing for the instance u_l2_cache/gen_data_way[13].gen_data_bank[7].data_mem_bank_reg_bram_3, implemented as a RAM block, might be sub-optimal as no output register was merged into the block.
Related violations: <none>

SYNTH-6#168 Warning
Timing of a RAM block might be sub-optimal  
The timing for the instance u_l2_cache/gen_data_way[13].gen_data_bank[7].data_mem_bank_reg_bram_5, implemented as a RAM block, might be sub-optimal as no output register was merged into the block.
Related violations: <none>

SYNTH-6#169 Warning
Timing of a RAM block might be sub-optimal  
The timing for the instance u_l2_cache/gen_data_way[13].gen_data_bank[7].data_mem_bank_reg_bram_6, implemented as a RAM block, might be sub-optimal as no output register was merged into the block.
Related violations: <none>

SYNTH-6#170 Warning
Timing of a RAM block might be sub-optimal  
The timing for the instance u_l2_cache/gen_data_way[13].gen_data_bank[7].data_mem_bank_reg_bram_7, implemented as a RAM block, might be sub-optimal as no output register was merged into the block.
Related violations: <none>

SYNTH-6#171 Warning
Timing of a RAM block might be sub-optimal  
The timing for the instance u_l2_cache/gen_data_way[14].gen_data_bank[0].data_mem_bank_reg_bram_3, implemented as a RAM block, might be sub-optimal as no output register was merged into the block.
Related violations: <none>

SYNTH-6#172 Warning
Timing of a RAM block might be sub-optimal  
The timing for the instance u_l2_cache/gen_data_way[14].gen_data_bank[0].data_mem_bank_reg_bram_5, implemented as a RAM block, might be sub-optimal as no output register was merged into the block.
Related violations: <none>

SYNTH-6#173 Warning
Timing of a RAM block might be sub-optimal  
The timing for the instance u_l2_cache/gen_data_way[14].gen_data_bank[0].data_mem_bank_reg_bram_6, implemented as a RAM block, might be sub-optimal as no output register was merged into the block.
Related violations: <none>

SYNTH-6#174 Warning
Timing of a RAM block might be sub-optimal  
The timing for the instance u_l2_cache/gen_data_way[14].gen_data_bank[0].data_mem_bank_reg_bram_7, implemented as a RAM block, might be sub-optimal as no output register was merged into the block.
Related violations: <none>

SYNTH-6#175 Warning
Timing of a RAM block might be sub-optimal  
The timing for the instance u_l2_cache/gen_data_way[14].gen_data_bank[1].data_mem_bank_reg_bram_3, implemented as a RAM block, might be sub-optimal as no output register was merged into the block.
Related violations: <none>

SYNTH-6#176 Warning
Timing of a RAM block might be sub-optimal  
The timing for the instance u_l2_cache/gen_data_way[14].gen_data_bank[1].data_mem_bank_reg_bram_5, implemented as a RAM block, might be sub-optimal as no output register was merged into the block.
Related violations: <none>

SYNTH-6#177 Warning
Timing of a RAM block might be sub-optimal  
The timing for the instance u_l2_cache/gen_data_way[14].gen_data_bank[1].data_mem_bank_reg_bram_6, implemented as a RAM block, might be sub-optimal as no output register was merged into the block.
Related violations: <none>

SYNTH-6#178 Warning
Timing of a RAM block might be sub-optimal  
The timing for the instance u_l2_cache/gen_data_way[14].gen_data_bank[1].data_mem_bank_reg_bram_7, implemented as a RAM block, might be sub-optimal as no output register was merged into the block.
Related violations: <none>

SYNTH-6#179 Warning
Timing of a RAM block might be sub-optimal  
The timing for the instance u_l2_cache/gen_data_way[14].gen_data_bank[2].data_mem_bank_reg_bram_3, implemented as a RAM block, might be sub-optimal as no output register was merged into the block.
Related violations: <none>

SYNTH-6#180 Warning
Timing of a RAM block might be sub-optimal  
The timing for the instance u_l2_cache/gen_data_way[14].gen_data_bank[2].data_mem_bank_reg_bram_5, implemented as a RAM block, might be sub-optimal as no output register was merged into the block.
Related violations: <none>

SYNTH-6#181 Warning
Timing of a RAM block might be sub-optimal  
The timing for the instance u_l2_cache/gen_data_way[14].gen_data_bank[2].data_mem_bank_reg_bram_6, implemented as a RAM block, might be sub-optimal as no output register was merged into the block.
Related violations: <none>

SYNTH-6#182 Warning
Timing of a RAM block might be sub-optimal  
The timing for the instance u_l2_cache/gen_data_way[14].gen_data_bank[2].data_mem_bank_reg_bram_7, implemented as a RAM block, might be sub-optimal as no output register was merged into the block.
Related violations: <none>

SYNTH-6#183 Warning
Timing of a RAM block might be sub-optimal  
The timing for the instance u_l2_cache/gen_data_way[14].gen_data_bank[3].data_mem_bank_reg_bram_3, implemented as a RAM block, might be sub-optimal as no output register was merged into the block.
Related violations: <none>

SYNTH-6#184 Warning
Timing of a RAM block might be sub-optimal  
The timing for the instance u_l2_cache/gen_data_way[14].gen_data_bank[3].data_mem_bank_reg_bram_5, implemented as a RAM block, might be sub-optimal as no output register was merged into the block.
Related violations: <none>

SYNTH-6#185 Warning
Timing of a RAM block might be sub-optimal  
The timing for the instance u_l2_cache/gen_data_way[14].gen_data_bank[3].data_mem_bank_reg_bram_6, implemented as a RAM block, might be sub-optimal as no output register was merged into the block.
Related violations: <none>

SYNTH-6#186 Warning
Timing of a RAM block might be sub-optimal  
The timing for the instance u_l2_cache/gen_data_way[14].gen_data_bank[3].data_mem_bank_reg_bram_7, implemented as a RAM block, might be sub-optimal as no output register was merged into the block.
Related violations: <none>

SYNTH-6#187 Warning
Timing of a RAM block might be sub-optimal  
The timing for the instance u_l2_cache/gen_data_way[14].gen_data_bank[4].data_mem_bank_reg_bram_3, implemented as a RAM block, might be sub-optimal as no output register was merged into the block.
Related violations: <none>

SYNTH-6#188 Warning
Timing of a RAM block might be sub-optimal  
The timing for the instance u_l2_cache/gen_data_way[14].gen_data_bank[4].data_mem_bank_reg_bram_5, implemented as a RAM block, might be sub-optimal as no output register was merged into the block.
Related violations: <none>

SYNTH-6#189 Warning
Timing of a RAM block might be sub-optimal  
The timing for the instance u_l2_cache/gen_data_way[14].gen_data_bank[4].data_mem_bank_reg_bram_6, implemented as a RAM block, might be sub-optimal as no output register was merged into the block.
Related violations: <none>

SYNTH-6#190 Warning
Timing of a RAM block might be sub-optimal  
The timing for the instance u_l2_cache/gen_data_way[14].gen_data_bank[4].data_mem_bank_reg_bram_7, implemented as a RAM block, might be sub-optimal as no output register was merged into the block.
Related violations: <none>

SYNTH-6#191 Warning
Timing of a RAM block might be sub-optimal  
The timing for the instance u_l2_cache/gen_data_way[14].gen_data_bank[5].data_mem_bank_reg_bram_3, implemented as a RAM block, might be sub-optimal as no output register was merged into the block.
Related violations: <none>

SYNTH-6#192 Warning
Timing of a RAM block might be sub-optimal  
The timing for the instance u_l2_cache/gen_data_way[14].gen_data_bank[5].data_mem_bank_reg_bram_5, implemented as a RAM block, might be sub-optimal as no output register was merged into the block.
Related violations: <none>

SYNTH-6#193 Warning
Timing of a RAM block might be sub-optimal  
The timing for the instance u_l2_cache/gen_data_way[14].gen_data_bank[5].data_mem_bank_reg_bram_6, implemented as a RAM block, might be sub-optimal as no output register was merged into the block.
Related violations: <none>

SYNTH-6#194 Warning
Timing of a RAM block might be sub-optimal  
The timing for the instance u_l2_cache/gen_data_way[14].gen_data_bank[5].data_mem_bank_reg_bram_7, implemented as a RAM block, might be sub-optimal as no output register was merged into the block.
Related violations: <none>

SYNTH-6#195 Warning
Timing of a RAM block might be sub-optimal  
The timing for the instance u_l2_cache/gen_data_way[14].gen_data_bank[6].data_mem_bank_reg_bram_3, implemented as a RAM block, might be sub-optimal as no output register was merged into the block.
Related violations: <none>

SYNTH-6#196 Warning
Timing of a RAM block might be sub-optimal  
The timing for the instance u_l2_cache/gen_data_way[14].gen_data_bank[6].data_mem_bank_reg_bram_5, implemented as a RAM block, might be sub-optimal as no output register was merged into the block.
Related violations: <none>

SYNTH-6#197 Warning
Timing of a RAM block might be sub-optimal  
The timing for the instance u_l2_cache/gen_data_way[14].gen_data_bank[6].data_mem_bank_reg_bram_6, implemented as a RAM block, might be sub-optimal as no output register was merged into the block.
Related violations: <none>

SYNTH-6#198 Warning
Timing of a RAM block might be sub-optimal  
The timing for the instance u_l2_cache/gen_data_way[14].gen_data_bank[6].data_mem_bank_reg_bram_7, implemented as a RAM block, might be sub-optimal as no output register was merged into the block.
Related violations: <none>

SYNTH-6#199 Warning
Timing of a RAM block might be sub-optimal  
The timing for the instance u_l2_cache/gen_data_way[14].gen_data_bank[7].data_mem_bank_reg_bram_3, implemented as a RAM block, might be sub-optimal as no output register was merged into the block.
Related violations: <none>

SYNTH-6#200 Warning
Timing of a RAM block might be sub-optimal  
The timing for the instance u_l2_cache/gen_data_way[14].gen_data_bank[7].data_mem_bank_reg_bram_5, implemented as a RAM block, might be sub-optimal as no output register was merged into the block.
Related violations: <none>

SYNTH-6#201 Warning
Timing of a RAM block might be sub-optimal  
The timing for the instance u_l2_cache/gen_data_way[14].gen_data_bank[7].data_mem_bank_reg_bram_6, implemented as a RAM block, might be sub-optimal as no output register was merged into the block.
Related violations: <none>

SYNTH-6#202 Warning
Timing of a RAM block might be sub-optimal  
The timing for the instance u_l2_cache/gen_data_way[14].gen_data_bank[7].data_mem_bank_reg_bram_7, implemented as a RAM block, might be sub-optimal as no output register was merged into the block.
Related violations: <none>

SYNTH-6#203 Warning
Timing of a RAM block might be sub-optimal  
The timing for the instance u_l2_cache/gen_data_way[15].gen_data_bank[0].data_mem_bank_reg_bram_3, implemented as a RAM block, might be sub-optimal as no output register was merged into the block.
Related violations: <none>

SYNTH-6#204 Warning
Timing of a RAM block might be sub-optimal  
The timing for the instance u_l2_cache/gen_data_way[15].gen_data_bank[0].data_mem_bank_reg_bram_5, implemented as a RAM block, might be sub-optimal as no output register was merged into the block.
Related violations: <none>

SYNTH-6#205 Warning
Timing of a RAM block might be sub-optimal  
The timing for the instance u_l2_cache/gen_data_way[15].gen_data_bank[0].data_mem_bank_reg_bram_6, implemented as a RAM block, might be sub-optimal as no output register was merged into the block.
Related violations: <none>

SYNTH-6#206 Warning
Timing of a RAM block might be sub-optimal  
The timing for the instance u_l2_cache/gen_data_way[15].gen_data_bank[0].data_mem_bank_reg_bram_7, implemented as a RAM block, might be sub-optimal as no output register was merged into the block.
Related violations: <none>

SYNTH-6#207 Warning
Timing of a RAM block might be sub-optimal  
The timing for the instance u_l2_cache/gen_data_way[15].gen_data_bank[1].data_mem_bank_reg_bram_3, implemented as a RAM block, might be sub-optimal as no output register was merged into the block.
Related violations: <none>

SYNTH-6#208 Warning
Timing of a RAM block might be sub-optimal  
The timing for the instance u_l2_cache/gen_data_way[15].gen_data_bank[1].data_mem_bank_reg_bram_5, implemented as a RAM block, might be sub-optimal as no output register was merged into the block.
Related violations: <none>

SYNTH-6#209 Warning
Timing of a RAM block might be sub-optimal  
The timing for the instance u_l2_cache/gen_data_way[15].gen_data_bank[1].data_mem_bank_reg_bram_6, implemented as a RAM block, might be sub-optimal as no output register was merged into the block.
Related violations: <none>

SYNTH-6#210 Warning
Timing of a RAM block might be sub-optimal  
The timing for the instance u_l2_cache/gen_data_way[15].gen_data_bank[1].data_mem_bank_reg_bram_7, implemented as a RAM block, might be sub-optimal as no output register was merged into the block.
Related violations: <none>

SYNTH-6#211 Warning
Timing of a RAM block might be sub-optimal  
The timing for the instance u_l2_cache/gen_data_way[15].gen_data_bank[2].data_mem_bank_reg_bram_3, implemented as a RAM block, might be sub-optimal as no output register was merged into the block.
Related violations: <none>

SYNTH-6#212 Warning
Timing of a RAM block might be sub-optimal  
The timing for the instance u_l2_cache/gen_data_way[15].gen_data_bank[2].data_mem_bank_reg_bram_5, implemented as a RAM block, might be sub-optimal as no output register was merged into the block.
Related violations: <none>

SYNTH-6#213 Warning
Timing of a RAM block might be sub-optimal  
The timing for the instance u_l2_cache/gen_data_way[15].gen_data_bank[2].data_mem_bank_reg_bram_6, implemented as a RAM block, might be sub-optimal as no output register was merged into the block.
Related violations: <none>

SYNTH-6#214 Warning
Timing of a RAM block might be sub-optimal  
The timing for the instance u_l2_cache/gen_data_way[15].gen_data_bank[2].data_mem_bank_reg_bram_7, implemented as a RAM block, might be sub-optimal as no output register was merged into the block.
Related violations: <none>

SYNTH-6#215 Warning
Timing of a RAM block might be sub-optimal  
The timing for the instance u_l2_cache/gen_data_way[15].gen_data_bank[3].data_mem_bank_reg_bram_3, implemented as a RAM block, might be sub-optimal as no output register was merged into the block.
Related violations: <none>

SYNTH-6#216 Warning
Timing of a RAM block might be sub-optimal  
The timing for the instance u_l2_cache/gen_data_way[15].gen_data_bank[3].data_mem_bank_reg_bram_5, implemented as a RAM block, might be sub-optimal as no output register was merged into the block.
Related violations: <none>

SYNTH-6#217 Warning
Timing of a RAM block might be sub-optimal  
The timing for the instance u_l2_cache/gen_data_way[15].gen_data_bank[3].data_mem_bank_reg_bram_6, implemented as a RAM block, might be sub-optimal as no output register was merged into the block.
Related violations: <none>

SYNTH-6#218 Warning
Timing of a RAM block might be sub-optimal  
The timing for the instance u_l2_cache/gen_data_way[15].gen_data_bank[3].data_mem_bank_reg_bram_7, implemented as a RAM block, might be sub-optimal as no output register was merged into the block.
Related violations: <none>

SYNTH-6#219 Warning
Timing of a RAM block might be sub-optimal  
The timing for the instance u_l2_cache/gen_data_way[15].gen_data_bank[4].data_mem_bank_reg_bram_3, implemented as a RAM block, might be sub-optimal as no output register was merged into the block.
Related violations: <none>

SYNTH-6#220 Warning
Timing of a RAM block might be sub-optimal  
The timing for the instance u_l2_cache/gen_data_way[15].gen_data_bank[4].data_mem_bank_reg_bram_5, implemented as a RAM block, might be sub-optimal as no output register was merged into the block.
Related violations: <none>

SYNTH-6#221 Warning
Timing of a RAM block might be sub-optimal  
The timing for the instance u_l2_cache/gen_data_way[15].gen_data_bank[4].data_mem_bank_reg_bram_6, implemented as a RAM block, might be sub-optimal as no output register was merged into the block.
Related violations: <none>

SYNTH-6#222 Warning
Timing of a RAM block might be sub-optimal  
The timing for the instance u_l2_cache/gen_data_way[15].gen_data_bank[4].data_mem_bank_reg_bram_7, implemented as a RAM block, might be sub-optimal as no output register was merged into the block.
Related violations: <none>

SYNTH-6#223 Warning
Timing of a RAM block might be sub-optimal  
The timing for the instance u_l2_cache/gen_data_way[15].gen_data_bank[5].data_mem_bank_reg_bram_3, implemented as a RAM block, might be sub-optimal as no output register was merged into the block.
Related violations: <none>

SYNTH-6#224 Warning
Timing of a RAM block might be sub-optimal  
The timing for the instance u_l2_cache/gen_data_way[15].gen_data_bank[5].data_mem_bank_reg_bram_5, implemented as a RAM block, might be sub-optimal as no output register was merged into the block.
Related violations: <none>

SYNTH-6#225 Warning
Timing of a RAM block might be sub-optimal  
The timing for the instance u_l2_cache/gen_data_way[15].gen_data_bank[5].data_mem_bank_reg_bram_6, implemented as a RAM block, might be sub-optimal as no output register was merged into the block.
Related violations: <none>

SYNTH-6#226 Warning
Timing of a RAM block might be sub-optimal  
The timing for the instance u_l2_cache/gen_data_way[15].gen_data_bank[5].data_mem_bank_reg_bram_7, implemented as a RAM block, might be sub-optimal as no output register was merged into the block.
Related violations: <none>

SYNTH-6#227 Warning
Timing of a RAM block might be sub-optimal  
The timing for the instance u_l2_cache/gen_data_way[15].gen_data_bank[6].data_mem_bank_reg_bram_3, implemented as a RAM block, might be sub-optimal as no output register was merged into the block.
Related violations: <none>

SYNTH-6#228 Warning
Timing of a RAM block might be sub-optimal  
The timing for the instance u_l2_cache/gen_data_way[15].gen_data_bank[6].data_mem_bank_reg_bram_5, implemented as a RAM block, might be sub-optimal as no output register was merged into the block.
Related violations: <none>

SYNTH-6#229 Warning
Timing of a RAM block might be sub-optimal  
The timing for the instance u_l2_cache/gen_data_way[15].gen_data_bank[6].data_mem_bank_reg_bram_6, implemented as a RAM block, might be sub-optimal as no output register was merged into the block.
Related violations: <none>

SYNTH-6#230 Warning
Timing of a RAM block might be sub-optimal  
The timing for the instance u_l2_cache/gen_data_way[15].gen_data_bank[6].data_mem_bank_reg_bram_7, implemented as a RAM block, might be sub-optimal as no output register was merged into the block.
Related violations: <none>

SYNTH-6#231 Warning
Timing of a RAM block might be sub-optimal  
The timing for the instance u_l2_cache/gen_data_way[15].gen_data_bank[7].data_mem_bank_reg_bram_3, implemented as a RAM block, might be sub-optimal as no output register was merged into the block.
Related violations: <none>

SYNTH-6#232 Warning
Timing of a RAM block might be sub-optimal  
The timing for the instance u_l2_cache/gen_data_way[15].gen_data_bank[7].data_mem_bank_reg_bram_5, implemented as a RAM block, might be sub-optimal as no output register was merged into the block.
Related violations: <none>

SYNTH-6#233 Warning
Timing of a RAM block might be sub-optimal  
The timing for the instance u_l2_cache/gen_data_way[15].gen_data_bank[7].data_mem_bank_reg_bram_6, implemented as a RAM block, might be sub-optimal as no output register was merged into the block.
Related violations: <none>

SYNTH-6#234 Warning
Timing of a RAM block might be sub-optimal  
The timing for the instance u_l2_cache/gen_data_way[15].gen_data_bank[7].data_mem_bank_reg_bram_7, implemented as a RAM block, might be sub-optimal as no output register was merged into the block.
Related violations: <none>

SYNTH-6#235 Warning
Timing of a RAM block might be sub-optimal  
The timing for the instance u_l2_cache/gen_data_way[1].gen_data_bank[0].data_mem_bank_reg_bram_3, implemented as a RAM block, might be sub-optimal as no output register was merged into the block.
Related violations: <none>

SYNTH-6#236 Warning
Timing of a RAM block might be sub-optimal  
The timing for the instance u_l2_cache/gen_data_way[1].gen_data_bank[0].data_mem_bank_reg_bram_5, implemented as a RAM block, might be sub-optimal as no output register was merged into the block.
Related violations: <none>

SYNTH-6#237 Warning
Timing of a RAM block might be sub-optimal  
The timing for the instance u_l2_cache/gen_data_way[1].gen_data_bank[0].data_mem_bank_reg_bram_6, implemented as a RAM block, might be sub-optimal as no output register was merged into the block.
Related violations: <none>

SYNTH-6#238 Warning
Timing of a RAM block might be sub-optimal  
The timing for the instance u_l2_cache/gen_data_way[1].gen_data_bank[0].data_mem_bank_reg_bram_7, implemented as a RAM block, might be sub-optimal as no output register was merged into the block.
Related violations: <none>

SYNTH-6#239 Warning
Timing of a RAM block might be sub-optimal  
The timing for the instance u_l2_cache/gen_data_way[1].gen_data_bank[1].data_mem_bank_reg_bram_3, implemented as a RAM block, might be sub-optimal as no output register was merged into the block.
Related violations: <none>

SYNTH-6#240 Warning
Timing of a RAM block might be sub-optimal  
The timing for the instance u_l2_cache/gen_data_way[1].gen_data_bank[1].data_mem_bank_reg_bram_5, implemented as a RAM block, might be sub-optimal as no output register was merged into the block.
Related violations: <none>

SYNTH-6#241 Warning
Timing of a RAM block might be sub-optimal  
The timing for the instance u_l2_cache/gen_data_way[1].gen_data_bank[1].data_mem_bank_reg_bram_6, implemented as a RAM block, might be sub-optimal as no output register was merged into the block.
Related violations: <none>

SYNTH-6#242 Warning
Timing of a RAM block might be sub-optimal  
The timing for the instance u_l2_cache/gen_data_way[1].gen_data_bank[1].data_mem_bank_reg_bram_7, implemented as a RAM block, might be sub-optimal as no output register was merged into the block.
Related violations: <none>

SYNTH-6#243 Warning
Timing of a RAM block might be sub-optimal  
The timing for the instance u_l2_cache/gen_data_way[1].gen_data_bank[2].data_mem_bank_reg_bram_3, implemented as a RAM block, might be sub-optimal as no output register was merged into the block.
Related violations: <none>

SYNTH-6#244 Warning
Timing of a RAM block might be sub-optimal  
The timing for the instance u_l2_cache/gen_data_way[1].gen_data_bank[2].data_mem_bank_reg_bram_5, implemented as a RAM block, might be sub-optimal as no output register was merged into the block.
Related violations: <none>

SYNTH-6#245 Warning
Timing of a RAM block might be sub-optimal  
The timing for the instance u_l2_cache/gen_data_way[1].gen_data_bank[2].data_mem_bank_reg_bram_6, implemented as a RAM block, might be sub-optimal as no output register was merged into the block.
Related violations: <none>

SYNTH-6#246 Warning
Timing of a RAM block might be sub-optimal  
The timing for the instance u_l2_cache/gen_data_way[1].gen_data_bank[2].data_mem_bank_reg_bram_7, implemented as a RAM block, might be sub-optimal as no output register was merged into the block.
Related violations: <none>

SYNTH-6#247 Warning
Timing of a RAM block might be sub-optimal  
The timing for the instance u_l2_cache/gen_data_way[1].gen_data_bank[3].data_mem_bank_reg_bram_3, implemented as a RAM block, might be sub-optimal as no output register was merged into the block.
Related violations: <none>

SYNTH-6#248 Warning
Timing of a RAM block might be sub-optimal  
The timing for the instance u_l2_cache/gen_data_way[1].gen_data_bank[3].data_mem_bank_reg_bram_5, implemented as a RAM block, might be sub-optimal as no output register was merged into the block.
Related violations: <none>

SYNTH-6#249 Warning
Timing of a RAM block might be sub-optimal  
The timing for the instance u_l2_cache/gen_data_way[1].gen_data_bank[3].data_mem_bank_reg_bram_6, implemented as a RAM block, might be sub-optimal as no output register was merged into the block.
Related violations: <none>

SYNTH-6#250 Warning
Timing of a RAM block might be sub-optimal  
The timing for the instance u_l2_cache/gen_data_way[1].gen_data_bank[3].data_mem_bank_reg_bram_7, implemented as a RAM block, might be sub-optimal as no output register was merged into the block.
Related violations: <none>

SYNTH-6#251 Warning
Timing of a RAM block might be sub-optimal  
The timing for the instance u_l2_cache/gen_data_way[1].gen_data_bank[4].data_mem_bank_reg_bram_3, implemented as a RAM block, might be sub-optimal as no output register was merged into the block.
Related violations: <none>

SYNTH-6#252 Warning
Timing of a RAM block might be sub-optimal  
The timing for the instance u_l2_cache/gen_data_way[1].gen_data_bank[4].data_mem_bank_reg_bram_5, implemented as a RAM block, might be sub-optimal as no output register was merged into the block.
Related violations: <none>

SYNTH-6#253 Warning
Timing of a RAM block might be sub-optimal  
The timing for the instance u_l2_cache/gen_data_way[1].gen_data_bank[4].data_mem_bank_reg_bram_6, implemented as a RAM block, might be sub-optimal as no output register was merged into the block.
Related violations: <none>

SYNTH-6#254 Warning
Timing of a RAM block might be sub-optimal  
The timing for the instance u_l2_cache/gen_data_way[1].gen_data_bank[4].data_mem_bank_reg_bram_7, implemented as a RAM block, might be sub-optimal as no output register was merged into the block.
Related violations: <none>

SYNTH-6#255 Warning
Timing of a RAM block might be sub-optimal  
The timing for the instance u_l2_cache/gen_data_way[1].gen_data_bank[5].data_mem_bank_reg_bram_3, implemented as a RAM block, might be sub-optimal as no output register was merged into the block.
Related violations: <none>

SYNTH-6#256 Warning
Timing of a RAM block might be sub-optimal  
The timing for the instance u_l2_cache/gen_data_way[1].gen_data_bank[5].data_mem_bank_reg_bram_5, implemented as a RAM block, might be sub-optimal as no output register was merged into the block.
Related violations: <none>

SYNTH-6#257 Warning
Timing of a RAM block might be sub-optimal  
The timing for the instance u_l2_cache/gen_data_way[1].gen_data_bank[5].data_mem_bank_reg_bram_6, implemented as a RAM block, might be sub-optimal as no output register was merged into the block.
Related violations: <none>

SYNTH-6#258 Warning
Timing of a RAM block might be sub-optimal  
The timing for the instance u_l2_cache/gen_data_way[1].gen_data_bank[5].data_mem_bank_reg_bram_7, implemented as a RAM block, might be sub-optimal as no output register was merged into the block.
Related violations: <none>

SYNTH-6#259 Warning
Timing of a RAM block might be sub-optimal  
The timing for the instance u_l2_cache/gen_data_way[1].gen_data_bank[6].data_mem_bank_reg_bram_3, implemented as a RAM block, might be sub-optimal as no output register was merged into the block.
Related violations: <none>

SYNTH-6#260 Warning
Timing of a RAM block might be sub-optimal  
The timing for the instance u_l2_cache/gen_data_way[1].gen_data_bank[6].data_mem_bank_reg_bram_5, implemented as a RAM block, might be sub-optimal as no output register was merged into the block.
Related violations: <none>

SYNTH-6#261 Warning
Timing of a RAM block might be sub-optimal  
The timing for the instance u_l2_cache/gen_data_way[1].gen_data_bank[6].data_mem_bank_reg_bram_6, implemented as a RAM block, might be sub-optimal as no output register was merged into the block.
Related violations: <none>

SYNTH-6#262 Warning
Timing of a RAM block might be sub-optimal  
The timing for the instance u_l2_cache/gen_data_way[1].gen_data_bank[6].data_mem_bank_reg_bram_7, implemented as a RAM block, might be sub-optimal as no output register was merged into the block.
Related violations: <none>

SYNTH-6#263 Warning
Timing of a RAM block might be sub-optimal  
The timing for the instance u_l2_cache/gen_data_way[1].gen_data_bank[7].data_mem_bank_reg_bram_3, implemented as a RAM block, might be sub-optimal as no output register was merged into the block.
Related violations: <none>

SYNTH-6#264 Warning
Timing of a RAM block might be sub-optimal  
The timing for the instance u_l2_cache/gen_data_way[1].gen_data_bank[7].data_mem_bank_reg_bram_5, implemented as a RAM block, might be sub-optimal as no output register was merged into the block.
Related violations: <none>

SYNTH-6#265 Warning
Timing of a RAM block might be sub-optimal  
The timing for the instance u_l2_cache/gen_data_way[1].gen_data_bank[7].data_mem_bank_reg_bram_6, implemented as a RAM block, might be sub-optimal as no output register was merged into the block.
Related violations: <none>

SYNTH-6#266 Warning
Timing of a RAM block might be sub-optimal  
The timing for the instance u_l2_cache/gen_data_way[1].gen_data_bank[7].data_mem_bank_reg_bram_7, implemented as a RAM block, might be sub-optimal as no output register was merged into the block.
Related violations: <none>

SYNTH-6#267 Warning
Timing of a RAM block might be sub-optimal  
The timing for the instance u_l2_cache/gen_data_way[2].gen_data_bank[0].data_mem_bank_reg_bram_3, implemented as a RAM block, might be sub-optimal as no output register was merged into the block.
Related violations: <none>

SYNTH-6#268 Warning
Timing of a RAM block might be sub-optimal  
The timing for the instance u_l2_cache/gen_data_way[2].gen_data_bank[0].data_mem_bank_reg_bram_5, implemented as a RAM block, might be sub-optimal as no output register was merged into the block.
Related violations: <none>

SYNTH-6#269 Warning
Timing of a RAM block might be sub-optimal  
The timing for the instance u_l2_cache/gen_data_way[2].gen_data_bank[0].data_mem_bank_reg_bram_6, implemented as a RAM block, might be sub-optimal as no output register was merged into the block.
Related violations: <none>

SYNTH-6#270 Warning
Timing of a RAM block might be sub-optimal  
The timing for the instance u_l2_cache/gen_data_way[2].gen_data_bank[0].data_mem_bank_reg_bram_7, implemented as a RAM block, might be sub-optimal as no output register was merged into the block.
Related violations: <none>

SYNTH-6#271 Warning
Timing of a RAM block might be sub-optimal  
The timing for the instance u_l2_cache/gen_data_way[2].gen_data_bank[1].data_mem_bank_reg_bram_3, implemented as a RAM block, might be sub-optimal as no output register was merged into the block.
Related violations: <none>

SYNTH-6#272 Warning
Timing of a RAM block might be sub-optimal  
The timing for the instance u_l2_cache/gen_data_way[2].gen_data_bank[1].data_mem_bank_reg_bram_5, implemented as a RAM block, might be sub-optimal as no output register was merged into the block.
Related violations: <none>

SYNTH-6#273 Warning
Timing of a RAM block might be sub-optimal  
The timing for the instance u_l2_cache/gen_data_way[2].gen_data_bank[1].data_mem_bank_reg_bram_6, implemented as a RAM block, might be sub-optimal as no output register was merged into the block.
Related violations: <none>

SYNTH-6#274 Warning
Timing of a RAM block might be sub-optimal  
The timing for the instance u_l2_cache/gen_data_way[2].gen_data_bank[1].data_mem_bank_reg_bram_7, implemented as a RAM block, might be sub-optimal as no output register was merged into the block.
Related violations: <none>

SYNTH-6#275 Warning
Timing of a RAM block might be sub-optimal  
The timing for the instance u_l2_cache/gen_data_way[2].gen_data_bank[2].data_mem_bank_reg_bram_3, implemented as a RAM block, might be sub-optimal as no output register was merged into the block.
Related violations: <none>

SYNTH-6#276 Warning
Timing of a RAM block might be sub-optimal  
The timing for the instance u_l2_cache/gen_data_way[2].gen_data_bank[2].data_mem_bank_reg_bram_5, implemented as a RAM block, might be sub-optimal as no output register was merged into the block.
Related violations: <none>

SYNTH-6#277 Warning
Timing of a RAM block might be sub-optimal  
The timing for the instance u_l2_cache/gen_data_way[2].gen_data_bank[2].data_mem_bank_reg_bram_6, implemented as a RAM block, might be sub-optimal as no output register was merged into the block.
Related violations: <none>

SYNTH-6#278 Warning
Timing of a RAM block might be sub-optimal  
The timing for the instance u_l2_cache/gen_data_way[2].gen_data_bank[2].data_mem_bank_reg_bram_7, implemented as a RAM block, might be sub-optimal as no output register was merged into the block.
Related violations: <none>

SYNTH-6#279 Warning
Timing of a RAM block might be sub-optimal  
The timing for the instance u_l2_cache/gen_data_way[2].gen_data_bank[3].data_mem_bank_reg_bram_3, implemented as a RAM block, might be sub-optimal as no output register was merged into the block.
Related violations: <none>

SYNTH-6#280 Warning
Timing of a RAM block might be sub-optimal  
The timing for the instance u_l2_cache/gen_data_way[2].gen_data_bank[3].data_mem_bank_reg_bram_5, implemented as a RAM block, might be sub-optimal as no output register was merged into the block.
Related violations: <none>

SYNTH-6#281 Warning
Timing of a RAM block might be sub-optimal  
The timing for the instance u_l2_cache/gen_data_way[2].gen_data_bank[3].data_mem_bank_reg_bram_6, implemented as a RAM block, might be sub-optimal as no output register was merged into the block.
Related violations: <none>

SYNTH-6#282 Warning
Timing of a RAM block might be sub-optimal  
The timing for the instance u_l2_cache/gen_data_way[2].gen_data_bank[3].data_mem_bank_reg_bram_7, implemented as a RAM block, might be sub-optimal as no output register was merged into the block.
Related violations: <none>

SYNTH-6#283 Warning
Timing of a RAM block might be sub-optimal  
The timing for the instance u_l2_cache/gen_data_way[2].gen_data_bank[4].data_mem_bank_reg_bram_3, implemented as a RAM block, might be sub-optimal as no output register was merged into the block.
Related violations: <none>

SYNTH-6#284 Warning
Timing of a RAM block might be sub-optimal  
The timing for the instance u_l2_cache/gen_data_way[2].gen_data_bank[4].data_mem_bank_reg_bram_5, implemented as a RAM block, might be sub-optimal as no output register was merged into the block.
Related violations: <none>

SYNTH-6#285 Warning
Timing of a RAM block might be sub-optimal  
The timing for the instance u_l2_cache/gen_data_way[2].gen_data_bank[4].data_mem_bank_reg_bram_6, implemented as a RAM block, might be sub-optimal as no output register was merged into the block.
Related violations: <none>

SYNTH-6#286 Warning
Timing of a RAM block might be sub-optimal  
The timing for the instance u_l2_cache/gen_data_way[2].gen_data_bank[4].data_mem_bank_reg_bram_7, implemented as a RAM block, might be sub-optimal as no output register was merged into the block.
Related violations: <none>

SYNTH-6#287 Warning
Timing of a RAM block might be sub-optimal  
The timing for the instance u_l2_cache/gen_data_way[2].gen_data_bank[5].data_mem_bank_reg_bram_3, implemented as a RAM block, might be sub-optimal as no output register was merged into the block.
Related violations: <none>

SYNTH-6#288 Warning
Timing of a RAM block might be sub-optimal  
The timing for the instance u_l2_cache/gen_data_way[2].gen_data_bank[5].data_mem_bank_reg_bram_5, implemented as a RAM block, might be sub-optimal as no output register was merged into the block.
Related violations: <none>

SYNTH-6#289 Warning
Timing of a RAM block might be sub-optimal  
The timing for the instance u_l2_cache/gen_data_way[2].gen_data_bank[5].data_mem_bank_reg_bram_6, implemented as a RAM block, might be sub-optimal as no output register was merged into the block.
Related violations: <none>

SYNTH-6#290 Warning
Timing of a RAM block might be sub-optimal  
The timing for the instance u_l2_cache/gen_data_way[2].gen_data_bank[5].data_mem_bank_reg_bram_7, implemented as a RAM block, might be sub-optimal as no output register was merged into the block.
Related violations: <none>

SYNTH-6#291 Warning
Timing of a RAM block might be sub-optimal  
The timing for the instance u_l2_cache/gen_data_way[2].gen_data_bank[6].data_mem_bank_reg_bram_3, implemented as a RAM block, might be sub-optimal as no output register was merged into the block.
Related violations: <none>

SYNTH-6#292 Warning
Timing of a RAM block might be sub-optimal  
The timing for the instance u_l2_cache/gen_data_way[2].gen_data_bank[6].data_mem_bank_reg_bram_5, implemented as a RAM block, might be sub-optimal as no output register was merged into the block.
Related violations: <none>

SYNTH-6#293 Warning
Timing of a RAM block might be sub-optimal  
The timing for the instance u_l2_cache/gen_data_way[2].gen_data_bank[6].data_mem_bank_reg_bram_6, implemented as a RAM block, might be sub-optimal as no output register was merged into the block.
Related violations: <none>

SYNTH-6#294 Warning
Timing of a RAM block might be sub-optimal  
The timing for the instance u_l2_cache/gen_data_way[2].gen_data_bank[6].data_mem_bank_reg_bram_7, implemented as a RAM block, might be sub-optimal as no output register was merged into the block.
Related violations: <none>

SYNTH-6#295 Warning
Timing of a RAM block might be sub-optimal  
The timing for the instance u_l2_cache/gen_data_way[2].gen_data_bank[7].data_mem_bank_reg_bram_3, implemented as a RAM block, might be sub-optimal as no output register was merged into the block.
Related violations: <none>

SYNTH-6#296 Warning
Timing of a RAM block might be sub-optimal  
The timing for the instance u_l2_cache/gen_data_way[2].gen_data_bank[7].data_mem_bank_reg_bram_5, implemented as a RAM block, might be sub-optimal as no output register was merged into the block.
Related violations: <none>

SYNTH-6#297 Warning
Timing of a RAM block might be sub-optimal  
The timing for the instance u_l2_cache/gen_data_way[2].gen_data_bank[7].data_mem_bank_reg_bram_6, implemented as a RAM block, might be sub-optimal as no output register was merged into the block.
Related violations: <none>

SYNTH-6#298 Warning
Timing of a RAM block might be sub-optimal  
The timing for the instance u_l2_cache/gen_data_way[2].gen_data_bank[7].data_mem_bank_reg_bram_7, implemented as a RAM block, might be sub-optimal as no output register was merged into the block.
Related violations: <none>

SYNTH-6#299 Warning
Timing of a RAM block might be sub-optimal  
The timing for the instance u_l2_cache/gen_data_way[3].gen_data_bank[0].data_mem_bank_reg_bram_3, implemented as a RAM block, might be sub-optimal as no output register was merged into the block.
Related violations: <none>

SYNTH-6#300 Warning
Timing of a RAM block might be sub-optimal  
The timing for the instance u_l2_cache/gen_data_way[3].gen_data_bank[0].data_mem_bank_reg_bram_5, implemented as a RAM block, might be sub-optimal as no output register was merged into the block.
Related violations: <none>

SYNTH-6#301 Warning
Timing of a RAM block might be sub-optimal  
The timing for the instance u_l2_cache/gen_data_way[3].gen_data_bank[0].data_mem_bank_reg_bram_6, implemented as a RAM block, might be sub-optimal as no output register was merged into the block.
Related violations: <none>

SYNTH-6#302 Warning
Timing of a RAM block might be sub-optimal  
The timing for the instance u_l2_cache/gen_data_way[3].gen_data_bank[0].data_mem_bank_reg_bram_7, implemented as a RAM block, might be sub-optimal as no output register was merged into the block.
Related violations: <none>

SYNTH-6#303 Warning
Timing of a RAM block might be sub-optimal  
The timing for the instance u_l2_cache/gen_data_way[3].gen_data_bank[1].data_mem_bank_reg_bram_3, implemented as a RAM block, might be sub-optimal as no output register was merged into the block.
Related violations: <none>

SYNTH-6#304 Warning
Timing of a RAM block might be sub-optimal  
The timing for the instance u_l2_cache/gen_data_way[3].gen_data_bank[1].data_mem_bank_reg_bram_5, implemented as a RAM block, might be sub-optimal as no output register was merged into the block.
Related violations: <none>

SYNTH-6#305 Warning
Timing of a RAM block might be sub-optimal  
The timing for the instance u_l2_cache/gen_data_way[3].gen_data_bank[1].data_mem_bank_reg_bram_6, implemented as a RAM block, might be sub-optimal as no output register was merged into the block.
Related violations: <none>

SYNTH-6#306 Warning
Timing of a RAM block might be sub-optimal  
The timing for the instance u_l2_cache/gen_data_way[3].gen_data_bank[1].data_mem_bank_reg_bram_7, implemented as a RAM block, might be sub-optimal as no output register was merged into the block.
Related violations: <none>

SYNTH-6#307 Warning
Timing of a RAM block might be sub-optimal  
The timing for the instance u_l2_cache/gen_data_way[3].gen_data_bank[2].data_mem_bank_reg_bram_3, implemented as a RAM block, might be sub-optimal as no output register was merged into the block.
Related violations: <none>

SYNTH-6#308 Warning
Timing of a RAM block might be sub-optimal  
The timing for the instance u_l2_cache/gen_data_way[3].gen_data_bank[2].data_mem_bank_reg_bram_5, implemented as a RAM block, might be sub-optimal as no output register was merged into the block.
Related violations: <none>

SYNTH-6#309 Warning
Timing of a RAM block might be sub-optimal  
The timing for the instance u_l2_cache/gen_data_way[3].gen_data_bank[2].data_mem_bank_reg_bram_6, implemented as a RAM block, might be sub-optimal as no output register was merged into the block.
Related violations: <none>

SYNTH-6#310 Warning
Timing of a RAM block might be sub-optimal  
The timing for the instance u_l2_cache/gen_data_way[3].gen_data_bank[2].data_mem_bank_reg_bram_7, implemented as a RAM block, might be sub-optimal as no output register was merged into the block.
Related violations: <none>

SYNTH-6#311 Warning
Timing of a RAM block might be sub-optimal  
The timing for the instance u_l2_cache/gen_data_way[3].gen_data_bank[3].data_mem_bank_reg_bram_3, implemented as a RAM block, might be sub-optimal as no output register was merged into the block.
Related violations: <none>

SYNTH-6#312 Warning
Timing of a RAM block might be sub-optimal  
The timing for the instance u_l2_cache/gen_data_way[3].gen_data_bank[3].data_mem_bank_reg_bram_5, implemented as a RAM block, might be sub-optimal as no output register was merged into the block.
Related violations: <none>

SYNTH-6#313 Warning
Timing of a RAM block might be sub-optimal  
The timing for the instance u_l2_cache/gen_data_way[3].gen_data_bank[3].data_mem_bank_reg_bram_6, implemented as a RAM block, might be sub-optimal as no output register was merged into the block.
Related violations: <none>

SYNTH-6#314 Warning
Timing of a RAM block might be sub-optimal  
The timing for the instance u_l2_cache/gen_data_way[3].gen_data_bank[3].data_mem_bank_reg_bram_7, implemented as a RAM block, might be sub-optimal as no output register was merged into the block.
Related violations: <none>

SYNTH-6#315 Warning
Timing of a RAM block might be sub-optimal  
The timing for the instance u_l2_cache/gen_data_way[3].gen_data_bank[4].data_mem_bank_reg_bram_3, implemented as a RAM block, might be sub-optimal as no output register was merged into the block.
Related violations: <none>

SYNTH-6#316 Warning
Timing of a RAM block might be sub-optimal  
The timing for the instance u_l2_cache/gen_data_way[3].gen_data_bank[4].data_mem_bank_reg_bram_5, implemented as a RAM block, might be sub-optimal as no output register was merged into the block.
Related violations: <none>

SYNTH-6#317 Warning
Timing of a RAM block might be sub-optimal  
The timing for the instance u_l2_cache/gen_data_way[3].gen_data_bank[4].data_mem_bank_reg_bram_6, implemented as a RAM block, might be sub-optimal as no output register was merged into the block.
Related violations: <none>

SYNTH-6#318 Warning
Timing of a RAM block might be sub-optimal  
The timing for the instance u_l2_cache/gen_data_way[3].gen_data_bank[4].data_mem_bank_reg_bram_7, implemented as a RAM block, might be sub-optimal as no output register was merged into the block.
Related violations: <none>

SYNTH-6#319 Warning
Timing of a RAM block might be sub-optimal  
The timing for the instance u_l2_cache/gen_data_way[3].gen_data_bank[5].data_mem_bank_reg_bram_3, implemented as a RAM block, might be sub-optimal as no output register was merged into the block.
Related violations: <none>

SYNTH-6#320 Warning
Timing of a RAM block might be sub-optimal  
The timing for the instance u_l2_cache/gen_data_way[3].gen_data_bank[5].data_mem_bank_reg_bram_5, implemented as a RAM block, might be sub-optimal as no output register was merged into the block.
Related violations: <none>

SYNTH-6#321 Warning
Timing of a RAM block might be sub-optimal  
The timing for the instance u_l2_cache/gen_data_way[3].gen_data_bank[5].data_mem_bank_reg_bram_6, implemented as a RAM block, might be sub-optimal as no output register was merged into the block.
Related violations: <none>

SYNTH-6#322 Warning
Timing of a RAM block might be sub-optimal  
The timing for the instance u_l2_cache/gen_data_way[3].gen_data_bank[5].data_mem_bank_reg_bram_7, implemented as a RAM block, might be sub-optimal as no output register was merged into the block.
Related violations: <none>

SYNTH-6#323 Warning
Timing of a RAM block might be sub-optimal  
The timing for the instance u_l2_cache/gen_data_way[3].gen_data_bank[6].data_mem_bank_reg_bram_3, implemented as a RAM block, might be sub-optimal as no output register was merged into the block.
Related violations: <none>

SYNTH-6#324 Warning
Timing of a RAM block might be sub-optimal  
The timing for the instance u_l2_cache/gen_data_way[3].gen_data_bank[6].data_mem_bank_reg_bram_5, implemented as a RAM block, might be sub-optimal as no output register was merged into the block.
Related violations: <none>

SYNTH-6#325 Warning
Timing of a RAM block might be sub-optimal  
The timing for the instance u_l2_cache/gen_data_way[3].gen_data_bank[6].data_mem_bank_reg_bram_6, implemented as a RAM block, might be sub-optimal as no output register was merged into the block.
Related violations: <none>

SYNTH-6#326 Warning
Timing of a RAM block might be sub-optimal  
The timing for the instance u_l2_cache/gen_data_way[3].gen_data_bank[6].data_mem_bank_reg_bram_7, implemented as a RAM block, might be sub-optimal as no output register was merged into the block.
Related violations: <none>

SYNTH-6#327 Warning
Timing of a RAM block might be sub-optimal  
The timing for the instance u_l2_cache/gen_data_way[3].gen_data_bank[7].data_mem_bank_reg_bram_3, implemented as a RAM block, might be sub-optimal as no output register was merged into the block.
Related violations: <none>

SYNTH-6#328 Warning
Timing of a RAM block might be sub-optimal  
The timing for the instance u_l2_cache/gen_data_way[3].gen_data_bank[7].data_mem_bank_reg_bram_5, implemented as a RAM block, might be sub-optimal as no output register was merged into the block.
Related violations: <none>

SYNTH-6#329 Warning
Timing of a RAM block might be sub-optimal  
The timing for the instance u_l2_cache/gen_data_way[3].gen_data_bank[7].data_mem_bank_reg_bram_6, implemented as a RAM block, might be sub-optimal as no output register was merged into the block.
Related violations: <none>

SYNTH-6#330 Warning
Timing of a RAM block might be sub-optimal  
The timing for the instance u_l2_cache/gen_data_way[3].gen_data_bank[7].data_mem_bank_reg_bram_7, implemented as a RAM block, might be sub-optimal as no output register was merged into the block.
Related violations: <none>

SYNTH-6#331 Warning
Timing of a RAM block might be sub-optimal  
The timing for the instance u_l2_cache/gen_data_way[4].gen_data_bank[0].data_mem_bank_reg_bram_3, implemented as a RAM block, might be sub-optimal as no output register was merged into the block.
Related violations: <none>

SYNTH-6#332 Warning
Timing of a RAM block might be sub-optimal  
The timing for the instance u_l2_cache/gen_data_way[4].gen_data_bank[0].data_mem_bank_reg_bram_5, implemented as a RAM block, might be sub-optimal as no output register was merged into the block.
Related violations: <none>

SYNTH-6#333 Warning
Timing of a RAM block might be sub-optimal  
The timing for the instance u_l2_cache/gen_data_way[4].gen_data_bank[0].data_mem_bank_reg_bram_6, implemented as a RAM block, might be sub-optimal as no output register was merged into the block.
Related violations: <none>

SYNTH-6#334 Warning
Timing of a RAM block might be sub-optimal  
The timing for the instance u_l2_cache/gen_data_way[4].gen_data_bank[0].data_mem_bank_reg_bram_7, implemented as a RAM block, might be sub-optimal as no output register was merged into the block.
Related violations: <none>

SYNTH-6#335 Warning
Timing of a RAM block might be sub-optimal  
The timing for the instance u_l2_cache/gen_data_way[4].gen_data_bank[1].data_mem_bank_reg_bram_3, implemented as a RAM block, might be sub-optimal as no output register was merged into the block.
Related violations: <none>

SYNTH-6#336 Warning
Timing of a RAM block might be sub-optimal  
The timing for the instance u_l2_cache/gen_data_way[4].gen_data_bank[1].data_mem_bank_reg_bram_5, implemented as a RAM block, might be sub-optimal as no output register was merged into the block.
Related violations: <none>

SYNTH-6#337 Warning
Timing of a RAM block might be sub-optimal  
The timing for the instance u_l2_cache/gen_data_way[4].gen_data_bank[1].data_mem_bank_reg_bram_6, implemented as a RAM block, might be sub-optimal as no output register was merged into the block.
Related violations: <none>

SYNTH-6#338 Warning
Timing of a RAM block might be sub-optimal  
The timing for the instance u_l2_cache/gen_data_way[4].gen_data_bank[1].data_mem_bank_reg_bram_7, implemented as a RAM block, might be sub-optimal as no output register was merged into the block.
Related violations: <none>

SYNTH-6#339 Warning
Timing of a RAM block might be sub-optimal  
The timing for the instance u_l2_cache/gen_data_way[4].gen_data_bank[2].data_mem_bank_reg_bram_3, implemented as a RAM block, might be sub-optimal as no output register was merged into the block.
Related violations: <none>

SYNTH-6#340 Warning
Timing of a RAM block might be sub-optimal  
The timing for the instance u_l2_cache/gen_data_way[4].gen_data_bank[2].data_mem_bank_reg_bram_5, implemented as a RAM block, might be sub-optimal as no output register was merged into the block.
Related violations: <none>

SYNTH-6#341 Warning
Timing of a RAM block might be sub-optimal  
The timing for the instance u_l2_cache/gen_data_way[4].gen_data_bank[2].data_mem_bank_reg_bram_6, implemented as a RAM block, might be sub-optimal as no output register was merged into the block.
Related violations: <none>

SYNTH-6#342 Warning
Timing of a RAM block might be sub-optimal  
The timing for the instance u_l2_cache/gen_data_way[4].gen_data_bank[2].data_mem_bank_reg_bram_7, implemented as a RAM block, might be sub-optimal as no output register was merged into the block.
Related violations: <none>

SYNTH-6#343 Warning
Timing of a RAM block might be sub-optimal  
The timing for the instance u_l2_cache/gen_data_way[4].gen_data_bank[3].data_mem_bank_reg_bram_3, implemented as a RAM block, might be sub-optimal as no output register was merged into the block.
Related violations: <none>

SYNTH-6#344 Warning
Timing of a RAM block might be sub-optimal  
The timing for the instance u_l2_cache/gen_data_way[4].gen_data_bank[3].data_mem_bank_reg_bram_5, implemented as a RAM block, might be sub-optimal as no output register was merged into the block.
Related violations: <none>

SYNTH-6#345 Warning
Timing of a RAM block might be sub-optimal  
The timing for the instance u_l2_cache/gen_data_way[4].gen_data_bank[3].data_mem_bank_reg_bram_6, implemented as a RAM block, might be sub-optimal as no output register was merged into the block.
Related violations: <none>

SYNTH-6#346 Warning
Timing of a RAM block might be sub-optimal  
The timing for the instance u_l2_cache/gen_data_way[4].gen_data_bank[3].data_mem_bank_reg_bram_7, implemented as a RAM block, might be sub-optimal as no output register was merged into the block.
Related violations: <none>

SYNTH-6#347 Warning
Timing of a RAM block might be sub-optimal  
The timing for the instance u_l2_cache/gen_data_way[4].gen_data_bank[4].data_mem_bank_reg_bram_3, implemented as a RAM block, might be sub-optimal as no output register was merged into the block.
Related violations: <none>

SYNTH-6#348 Warning
Timing of a RAM block might be sub-optimal  
The timing for the instance u_l2_cache/gen_data_way[4].gen_data_bank[4].data_mem_bank_reg_bram_5, implemented as a RAM block, might be sub-optimal as no output register was merged into the block.
Related violations: <none>

SYNTH-6#349 Warning
Timing of a RAM block might be sub-optimal  
The timing for the instance u_l2_cache/gen_data_way[4].gen_data_bank[4].data_mem_bank_reg_bram_6, implemented as a RAM block, might be sub-optimal as no output register was merged into the block.
Related violations: <none>

SYNTH-6#350 Warning
Timing of a RAM block might be sub-optimal  
The timing for the instance u_l2_cache/gen_data_way[4].gen_data_bank[4].data_mem_bank_reg_bram_7, implemented as a RAM block, might be sub-optimal as no output register was merged into the block.
Related violations: <none>

SYNTH-6#351 Warning
Timing of a RAM block might be sub-optimal  
The timing for the instance u_l2_cache/gen_data_way[4].gen_data_bank[5].data_mem_bank_reg_bram_3, implemented as a RAM block, might be sub-optimal as no output register was merged into the block.
Related violations: <none>

SYNTH-6#352 Warning
Timing of a RAM block might be sub-optimal  
The timing for the instance u_l2_cache/gen_data_way[4].gen_data_bank[5].data_mem_bank_reg_bram_5, implemented as a RAM block, might be sub-optimal as no output register was merged into the block.
Related violations: <none>

SYNTH-6#353 Warning
Timing of a RAM block might be sub-optimal  
The timing for the instance u_l2_cache/gen_data_way[4].gen_data_bank[5].data_mem_bank_reg_bram_6, implemented as a RAM block, might be sub-optimal as no output register was merged into the block.
Related violations: <none>

SYNTH-6#354 Warning
Timing of a RAM block might be sub-optimal  
The timing for the instance u_l2_cache/gen_data_way[4].gen_data_bank[5].data_mem_bank_reg_bram_7, implemented as a RAM block, might be sub-optimal as no output register was merged into the block.
Related violations: <none>

SYNTH-6#355 Warning
Timing of a RAM block might be sub-optimal  
The timing for the instance u_l2_cache/gen_data_way[4].gen_data_bank[6].data_mem_bank_reg_bram_3, implemented as a RAM block, might be sub-optimal as no output register was merged into the block.
Related violations: <none>

SYNTH-6#356 Warning
Timing of a RAM block might be sub-optimal  
The timing for the instance u_l2_cache/gen_data_way[4].gen_data_bank[6].data_mem_bank_reg_bram_5, implemented as a RAM block, might be sub-optimal as no output register was merged into the block.
Related violations: <none>

SYNTH-6#357 Warning
Timing of a RAM block might be sub-optimal  
The timing for the instance u_l2_cache/gen_data_way[4].gen_data_bank[6].data_mem_bank_reg_bram_6, implemented as a RAM block, might be sub-optimal as no output register was merged into the block.
Related violations: <none>

SYNTH-6#358 Warning
Timing of a RAM block might be sub-optimal  
The timing for the instance u_l2_cache/gen_data_way[4].gen_data_bank[6].data_mem_bank_reg_bram_7, implemented as a RAM block, might be sub-optimal as no output register was merged into the block.
Related violations: <none>

SYNTH-6#359 Warning
Timing of a RAM block might be sub-optimal  
The timing for the instance u_l2_cache/gen_data_way[4].gen_data_bank[7].data_mem_bank_reg_bram_3, implemented as a RAM block, might be sub-optimal as no output register was merged into the block.
Related violations: <none>

SYNTH-6#360 Warning
Timing of a RAM block might be sub-optimal  
The timing for the instance u_l2_cache/gen_data_way[4].gen_data_bank[7].data_mem_bank_reg_bram_5, implemented as a RAM block, might be sub-optimal as no output register was merged into the block.
Related violations: <none>

SYNTH-6#361 Warning
Timing of a RAM block might be sub-optimal  
The timing for the instance u_l2_cache/gen_data_way[4].gen_data_bank[7].data_mem_bank_reg_bram_6, implemented as a RAM block, might be sub-optimal as no output register was merged into the block.
Related violations: <none>

SYNTH-6#362 Warning
Timing of a RAM block might be sub-optimal  
The timing for the instance u_l2_cache/gen_data_way[4].gen_data_bank[7].data_mem_bank_reg_bram_7, implemented as a RAM block, might be sub-optimal as no output register was merged into the block.
Related violations: <none>

SYNTH-6#363 Warning
Timing of a RAM block might be sub-optimal  
The timing for the instance u_l2_cache/gen_data_way[5].gen_data_bank[0].data_mem_bank_reg_bram_3, implemented as a RAM block, might be sub-optimal as no output register was merged into the block.
Related violations: <none>

SYNTH-6#364 Warning
Timing of a RAM block might be sub-optimal  
The timing for the instance u_l2_cache/gen_data_way[5].gen_data_bank[0].data_mem_bank_reg_bram_5, implemented as a RAM block, might be sub-optimal as no output register was merged into the block.
Related violations: <none>

SYNTH-6#365 Warning
Timing of a RAM block might be sub-optimal  
The timing for the instance u_l2_cache/gen_data_way[5].gen_data_bank[0].data_mem_bank_reg_bram_6, implemented as a RAM block, might be sub-optimal as no output register was merged into the block.
Related violations: <none>

SYNTH-6#366 Warning
Timing of a RAM block might be sub-optimal  
The timing for the instance u_l2_cache/gen_data_way[5].gen_data_bank[0].data_mem_bank_reg_bram_7, implemented as a RAM block, might be sub-optimal as no output register was merged into the block.
Related violations: <none>

SYNTH-6#367 Warning
Timing of a RAM block might be sub-optimal  
The timing for the instance u_l2_cache/gen_data_way[5].gen_data_bank[1].data_mem_bank_reg_bram_3, implemented as a RAM block, might be sub-optimal as no output register was merged into the block.
Related violations: <none>

SYNTH-6#368 Warning
Timing of a RAM block might be sub-optimal  
The timing for the instance u_l2_cache/gen_data_way[5].gen_data_bank[1].data_mem_bank_reg_bram_5, implemented as a RAM block, might be sub-optimal as no output register was merged into the block.
Related violations: <none>

SYNTH-6#369 Warning
Timing of a RAM block might be sub-optimal  
The timing for the instance u_l2_cache/gen_data_way[5].gen_data_bank[1].data_mem_bank_reg_bram_6, implemented as a RAM block, might be sub-optimal as no output register was merged into the block.
Related violations: <none>

SYNTH-6#370 Warning
Timing of a RAM block might be sub-optimal  
The timing for the instance u_l2_cache/gen_data_way[5].gen_data_bank[1].data_mem_bank_reg_bram_7, implemented as a RAM block, might be sub-optimal as no output register was merged into the block.
Related violations: <none>

SYNTH-6#371 Warning
Timing of a RAM block might be sub-optimal  
The timing for the instance u_l2_cache/gen_data_way[5].gen_data_bank[2].data_mem_bank_reg_bram_3, implemented as a RAM block, might be sub-optimal as no output register was merged into the block.
Related violations: <none>

SYNTH-6#372 Warning
Timing of a RAM block might be sub-optimal  
The timing for the instance u_l2_cache/gen_data_way[5].gen_data_bank[2].data_mem_bank_reg_bram_5, implemented as a RAM block, might be sub-optimal as no output register was merged into the block.
Related violations: <none>

SYNTH-6#373 Warning
Timing of a RAM block might be sub-optimal  
The timing for the instance u_l2_cache/gen_data_way[5].gen_data_bank[2].data_mem_bank_reg_bram_6, implemented as a RAM block, might be sub-optimal as no output register was merged into the block.
Related violations: <none>

SYNTH-6#374 Warning
Timing of a RAM block might be sub-optimal  
The timing for the instance u_l2_cache/gen_data_way[5].gen_data_bank[2].data_mem_bank_reg_bram_7, implemented as a RAM block, might be sub-optimal as no output register was merged into the block.
Related violations: <none>

SYNTH-6#375 Warning
Timing of a RAM block might be sub-optimal  
The timing for the instance u_l2_cache/gen_data_way[5].gen_data_bank[3].data_mem_bank_reg_bram_3, implemented as a RAM block, might be sub-optimal as no output register was merged into the block.
Related violations: <none>

SYNTH-6#376 Warning
Timing of a RAM block might be sub-optimal  
The timing for the instance u_l2_cache/gen_data_way[5].gen_data_bank[3].data_mem_bank_reg_bram_5, implemented as a RAM block, might be sub-optimal as no output register was merged into the block.
Related violations: <none>

SYNTH-6#377 Warning
Timing of a RAM block might be sub-optimal  
The timing for the instance u_l2_cache/gen_data_way[5].gen_data_bank[3].data_mem_bank_reg_bram_6, implemented as a RAM block, might be sub-optimal as no output register was merged into the block.
Related violations: <none>

SYNTH-6#378 Warning
Timing of a RAM block might be sub-optimal  
The timing for the instance u_l2_cache/gen_data_way[5].gen_data_bank[3].data_mem_bank_reg_bram_7, implemented as a RAM block, might be sub-optimal as no output register was merged into the block.
Related violations: <none>

SYNTH-6#379 Warning
Timing of a RAM block might be sub-optimal  
The timing for the instance u_l2_cache/gen_data_way[5].gen_data_bank[4].data_mem_bank_reg_bram_3, implemented as a RAM block, might be sub-optimal as no output register was merged into the block.
Related violations: <none>

SYNTH-6#380 Warning
Timing of a RAM block might be sub-optimal  
The timing for the instance u_l2_cache/gen_data_way[5].gen_data_bank[4].data_mem_bank_reg_bram_5, implemented as a RAM block, might be sub-optimal as no output register was merged into the block.
Related violations: <none>

SYNTH-6#381 Warning
Timing of a RAM block might be sub-optimal  
The timing for the instance u_l2_cache/gen_data_way[5].gen_data_bank[4].data_mem_bank_reg_bram_6, implemented as a RAM block, might be sub-optimal as no output register was merged into the block.
Related violations: <none>

SYNTH-6#382 Warning
Timing of a RAM block might be sub-optimal  
The timing for the instance u_l2_cache/gen_data_way[5].gen_data_bank[4].data_mem_bank_reg_bram_7, implemented as a RAM block, might be sub-optimal as no output register was merged into the block.
Related violations: <none>

SYNTH-6#383 Warning
Timing of a RAM block might be sub-optimal  
The timing for the instance u_l2_cache/gen_data_way[5].gen_data_bank[5].data_mem_bank_reg_bram_3, implemented as a RAM block, might be sub-optimal as no output register was merged into the block.
Related violations: <none>

SYNTH-6#384 Warning
Timing of a RAM block might be sub-optimal  
The timing for the instance u_l2_cache/gen_data_way[5].gen_data_bank[5].data_mem_bank_reg_bram_5, implemented as a RAM block, might be sub-optimal as no output register was merged into the block.
Related violations: <none>

SYNTH-6#385 Warning
Timing of a RAM block might be sub-optimal  
The timing for the instance u_l2_cache/gen_data_way[5].gen_data_bank[5].data_mem_bank_reg_bram_6, implemented as a RAM block, might be sub-optimal as no output register was merged into the block.
Related violations: <none>

SYNTH-6#386 Warning
Timing of a RAM block might be sub-optimal  
The timing for the instance u_l2_cache/gen_data_way[5].gen_data_bank[5].data_mem_bank_reg_bram_7, implemented as a RAM block, might be sub-optimal as no output register was merged into the block.
Related violations: <none>

SYNTH-6#387 Warning
Timing of a RAM block might be sub-optimal  
The timing for the instance u_l2_cache/gen_data_way[5].gen_data_bank[6].data_mem_bank_reg_bram_3, implemented as a RAM block, might be sub-optimal as no output register was merged into the block.
Related violations: <none>

SYNTH-6#388 Warning
Timing of a RAM block might be sub-optimal  
The timing for the instance u_l2_cache/gen_data_way[5].gen_data_bank[6].data_mem_bank_reg_bram_5, implemented as a RAM block, might be sub-optimal as no output register was merged into the block.
Related violations: <none>

SYNTH-6#389 Warning
Timing of a RAM block might be sub-optimal  
The timing for the instance u_l2_cache/gen_data_way[5].gen_data_bank[6].data_mem_bank_reg_bram_6, implemented as a RAM block, might be sub-optimal as no output register was merged into the block.
Related violations: <none>

SYNTH-6#390 Warning
Timing of a RAM block might be sub-optimal  
The timing for the instance u_l2_cache/gen_data_way[5].gen_data_bank[6].data_mem_bank_reg_bram_7, implemented as a RAM block, might be sub-optimal as no output register was merged into the block.
Related violations: <none>

SYNTH-6#391 Warning
Timing of a RAM block might be sub-optimal  
The timing for the instance u_l2_cache/gen_data_way[5].gen_data_bank[7].data_mem_bank_reg_bram_3, implemented as a RAM block, might be sub-optimal as no output register was merged into the block.
Related violations: <none>

SYNTH-6#392 Warning
Timing of a RAM block might be sub-optimal  
The timing for the instance u_l2_cache/gen_data_way[5].gen_data_bank[7].data_mem_bank_reg_bram_5, implemented as a RAM block, might be sub-optimal as no output register was merged into the block.
Related violations: <none>

SYNTH-6#393 Warning
Timing of a RAM block might be sub-optimal  
The timing for the instance u_l2_cache/gen_data_way[5].gen_data_bank[7].data_mem_bank_reg_bram_6, implemented as a RAM block, might be sub-optimal as no output register was merged into the block.
Related violations: <none>

SYNTH-6#394 Warning
Timing of a RAM block might be sub-optimal  
The timing for the instance u_l2_cache/gen_data_way[5].gen_data_bank[7].data_mem_bank_reg_bram_7, implemented as a RAM block, might be sub-optimal as no output register was merged into the block.
Related violations: <none>

SYNTH-6#395 Warning
Timing of a RAM block might be sub-optimal  
The timing for the instance u_l2_cache/gen_data_way[6].gen_data_bank[0].data_mem_bank_reg_bram_3, implemented as a RAM block, might be sub-optimal as no output register was merged into the block.
Related violations: <none>

SYNTH-6#396 Warning
Timing of a RAM block might be sub-optimal  
The timing for the instance u_l2_cache/gen_data_way[6].gen_data_bank[0].data_mem_bank_reg_bram_5, implemented as a RAM block, might be sub-optimal as no output register was merged into the block.
Related violations: <none>

SYNTH-6#397 Warning
Timing of a RAM block might be sub-optimal  
The timing for the instance u_l2_cache/gen_data_way[6].gen_data_bank[0].data_mem_bank_reg_bram_6, implemented as a RAM block, might be sub-optimal as no output register was merged into the block.
Related violations: <none>

SYNTH-6#398 Warning
Timing of a RAM block might be sub-optimal  
The timing for the instance u_l2_cache/gen_data_way[6].gen_data_bank[0].data_mem_bank_reg_bram_7, implemented as a RAM block, might be sub-optimal as no output register was merged into the block.
Related violations: <none>

SYNTH-6#399 Warning
Timing of a RAM block might be sub-optimal  
The timing for the instance u_l2_cache/gen_data_way[6].gen_data_bank[1].data_mem_bank_reg_bram_3, implemented as a RAM block, might be sub-optimal as no output register was merged into the block.
Related violations: <none>

SYNTH-6#400 Warning
Timing of a RAM block might be sub-optimal  
The timing for the instance u_l2_cache/gen_data_way[6].gen_data_bank[1].data_mem_bank_reg_bram_5, implemented as a RAM block, might be sub-optimal as no output register was merged into the block.
Related violations: <none>

SYNTH-6#401 Warning
Timing of a RAM block might be sub-optimal  
The timing for the instance u_l2_cache/gen_data_way[6].gen_data_bank[1].data_mem_bank_reg_bram_6, implemented as a RAM block, might be sub-optimal as no output register was merged into the block.
Related violations: <none>

SYNTH-6#402 Warning
Timing of a RAM block might be sub-optimal  
The timing for the instance u_l2_cache/gen_data_way[6].gen_data_bank[1].data_mem_bank_reg_bram_7, implemented as a RAM block, might be sub-optimal as no output register was merged into the block.
Related violations: <none>

SYNTH-6#403 Warning
Timing of a RAM block might be sub-optimal  
The timing for the instance u_l2_cache/gen_data_way[6].gen_data_bank[2].data_mem_bank_reg_bram_3, implemented as a RAM block, might be sub-optimal as no output register was merged into the block.
Related violations: <none>

SYNTH-6#404 Warning
Timing of a RAM block might be sub-optimal  
The timing for the instance u_l2_cache/gen_data_way[6].gen_data_bank[2].data_mem_bank_reg_bram_5, implemented as a RAM block, might be sub-optimal as no output register was merged into the block.
Related violations: <none>

SYNTH-6#405 Warning
Timing of a RAM block might be sub-optimal  
The timing for the instance u_l2_cache/gen_data_way[6].gen_data_bank[2].data_mem_bank_reg_bram_6, implemented as a RAM block, might be sub-optimal as no output register was merged into the block.
Related violations: <none>

SYNTH-6#406 Warning
Timing of a RAM block might be sub-optimal  
The timing for the instance u_l2_cache/gen_data_way[6].gen_data_bank[2].data_mem_bank_reg_bram_7, implemented as a RAM block, might be sub-optimal as no output register was merged into the block.
Related violations: <none>

SYNTH-6#407 Warning
Timing of a RAM block might be sub-optimal  
The timing for the instance u_l2_cache/gen_data_way[6].gen_data_bank[3].data_mem_bank_reg_bram_3, implemented as a RAM block, might be sub-optimal as no output register was merged into the block.
Related violations: <none>

SYNTH-6#408 Warning
Timing of a RAM block might be sub-optimal  
The timing for the instance u_l2_cache/gen_data_way[6].gen_data_bank[3].data_mem_bank_reg_bram_5, implemented as a RAM block, might be sub-optimal as no output register was merged into the block.
Related violations: <none>

SYNTH-6#409 Warning
Timing of a RAM block might be sub-optimal  
The timing for the instance u_l2_cache/gen_data_way[6].gen_data_bank[3].data_mem_bank_reg_bram_6, implemented as a RAM block, might be sub-optimal as no output register was merged into the block.
Related violations: <none>

SYNTH-6#410 Warning
Timing of a RAM block might be sub-optimal  
The timing for the instance u_l2_cache/gen_data_way[6].gen_data_bank[3].data_mem_bank_reg_bram_7, implemented as a RAM block, might be sub-optimal as no output register was merged into the block.
Related violations: <none>

SYNTH-6#411 Warning
Timing of a RAM block might be sub-optimal  
The timing for the instance u_l2_cache/gen_data_way[6].gen_data_bank[4].data_mem_bank_reg_bram_3, implemented as a RAM block, might be sub-optimal as no output register was merged into the block.
Related violations: <none>

SYNTH-6#412 Warning
Timing of a RAM block might be sub-optimal  
The timing for the instance u_l2_cache/gen_data_way[6].gen_data_bank[4].data_mem_bank_reg_bram_5, implemented as a RAM block, might be sub-optimal as no output register was merged into the block.
Related violations: <none>

SYNTH-6#413 Warning
Timing of a RAM block might be sub-optimal  
The timing for the instance u_l2_cache/gen_data_way[6].gen_data_bank[4].data_mem_bank_reg_bram_6, implemented as a RAM block, might be sub-optimal as no output register was merged into the block.
Related violations: <none>

SYNTH-6#414 Warning
Timing of a RAM block might be sub-optimal  
The timing for the instance u_l2_cache/gen_data_way[6].gen_data_bank[4].data_mem_bank_reg_bram_7, implemented as a RAM block, might be sub-optimal as no output register was merged into the block.
Related violations: <none>

SYNTH-6#415 Warning
Timing of a RAM block might be sub-optimal  
The timing for the instance u_l2_cache/gen_data_way[6].gen_data_bank[5].data_mem_bank_reg_bram_3, implemented as a RAM block, might be sub-optimal as no output register was merged into the block.
Related violations: <none>

SYNTH-6#416 Warning
Timing of a RAM block might be sub-optimal  
The timing for the instance u_l2_cache/gen_data_way[6].gen_data_bank[5].data_mem_bank_reg_bram_5, implemented as a RAM block, might be sub-optimal as no output register was merged into the block.
Related violations: <none>

SYNTH-6#417 Warning
Timing of a RAM block might be sub-optimal  
The timing for the instance u_l2_cache/gen_data_way[6].gen_data_bank[5].data_mem_bank_reg_bram_6, implemented as a RAM block, might be sub-optimal as no output register was merged into the block.
Related violations: <none>

SYNTH-6#418 Warning
Timing of a RAM block might be sub-optimal  
The timing for the instance u_l2_cache/gen_data_way[6].gen_data_bank[5].data_mem_bank_reg_bram_7, implemented as a RAM block, might be sub-optimal as no output register was merged into the block.
Related violations: <none>

SYNTH-6#419 Warning
Timing of a RAM block might be sub-optimal  
The timing for the instance u_l2_cache/gen_data_way[6].gen_data_bank[6].data_mem_bank_reg_bram_3, implemented as a RAM block, might be sub-optimal as no output register was merged into the block.
Related violations: <none>

SYNTH-6#420 Warning
Timing of a RAM block might be sub-optimal  
The timing for the instance u_l2_cache/gen_data_way[6].gen_data_bank[6].data_mem_bank_reg_bram_5, implemented as a RAM block, might be sub-optimal as no output register was merged into the block.
Related violations: <none>

SYNTH-6#421 Warning
Timing of a RAM block might be sub-optimal  
The timing for the instance u_l2_cache/gen_data_way[6].gen_data_bank[6].data_mem_bank_reg_bram_6, implemented as a RAM block, might be sub-optimal as no output register was merged into the block.
Related violations: <none>

SYNTH-6#422 Warning
Timing of a RAM block might be sub-optimal  
The timing for the instance u_l2_cache/gen_data_way[6].gen_data_bank[6].data_mem_bank_reg_bram_7, implemented as a RAM block, might be sub-optimal as no output register was merged into the block.
Related violations: <none>

SYNTH-6#423 Warning
Timing of a RAM block might be sub-optimal  
The timing for the instance u_l2_cache/gen_data_way[6].gen_data_bank[7].data_mem_bank_reg_bram_3, implemented as a RAM block, might be sub-optimal as no output register was merged into the block.
Related violations: <none>

SYNTH-6#424 Warning
Timing of a RAM block might be sub-optimal  
The timing for the instance u_l2_cache/gen_data_way[6].gen_data_bank[7].data_mem_bank_reg_bram_5, implemented as a RAM block, might be sub-optimal as no output register was merged into the block.
Related violations: <none>

SYNTH-6#425 Warning
Timing of a RAM block might be sub-optimal  
The timing for the instance u_l2_cache/gen_data_way[6].gen_data_bank[7].data_mem_bank_reg_bram_6, implemented as a RAM block, might be sub-optimal as no output register was merged into the block.
Related violations: <none>

SYNTH-6#426 Warning
Timing of a RAM block might be sub-optimal  
The timing for the instance u_l2_cache/gen_data_way[6].gen_data_bank[7].data_mem_bank_reg_bram_7, implemented as a RAM block, might be sub-optimal as no output register was merged into the block.
Related violations: <none>

SYNTH-6#427 Warning
Timing of a RAM block might be sub-optimal  
The timing for the instance u_l2_cache/gen_data_way[7].gen_data_bank[0].data_mem_bank_reg_bram_3, implemented as a RAM block, might be sub-optimal as no output register was merged into the block.
Related violations: <none>

SYNTH-6#428 Warning
Timing of a RAM block might be sub-optimal  
The timing for the instance u_l2_cache/gen_data_way[7].gen_data_bank[0].data_mem_bank_reg_bram_5, implemented as a RAM block, might be sub-optimal as no output register was merged into the block.
Related violations: <none>

SYNTH-6#429 Warning
Timing of a RAM block might be sub-optimal  
The timing for the instance u_l2_cache/gen_data_way[7].gen_data_bank[0].data_mem_bank_reg_bram_6, implemented as a RAM block, might be sub-optimal as no output register was merged into the block.
Related violations: <none>

SYNTH-6#430 Warning
Timing of a RAM block might be sub-optimal  
The timing for the instance u_l2_cache/gen_data_way[7].gen_data_bank[0].data_mem_bank_reg_bram_7, implemented as a RAM block, might be sub-optimal as no output register was merged into the block.
Related violations: <none>

SYNTH-6#431 Warning
Timing of a RAM block might be sub-optimal  
The timing for the instance u_l2_cache/gen_data_way[7].gen_data_bank[1].data_mem_bank_reg_bram_3, implemented as a RAM block, might be sub-optimal as no output register was merged into the block.
Related violations: <none>

SYNTH-6#432 Warning
Timing of a RAM block might be sub-optimal  
The timing for the instance u_l2_cache/gen_data_way[7].gen_data_bank[1].data_mem_bank_reg_bram_5, implemented as a RAM block, might be sub-optimal as no output register was merged into the block.
Related violations: <none>

SYNTH-6#433 Warning
Timing of a RAM block might be sub-optimal  
The timing for the instance u_l2_cache/gen_data_way[7].gen_data_bank[1].data_mem_bank_reg_bram_6, implemented as a RAM block, might be sub-optimal as no output register was merged into the block.
Related violations: <none>

SYNTH-6#434 Warning
Timing of a RAM block might be sub-optimal  
The timing for the instance u_l2_cache/gen_data_way[7].gen_data_bank[1].data_mem_bank_reg_bram_7, implemented as a RAM block, might be sub-optimal as no output register was merged into the block.
Related violations: <none>

SYNTH-6#435 Warning
Timing of a RAM block might be sub-optimal  
The timing for the instance u_l2_cache/gen_data_way[7].gen_data_bank[2].data_mem_bank_reg_bram_3, implemented as a RAM block, might be sub-optimal as no output register was merged into the block.
Related violations: <none>

SYNTH-6#436 Warning
Timing of a RAM block might be sub-optimal  
The timing for the instance u_l2_cache/gen_data_way[7].gen_data_bank[2].data_mem_bank_reg_bram_5, implemented as a RAM block, might be sub-optimal as no output register was merged into the block.
Related violations: <none>

SYNTH-6#437 Warning
Timing of a RAM block might be sub-optimal  
The timing for the instance u_l2_cache/gen_data_way[7].gen_data_bank[2].data_mem_bank_reg_bram_6, implemented as a RAM block, might be sub-optimal as no output register was merged into the block.
Related violations: <none>

SYNTH-6#438 Warning
Timing of a RAM block might be sub-optimal  
The timing for the instance u_l2_cache/gen_data_way[7].gen_data_bank[2].data_mem_bank_reg_bram_7, implemented as a RAM block, might be sub-optimal as no output register was merged into the block.
Related violations: <none>

SYNTH-6#439 Warning
Timing of a RAM block might be sub-optimal  
The timing for the instance u_l2_cache/gen_data_way[7].gen_data_bank[3].data_mem_bank_reg_bram_3, implemented as a RAM block, might be sub-optimal as no output register was merged into the block.
Related violations: <none>

SYNTH-6#440 Warning
Timing of a RAM block might be sub-optimal  
The timing for the instance u_l2_cache/gen_data_way[7].gen_data_bank[3].data_mem_bank_reg_bram_5, implemented as a RAM block, might be sub-optimal as no output register was merged into the block.
Related violations: <none>

SYNTH-6#441 Warning
Timing of a RAM block might be sub-optimal  
The timing for the instance u_l2_cache/gen_data_way[7].gen_data_bank[3].data_mem_bank_reg_bram_6, implemented as a RAM block, might be sub-optimal as no output register was merged into the block.
Related violations: <none>

SYNTH-6#442 Warning
Timing of a RAM block might be sub-optimal  
The timing for the instance u_l2_cache/gen_data_way[7].gen_data_bank[3].data_mem_bank_reg_bram_7, implemented as a RAM block, might be sub-optimal as no output register was merged into the block.
Related violations: <none>

SYNTH-6#443 Warning
Timing of a RAM block might be sub-optimal  
The timing for the instance u_l2_cache/gen_data_way[7].gen_data_bank[4].data_mem_bank_reg_bram_3, implemented as a RAM block, might be sub-optimal as no output register was merged into the block.
Related violations: <none>

SYNTH-6#444 Warning
Timing of a RAM block might be sub-optimal  
The timing for the instance u_l2_cache/gen_data_way[7].gen_data_bank[4].data_mem_bank_reg_bram_5, implemented as a RAM block, might be sub-optimal as no output register was merged into the block.
Related violations: <none>

SYNTH-6#445 Warning
Timing of a RAM block might be sub-optimal  
The timing for the instance u_l2_cache/gen_data_way[7].gen_data_bank[4].data_mem_bank_reg_bram_6, implemented as a RAM block, might be sub-optimal as no output register was merged into the block.
Related violations: <none>

SYNTH-6#446 Warning
Timing of a RAM block might be sub-optimal  
The timing for the instance u_l2_cache/gen_data_way[7].gen_data_bank[4].data_mem_bank_reg_bram_7, implemented as a RAM block, might be sub-optimal as no output register was merged into the block.
Related violations: <none>

SYNTH-6#447 Warning
Timing of a RAM block might be sub-optimal  
The timing for the instance u_l2_cache/gen_data_way[7].gen_data_bank[5].data_mem_bank_reg_bram_3, implemented as a RAM block, might be sub-optimal as no output register was merged into the block.
Related violations: <none>

SYNTH-6#448 Warning
Timing of a RAM block might be sub-optimal  
The timing for the instance u_l2_cache/gen_data_way[7].gen_data_bank[5].data_mem_bank_reg_bram_5, implemented as a RAM block, might be sub-optimal as no output register was merged into the block.
Related violations: <none>

SYNTH-6#449 Warning
Timing of a RAM block might be sub-optimal  
The timing for the instance u_l2_cache/gen_data_way[7].gen_data_bank[5].data_mem_bank_reg_bram_6, implemented as a RAM block, might be sub-optimal as no output register was merged into the block.
Related violations: <none>

SYNTH-6#450 Warning
Timing of a RAM block might be sub-optimal  
The timing for the instance u_l2_cache/gen_data_way[7].gen_data_bank[5].data_mem_bank_reg_bram_7, implemented as a RAM block, might be sub-optimal as no output register was merged into the block.
Related violations: <none>

SYNTH-6#451 Warning
Timing of a RAM block might be sub-optimal  
The timing for the instance u_l2_cache/gen_data_way[7].gen_data_bank[6].data_mem_bank_reg_bram_3, implemented as a RAM block, might be sub-optimal as no output register was merged into the block.
Related violations: <none>

SYNTH-6#452 Warning
Timing of a RAM block might be sub-optimal  
The timing for the instance u_l2_cache/gen_data_way[7].gen_data_bank[6].data_mem_bank_reg_bram_5, implemented as a RAM block, might be sub-optimal as no output register was merged into the block.
Related violations: <none>

SYNTH-6#453 Warning
Timing of a RAM block might be sub-optimal  
The timing for the instance u_l2_cache/gen_data_way[7].gen_data_bank[6].data_mem_bank_reg_bram_6, implemented as a RAM block, might be sub-optimal as no output register was merged into the block.
Related violations: <none>

SYNTH-6#454 Warning
Timing of a RAM block might be sub-optimal  
The timing for the instance u_l2_cache/gen_data_way[7].gen_data_bank[6].data_mem_bank_reg_bram_7, implemented as a RAM block, might be sub-optimal as no output register was merged into the block.
Related violations: <none>

SYNTH-6#455 Warning
Timing of a RAM block might be sub-optimal  
The timing for the instance u_l2_cache/gen_data_way[7].gen_data_bank[7].data_mem_bank_reg_bram_3, implemented as a RAM block, might be sub-optimal as no output register was merged into the block.
Related violations: <none>

SYNTH-6#456 Warning
Timing of a RAM block might be sub-optimal  
The timing for the instance u_l2_cache/gen_data_way[7].gen_data_bank[7].data_mem_bank_reg_bram_5, implemented as a RAM block, might be sub-optimal as no output register was merged into the block.
Related violations: <none>

SYNTH-6#457 Warning
Timing of a RAM block might be sub-optimal  
The timing for the instance u_l2_cache/gen_data_way[7].gen_data_bank[7].data_mem_bank_reg_bram_6, implemented as a RAM block, might be sub-optimal as no output register was merged into the block.
Related violations: <none>

SYNTH-6#458 Warning
Timing of a RAM block might be sub-optimal  
The timing for the instance u_l2_cache/gen_data_way[7].gen_data_bank[7].data_mem_bank_reg_bram_7, implemented as a RAM block, might be sub-optimal as no output register was merged into the block.
Related violations: <none>

SYNTH-6#459 Warning
Timing of a RAM block might be sub-optimal  
The timing for the instance u_l2_cache/gen_data_way[8].gen_data_bank[0].data_mem_bank_reg_bram_3, implemented as a RAM block, might be sub-optimal as no output register was merged into the block.
Related violations: <none>

SYNTH-6#460 Warning
Timing of a RAM block might be sub-optimal  
The timing for the instance u_l2_cache/gen_data_way[8].gen_data_bank[0].data_mem_bank_reg_bram_5, implemented as a RAM block, might be sub-optimal as no output register was merged into the block.
Related violations: <none>

SYNTH-6#461 Warning
Timing of a RAM block might be sub-optimal  
The timing for the instance u_l2_cache/gen_data_way[8].gen_data_bank[0].data_mem_bank_reg_bram_6, implemented as a RAM block, might be sub-optimal as no output register was merged into the block.
Related violations: <none>

SYNTH-6#462 Warning
Timing of a RAM block might be sub-optimal  
The timing for the instance u_l2_cache/gen_data_way[8].gen_data_bank[0].data_mem_bank_reg_bram_7, implemented as a RAM block, might be sub-optimal as no output register was merged into the block.
Related violations: <none>

SYNTH-6#463 Warning
Timing of a RAM block might be sub-optimal  
The timing for the instance u_l2_cache/gen_data_way[8].gen_data_bank[1].data_mem_bank_reg_bram_3, implemented as a RAM block, might be sub-optimal as no output register was merged into the block.
Related violations: <none>

SYNTH-6#464 Warning
Timing of a RAM block might be sub-optimal  
The timing for the instance u_l2_cache/gen_data_way[8].gen_data_bank[1].data_mem_bank_reg_bram_5, implemented as a RAM block, might be sub-optimal as no output register was merged into the block.
Related violations: <none>

SYNTH-6#465 Warning
Timing of a RAM block might be sub-optimal  
The timing for the instance u_l2_cache/gen_data_way[8].gen_data_bank[1].data_mem_bank_reg_bram_6, implemented as a RAM block, might be sub-optimal as no output register was merged into the block.
Related violations: <none>

SYNTH-6#466 Warning
Timing of a RAM block might be sub-optimal  
The timing for the instance u_l2_cache/gen_data_way[8].gen_data_bank[1].data_mem_bank_reg_bram_7, implemented as a RAM block, might be sub-optimal as no output register was merged into the block.
Related violations: <none>

SYNTH-6#467 Warning
Timing of a RAM block might be sub-optimal  
The timing for the instance u_l2_cache/gen_data_way[8].gen_data_bank[2].data_mem_bank_reg_bram_3, implemented as a RAM block, might be sub-optimal as no output register was merged into the block.
Related violations: <none>

SYNTH-6#468 Warning
Timing of a RAM block might be sub-optimal  
The timing for the instance u_l2_cache/gen_data_way[8].gen_data_bank[2].data_mem_bank_reg_bram_5, implemented as a RAM block, might be sub-optimal as no output register was merged into the block.
Related violations: <none>

SYNTH-6#469 Warning
Timing of a RAM block might be sub-optimal  
The timing for the instance u_l2_cache/gen_data_way[8].gen_data_bank[2].data_mem_bank_reg_bram_6, implemented as a RAM block, might be sub-optimal as no output register was merged into the block.
Related violations: <none>

SYNTH-6#470 Warning
Timing of a RAM block might be sub-optimal  
The timing for the instance u_l2_cache/gen_data_way[8].gen_data_bank[2].data_mem_bank_reg_bram_7, implemented as a RAM block, might be sub-optimal as no output register was merged into the block.
Related violations: <none>

SYNTH-6#471 Warning
Timing of a RAM block might be sub-optimal  
The timing for the instance u_l2_cache/gen_data_way[8].gen_data_bank[3].data_mem_bank_reg_bram_3, implemented as a RAM block, might be sub-optimal as no output register was merged into the block.
Related violations: <none>

SYNTH-6#472 Warning
Timing of a RAM block might be sub-optimal  
The timing for the instance u_l2_cache/gen_data_way[8].gen_data_bank[3].data_mem_bank_reg_bram_5, implemented as a RAM block, might be sub-optimal as no output register was merged into the block.
Related violations: <none>

SYNTH-6#473 Warning
Timing of a RAM block might be sub-optimal  
The timing for the instance u_l2_cache/gen_data_way[8].gen_data_bank[3].data_mem_bank_reg_bram_6, implemented as a RAM block, might be sub-optimal as no output register was merged into the block.
Related violations: <none>

SYNTH-6#474 Warning
Timing of a RAM block might be sub-optimal  
The timing for the instance u_l2_cache/gen_data_way[8].gen_data_bank[3].data_mem_bank_reg_bram_7, implemented as a RAM block, might be sub-optimal as no output register was merged into the block.
Related violations: <none>

SYNTH-6#475 Warning
Timing of a RAM block might be sub-optimal  
The timing for the instance u_l2_cache/gen_data_way[8].gen_data_bank[4].data_mem_bank_reg_bram_3, implemented as a RAM block, might be sub-optimal as no output register was merged into the block.
Related violations: <none>

SYNTH-6#476 Warning
Timing of a RAM block might be sub-optimal  
The timing for the instance u_l2_cache/gen_data_way[8].gen_data_bank[4].data_mem_bank_reg_bram_5, implemented as a RAM block, might be sub-optimal as no output register was merged into the block.
Related violations: <none>

SYNTH-6#477 Warning
Timing of a RAM block might be sub-optimal  
The timing for the instance u_l2_cache/gen_data_way[8].gen_data_bank[4].data_mem_bank_reg_bram_6, implemented as a RAM block, might be sub-optimal as no output register was merged into the block.
Related violations: <none>

SYNTH-6#478 Warning
Timing of a RAM block might be sub-optimal  
The timing for the instance u_l2_cache/gen_data_way[8].gen_data_bank[4].data_mem_bank_reg_bram_7, implemented as a RAM block, might be sub-optimal as no output register was merged into the block.
Related violations: <none>

SYNTH-6#479 Warning
Timing of a RAM block might be sub-optimal  
The timing for the instance u_l2_cache/gen_data_way[8].gen_data_bank[5].data_mem_bank_reg_bram_3, implemented as a RAM block, might be sub-optimal as no output register was merged into the block.
Related violations: <none>

SYNTH-6#480 Warning
Timing of a RAM block might be sub-optimal  
The timing for the instance u_l2_cache/gen_data_way[8].gen_data_bank[5].data_mem_bank_reg_bram_5, implemented as a RAM block, might be sub-optimal as no output register was merged into the block.
Related violations: <none>

SYNTH-6#481 Warning
Timing of a RAM block might be sub-optimal  
The timing for the instance u_l2_cache/gen_data_way[8].gen_data_bank[5].data_mem_bank_reg_bram_6, implemented as a RAM block, might be sub-optimal as no output register was merged into the block.
Related violations: <none>

SYNTH-6#482 Warning
Timing of a RAM block might be sub-optimal  
The timing for the instance u_l2_cache/gen_data_way[8].gen_data_bank[5].data_mem_bank_reg_bram_7, implemented as a RAM block, might be sub-optimal as no output register was merged into the block.
Related violations: <none>

SYNTH-6#483 Warning
Timing of a RAM block might be sub-optimal  
The timing for the instance u_l2_cache/gen_data_way[8].gen_data_bank[6].data_mem_bank_reg_bram_3, implemented as a RAM block, might be sub-optimal as no output register was merged into the block.
Related violations: <none>

SYNTH-6#484 Warning
Timing of a RAM block might be sub-optimal  
The timing for the instance u_l2_cache/gen_data_way[8].gen_data_bank[6].data_mem_bank_reg_bram_5, implemented as a RAM block, might be sub-optimal as no output register was merged into the block.
Related violations: <none>

SYNTH-6#485 Warning
Timing of a RAM block might be sub-optimal  
The timing for the instance u_l2_cache/gen_data_way[8].gen_data_bank[6].data_mem_bank_reg_bram_6, implemented as a RAM block, might be sub-optimal as no output register was merged into the block.
Related violations: <none>

SYNTH-6#486 Warning
Timing of a RAM block might be sub-optimal  
The timing for the instance u_l2_cache/gen_data_way[8].gen_data_bank[6].data_mem_bank_reg_bram_7, implemented as a RAM block, might be sub-optimal as no output register was merged into the block.
Related violations: <none>

SYNTH-6#487 Warning
Timing of a RAM block might be sub-optimal  
The timing for the instance u_l2_cache/gen_data_way[8].gen_data_bank[7].data_mem_bank_reg_bram_3, implemented as a RAM block, might be sub-optimal as no output register was merged into the block.
Related violations: <none>

SYNTH-6#488 Warning
Timing of a RAM block might be sub-optimal  
The timing for the instance u_l2_cache/gen_data_way[8].gen_data_bank[7].data_mem_bank_reg_bram_5, implemented as a RAM block, might be sub-optimal as no output register was merged into the block.
Related violations: <none>

SYNTH-6#489 Warning
Timing of a RAM block might be sub-optimal  
The timing for the instance u_l2_cache/gen_data_way[8].gen_data_bank[7].data_mem_bank_reg_bram_6, implemented as a RAM block, might be sub-optimal as no output register was merged into the block.
Related violations: <none>

SYNTH-6#490 Warning
Timing of a RAM block might be sub-optimal  
The timing for the instance u_l2_cache/gen_data_way[8].gen_data_bank[7].data_mem_bank_reg_bram_7, implemented as a RAM block, might be sub-optimal as no output register was merged into the block.
Related violations: <none>

SYNTH-6#491 Warning
Timing of a RAM block might be sub-optimal  
The timing for the instance u_l2_cache/gen_data_way[9].gen_data_bank[0].data_mem_bank_reg_bram_3, implemented as a RAM block, might be sub-optimal as no output register was merged into the block.
Related violations: <none>

SYNTH-6#492 Warning
Timing of a RAM block might be sub-optimal  
The timing for the instance u_l2_cache/gen_data_way[9].gen_data_bank[0].data_mem_bank_reg_bram_5, implemented as a RAM block, might be sub-optimal as no output register was merged into the block.
Related violations: <none>

SYNTH-6#493 Warning
Timing of a RAM block might be sub-optimal  
The timing for the instance u_l2_cache/gen_data_way[9].gen_data_bank[0].data_mem_bank_reg_bram_6, implemented as a RAM block, might be sub-optimal as no output register was merged into the block.
Related violations: <none>

SYNTH-6#494 Warning
Timing of a RAM block might be sub-optimal  
The timing for the instance u_l2_cache/gen_data_way[9].gen_data_bank[0].data_mem_bank_reg_bram_7, implemented as a RAM block, might be sub-optimal as no output register was merged into the block.
Related violations: <none>

SYNTH-6#495 Warning
Timing of a RAM block might be sub-optimal  
The timing for the instance u_l2_cache/gen_data_way[9].gen_data_bank[1].data_mem_bank_reg_bram_3, implemented as a RAM block, might be sub-optimal as no output register was merged into the block.
Related violations: <none>

SYNTH-6#496 Warning
Timing of a RAM block might be sub-optimal  
The timing for the instance u_l2_cache/gen_data_way[9].gen_data_bank[1].data_mem_bank_reg_bram_5, implemented as a RAM block, might be sub-optimal as no output register was merged into the block.
Related violations: <none>

SYNTH-6#497 Warning
Timing of a RAM block might be sub-optimal  
The timing for the instance u_l2_cache/gen_data_way[9].gen_data_bank[1].data_mem_bank_reg_bram_6, implemented as a RAM block, might be sub-optimal as no output register was merged into the block.
Related violations: <none>

SYNTH-6#498 Warning
Timing of a RAM block might be sub-optimal  
The timing for the instance u_l2_cache/gen_data_way[9].gen_data_bank[1].data_mem_bank_reg_bram_7, implemented as a RAM block, might be sub-optimal as no output register was merged into the block.
Related violations: <none>

SYNTH-6#499 Warning
Timing of a RAM block might be sub-optimal  
The timing for the instance u_l2_cache/gen_data_way[9].gen_data_bank[2].data_mem_bank_reg_bram_3, implemented as a RAM block, might be sub-optimal as no output register was merged into the block.
Related violations: <none>

SYNTH-6#500 Warning
Timing of a RAM block might be sub-optimal  
The timing for the instance u_l2_cache/gen_data_way[9].gen_data_bank[2].data_mem_bank_reg_bram_5, implemented as a RAM block, might be sub-optimal as no output register was merged into the block.
Related violations: <none>

SYNTH-6#501 Warning
Timing of a RAM block might be sub-optimal  
The timing for the instance u_l2_cache/gen_data_way[9].gen_data_bank[2].data_mem_bank_reg_bram_6, implemented as a RAM block, might be sub-optimal as no output register was merged into the block.
Related violations: <none>

SYNTH-6#502 Warning
Timing of a RAM block might be sub-optimal  
The timing for the instance u_l2_cache/gen_data_way[9].gen_data_bank[2].data_mem_bank_reg_bram_7, implemented as a RAM block, might be sub-optimal as no output register was merged into the block.
Related violations: <none>

SYNTH-6#503 Warning
Timing of a RAM block might be sub-optimal  
The timing for the instance u_l2_cache/gen_data_way[9].gen_data_bank[3].data_mem_bank_reg_bram_3, implemented as a RAM block, might be sub-optimal as no output register was merged into the block.
Related violations: <none>

SYNTH-6#504 Warning
Timing of a RAM block might be sub-optimal  
The timing for the instance u_l2_cache/gen_data_way[9].gen_data_bank[3].data_mem_bank_reg_bram_5, implemented as a RAM block, might be sub-optimal as no output register was merged into the block.
Related violations: <none>

SYNTH-6#505 Warning
Timing of a RAM block might be sub-optimal  
The timing for the instance u_l2_cache/gen_data_way[9].gen_data_bank[3].data_mem_bank_reg_bram_6, implemented as a RAM block, might be sub-optimal as no output register was merged into the block.
Related violations: <none>

SYNTH-6#506 Warning
Timing of a RAM block might be sub-optimal  
The timing for the instance u_l2_cache/gen_data_way[9].gen_data_bank[3].data_mem_bank_reg_bram_7, implemented as a RAM block, might be sub-optimal as no output register was merged into the block.
Related violations: <none>

SYNTH-6#507 Warning
Timing of a RAM block might be sub-optimal  
The timing for the instance u_l2_cache/gen_data_way[9].gen_data_bank[4].data_mem_bank_reg_bram_3, implemented as a RAM block, might be sub-optimal as no output register was merged into the block.
Related violations: <none>

SYNTH-6#508 Warning
Timing of a RAM block might be sub-optimal  
The timing for the instance u_l2_cache/gen_data_way[9].gen_data_bank[4].data_mem_bank_reg_bram_5, implemented as a RAM block, might be sub-optimal as no output register was merged into the block.
Related violations: <none>

SYNTH-6#509 Warning
Timing of a RAM block might be sub-optimal  
The timing for the instance u_l2_cache/gen_data_way[9].gen_data_bank[4].data_mem_bank_reg_bram_6, implemented as a RAM block, might be sub-optimal as no output register was merged into the block.
Related violations: <none>

SYNTH-6#510 Warning
Timing of a RAM block might be sub-optimal  
The timing for the instance u_l2_cache/gen_data_way[9].gen_data_bank[4].data_mem_bank_reg_bram_7, implemented as a RAM block, might be sub-optimal as no output register was merged into the block.
Related violations: <none>

SYNTH-6#511 Warning
Timing of a RAM block might be sub-optimal  
The timing for the instance u_l2_cache/gen_data_way[9].gen_data_bank[5].data_mem_bank_reg_bram_3, implemented as a RAM block, might be sub-optimal as no output register was merged into the block.
Related violations: <none>

SYNTH-6#512 Warning
Timing of a RAM block might be sub-optimal  
The timing for the instance u_l2_cache/gen_data_way[9].gen_data_bank[5].data_mem_bank_reg_bram_5, implemented as a RAM block, might be sub-optimal as no output register was merged into the block.
Related violations: <none>

SYNTH-6#513 Warning
Timing of a RAM block might be sub-optimal  
The timing for the instance u_l2_cache/gen_data_way[9].gen_data_bank[5].data_mem_bank_reg_bram_6, implemented as a RAM block, might be sub-optimal as no output register was merged into the block.
Related violations: <none>

SYNTH-6#514 Warning
Timing of a RAM block might be sub-optimal  
The timing for the instance u_l2_cache/gen_data_way[9].gen_data_bank[5].data_mem_bank_reg_bram_7, implemented as a RAM block, might be sub-optimal as no output register was merged into the block.
Related violations: <none>

SYNTH-6#515 Warning
Timing of a RAM block might be sub-optimal  
The timing for the instance u_l2_cache/gen_data_way[9].gen_data_bank[6].data_mem_bank_reg_bram_3, implemented as a RAM block, might be sub-optimal as no output register was merged into the block.
Related violations: <none>

SYNTH-6#516 Warning
Timing of a RAM block might be sub-optimal  
The timing for the instance u_l2_cache/gen_data_way[9].gen_data_bank[6].data_mem_bank_reg_bram_5, implemented as a RAM block, might be sub-optimal as no output register was merged into the block.
Related violations: <none>

SYNTH-6#517 Warning
Timing of a RAM block might be sub-optimal  
The timing for the instance u_l2_cache/gen_data_way[9].gen_data_bank[6].data_mem_bank_reg_bram_6, implemented as a RAM block, might be sub-optimal as no output register was merged into the block.
Related violations: <none>

SYNTH-6#518 Warning
Timing of a RAM block might be sub-optimal  
The timing for the instance u_l2_cache/gen_data_way[9].gen_data_bank[6].data_mem_bank_reg_bram_7, implemented as a RAM block, might be sub-optimal as no output register was merged into the block.
Related violations: <none>

SYNTH-6#519 Warning
Timing of a RAM block might be sub-optimal  
The timing for the instance u_l2_cache/gen_data_way[9].gen_data_bank[7].data_mem_bank_reg_bram_3, implemented as a RAM block, might be sub-optimal as no output register was merged into the block.
Related violations: <none>

SYNTH-6#520 Warning
Timing of a RAM block might be sub-optimal  
The timing for the instance u_l2_cache/gen_data_way[9].gen_data_bank[7].data_mem_bank_reg_bram_5, implemented as a RAM block, might be sub-optimal as no output register was merged into the block.
Related violations: <none>

SYNTH-6#521 Warning
Timing of a RAM block might be sub-optimal  
The timing for the instance u_l2_cache/gen_data_way[9].gen_data_bank[7].data_mem_bank_reg_bram_6, implemented as a RAM block, might be sub-optimal as no output register was merged into the block.
Related violations: <none>

SYNTH-6#522 Warning
Timing of a RAM block might be sub-optimal  
The timing for the instance u_l2_cache/gen_data_way[9].gen_data_bank[7].data_mem_bank_reg_bram_7, implemented as a RAM block, might be sub-optimal as no output register was merged into the block.
Related violations: <none>

SYNTH-6#523 Warning
Timing of a RAM block might be sub-optimal  
The timing for the instance u_l2_cache/gen_ecc_way[0].ecc_mem_way_reg_bram_0, implemented as a RAM block, might be sub-optimal as no output register was merged into the block.
Related violations: <none>

SYNTH-6#524 Warning
Timing of a RAM block might be sub-optimal  
The timing for the instance u_l2_cache/gen_ecc_way[0].ecc_mem_way_reg_bram_1, implemented as a RAM block, might be sub-optimal as no output register was merged into the block.
Related violations: <none>

SYNTH-6#525 Warning
Timing of a RAM block might be sub-optimal  
The timing for the instance u_l2_cache/gen_ecc_way[10].ecc_mem_way_reg_bram_0, implemented as a RAM block, might be sub-optimal as no output register was merged into the block.
Related violations: <none>

SYNTH-6#526 Warning
Timing of a RAM block might be sub-optimal  
The timing for the instance u_l2_cache/gen_ecc_way[10].ecc_mem_way_reg_bram_1, implemented as a RAM block, might be sub-optimal as no output register was merged into the block.
Related violations: <none>

SYNTH-6#527 Warning
Timing of a RAM block might be sub-optimal  
The timing for the instance u_l2_cache/gen_ecc_way[11].ecc_mem_way_reg_bram_0, implemented as a RAM block, might be sub-optimal as no output register was merged into the block.
Related violations: <none>

SYNTH-6#528 Warning
Timing of a RAM block might be sub-optimal  
The timing for the instance u_l2_cache/gen_ecc_way[11].ecc_mem_way_reg_bram_1, implemented as a RAM block, might be sub-optimal as no output register was merged into the block.
Related violations: <none>

SYNTH-6#529 Warning
Timing of a RAM block might be sub-optimal  
The timing for the instance u_l2_cache/gen_ecc_way[12].ecc_mem_way_reg_bram_0, implemented as a RAM block, might be sub-optimal as no output register was merged into the block.
Related violations: <none>

SYNTH-6#530 Warning
Timing of a RAM block might be sub-optimal  
The timing for the instance u_l2_cache/gen_ecc_way[12].ecc_mem_way_reg_bram_1, implemented as a RAM block, might be sub-optimal as no output register was merged into the block.
Related violations: <none>

SYNTH-6#531 Warning
Timing of a RAM block might be sub-optimal  
The timing for the instance u_l2_cache/gen_ecc_way[13].ecc_mem_way_reg_bram_0, implemented as a RAM block, might be sub-optimal as no output register was merged into the block.
Related violations: <none>

SYNTH-6#532 Warning
Timing of a RAM block might be sub-optimal  
The timing for the instance u_l2_cache/gen_ecc_way[13].ecc_mem_way_reg_bram_1, implemented as a RAM block, might be sub-optimal as no output register was merged into the block.
Related violations: <none>

SYNTH-6#533 Warning
Timing of a RAM block might be sub-optimal  
The timing for the instance u_l2_cache/gen_ecc_way[14].ecc_mem_way_reg_bram_0, implemented as a RAM block, might be sub-optimal as no output register was merged into the block.
Related violations: <none>

SYNTH-6#534 Warning
Timing of a RAM block might be sub-optimal  
The timing for the instance u_l2_cache/gen_ecc_way[14].ecc_mem_way_reg_bram_1, implemented as a RAM block, might be sub-optimal as no output register was merged into the block.
Related violations: <none>

SYNTH-6#535 Warning
Timing of a RAM block might be sub-optimal  
The timing for the instance u_l2_cache/gen_ecc_way[15].ecc_mem_way_reg_bram_0, implemented as a RAM block, might be sub-optimal as no output register was merged into the block.
Related violations: <none>

SYNTH-6#536 Warning
Timing of a RAM block might be sub-optimal  
The timing for the instance u_l2_cache/gen_ecc_way[15].ecc_mem_way_reg_bram_1, implemented as a RAM block, might be sub-optimal as no output register was merged into the block.
Related violations: <none>

SYNTH-6#537 Warning
Timing of a RAM block might be sub-optimal  
The timing for the instance u_l2_cache/gen_ecc_way[1].ecc_mem_way_reg_bram_0, implemented as a RAM block, might be sub-optimal as no output register was merged into the block.
Related violations: <none>

SYNTH-6#538 Warning
Timing of a RAM block might be sub-optimal  
The timing for the instance u_l2_cache/gen_ecc_way[1].ecc_mem_way_reg_bram_1, implemented as a RAM block, might be sub-optimal as no output register was merged into the block.
Related violations: <none>

SYNTH-6#539 Warning
Timing of a RAM block might be sub-optimal  
The timing for the instance u_l2_cache/gen_ecc_way[2].ecc_mem_way_reg_bram_0, implemented as a RAM block, might be sub-optimal as no output register was merged into the block.
Related violations: <none>

SYNTH-6#540 Warning
Timing of a RAM block might be sub-optimal  
The timing for the instance u_l2_cache/gen_ecc_way[2].ecc_mem_way_reg_bram_1, implemented as a RAM block, might be sub-optimal as no output register was merged into the block.
Related violations: <none>

SYNTH-6#541 Warning
Timing of a RAM block might be sub-optimal  
The timing for the instance u_l2_cache/gen_ecc_way[3].ecc_mem_way_reg_bram_0, implemented as a RAM block, might be sub-optimal as no output register was merged into the block.
Related violations: <none>

SYNTH-6#542 Warning
Timing of a RAM block might be sub-optimal  
The timing for the instance u_l2_cache/gen_ecc_way[3].ecc_mem_way_reg_bram_1, implemented as a RAM block, might be sub-optimal as no output register was merged into the block.
Related violations: <none>

SYNTH-6#543 Warning
Timing of a RAM block might be sub-optimal  
The timing for the instance u_l2_cache/gen_ecc_way[4].ecc_mem_way_reg_bram_0, implemented as a RAM block, might be sub-optimal as no output register was merged into the block.
Related violations: <none>

SYNTH-6#544 Warning
Timing of a RAM block might be sub-optimal  
The timing for the instance u_l2_cache/gen_ecc_way[4].ecc_mem_way_reg_bram_1, implemented as a RAM block, might be sub-optimal as no output register was merged into the block.
Related violations: <none>

SYNTH-6#545 Warning
Timing of a RAM block might be sub-optimal  
The timing for the instance u_l2_cache/gen_ecc_way[5].ecc_mem_way_reg_bram_0, implemented as a RAM block, might be sub-optimal as no output register was merged into the block.
Related violations: <none>

SYNTH-6#546 Warning
Timing of a RAM block might be sub-optimal  
The timing for the instance u_l2_cache/gen_ecc_way[5].ecc_mem_way_reg_bram_1, implemented as a RAM block, might be sub-optimal as no output register was merged into the block.
Related violations: <none>

SYNTH-6#547 Warning
Timing of a RAM block might be sub-optimal  
The timing for the instance u_l2_cache/gen_ecc_way[6].ecc_mem_way_reg_bram_0, implemented as a RAM block, might be sub-optimal as no output register was merged into the block.
Related violations: <none>

SYNTH-6#548 Warning
Timing of a RAM block might be sub-optimal  
The timing for the instance u_l2_cache/gen_ecc_way[6].ecc_mem_way_reg_bram_1, implemented as a RAM block, might be sub-optimal as no output register was merged into the block.
Related violations: <none>

SYNTH-6#549 Warning
Timing of a RAM block might be sub-optimal  
The timing for the instance u_l2_cache/gen_ecc_way[7].ecc_mem_way_reg_bram_0, implemented as a RAM block, might be sub-optimal as no output register was merged into the block.
Related violations: <none>

SYNTH-6#550 Warning
Timing of a RAM block might be sub-optimal  
The timing for the instance u_l2_cache/gen_ecc_way[7].ecc_mem_way_reg_bram_1, implemented as a RAM block, might be sub-optimal as no output register was merged into the block.
Related violations: <none>

SYNTH-6#551 Warning
Timing of a RAM block might be sub-optimal  
The timing for the instance u_l2_cache/gen_ecc_way[8].ecc_mem_way_reg_bram_0, implemented as a RAM block, might be sub-optimal as no output register was merged into the block.
Related violations: <none>

SYNTH-6#552 Warning
Timing of a RAM block might be sub-optimal  
The timing for the instance u_l2_cache/gen_ecc_way[8].ecc_mem_way_reg_bram_1, implemented as a RAM block, might be sub-optimal as no output register was merged into the block.
Related violations: <none>

SYNTH-6#553 Warning
Timing of a RAM block might be sub-optimal  
The timing for the instance u_l2_cache/gen_ecc_way[9].ecc_mem_way_reg_bram_0, implemented as a RAM block, might be sub-optimal as no output register was merged into the block.
Related violations: <none>

SYNTH-6#554 Warning
Timing of a RAM block might be sub-optimal  
The timing for the instance u_l2_cache/gen_ecc_way[9].ecc_mem_way_reg_bram_1, implemented as a RAM block, might be sub-optimal as no output register was merged into the block.
Related violations: <none>

SYNTH-6#555 Warning
Timing of a RAM block might be sub-optimal  
The timing for the instance u_l2_cache/gen_tag_way[0].tag_mem_way_reg_bram_3, implemented as a RAM block, might be sub-optimal as no output register was merged into the block.
Related violations: <none>

SYNTH-6#556 Warning
Timing of a RAM block might be sub-optimal  
The timing for the instance u_l2_cache/gen_tag_way[0].tag_mem_way_reg_bram_4, implemented as a RAM block, might be sub-optimal as no output register was merged into the block.
Related violations: <none>

SYNTH-6#557 Warning
Timing of a RAM block might be sub-optimal  
The timing for the instance u_l2_cache/gen_tag_way[0].tag_mem_way_reg_bram_5, implemented as a RAM block, might be sub-optimal as no output register was merged into the block.
Related violations: <none>

SYNTH-6#558 Warning
Timing of a RAM block might be sub-optimal  
The timing for the instance u_l2_cache/gen_tag_way[10].tag_mem_way_reg_bram_3, implemented as a RAM block, might be sub-optimal as no output register was merged into the block.
Related violations: <none>

SYNTH-6#559 Warning
Timing of a RAM block might be sub-optimal  
The timing for the instance u_l2_cache/gen_tag_way[10].tag_mem_way_reg_bram_4, implemented as a RAM block, might be sub-optimal as no output register was merged into the block.
Related violations: <none>

SYNTH-6#560 Warning
Timing of a RAM block might be sub-optimal  
The timing for the instance u_l2_cache/gen_tag_way[10].tag_mem_way_reg_bram_5, implemented as a RAM block, might be sub-optimal as no output register was merged into the block.
Related violations: <none>

SYNTH-6#561 Warning
Timing of a RAM block might be sub-optimal  
The timing for the instance u_l2_cache/gen_tag_way[11].tag_mem_way_reg_bram_3, implemented as a RAM block, might be sub-optimal as no output register was merged into the block.
Related violations: <none>

SYNTH-6#562 Warning
Timing of a RAM block might be sub-optimal  
The timing for the instance u_l2_cache/gen_tag_way[11].tag_mem_way_reg_bram_4, implemented as a RAM block, might be sub-optimal as no output register was merged into the block.
Related violations: <none>

SYNTH-6#563 Warning
Timing of a RAM block might be sub-optimal  
The timing for the instance u_l2_cache/gen_tag_way[11].tag_mem_way_reg_bram_5, implemented as a RAM block, might be sub-optimal as no output register was merged into the block.
Related violations: <none>

SYNTH-6#564 Warning
Timing of a RAM block might be sub-optimal  
The timing for the instance u_l2_cache/gen_tag_way[12].tag_mem_way_reg_bram_3, implemented as a RAM block, might be sub-optimal as no output register was merged into the block.
Related violations: <none>

SYNTH-6#565 Warning
Timing of a RAM block might be sub-optimal  
The timing for the instance u_l2_cache/gen_tag_way[12].tag_mem_way_reg_bram_4, implemented as a RAM block, might be sub-optimal as no output register was merged into the block.
Related violations: <none>

SYNTH-6#566 Warning
Timing of a RAM block might be sub-optimal  
The timing for the instance u_l2_cache/gen_tag_way[12].tag_mem_way_reg_bram_5, implemented as a RAM block, might be sub-optimal as no output register was merged into the block.
Related violations: <none>

SYNTH-6#567 Warning
Timing of a RAM block might be sub-optimal  
The timing for the instance u_l2_cache/gen_tag_way[13].tag_mem_way_reg_bram_3, implemented as a RAM block, might be sub-optimal as no output register was merged into the block.
Related violations: <none>

SYNTH-6#568 Warning
Timing of a RAM block might be sub-optimal  
The timing for the instance u_l2_cache/gen_tag_way[13].tag_mem_way_reg_bram_4, implemented as a RAM block, might be sub-optimal as no output register was merged into the block.
Related violations: <none>

SYNTH-6#569 Warning
Timing of a RAM block might be sub-optimal  
The timing for the instance u_l2_cache/gen_tag_way[13].tag_mem_way_reg_bram_5, implemented as a RAM block, might be sub-optimal as no output register was merged into the block.
Related violations: <none>

SYNTH-6#570 Warning
Timing of a RAM block might be sub-optimal  
The timing for the instance u_l2_cache/gen_tag_way[14].tag_mem_way_reg_bram_3, implemented as a RAM block, might be sub-optimal as no output register was merged into the block.
Related violations: <none>

SYNTH-6#571 Warning
Timing of a RAM block might be sub-optimal  
The timing for the instance u_l2_cache/gen_tag_way[14].tag_mem_way_reg_bram_4, implemented as a RAM block, might be sub-optimal as no output register was merged into the block.
Related violations: <none>

SYNTH-6#572 Warning
Timing of a RAM block might be sub-optimal  
The timing for the instance u_l2_cache/gen_tag_way[14].tag_mem_way_reg_bram_5, implemented as a RAM block, might be sub-optimal as no output register was merged into the block.
Related violations: <none>

SYNTH-6#573 Warning
Timing of a RAM block might be sub-optimal  
The timing for the instance u_l2_cache/gen_tag_way[15].tag_mem_way_reg_bram_3, implemented as a RAM block, might be sub-optimal as no output register was merged into the block.
Related violations: <none>

SYNTH-6#574 Warning
Timing of a RAM block might be sub-optimal  
The timing for the instance u_l2_cache/gen_tag_way[15].tag_mem_way_reg_bram_4, implemented as a RAM block, might be sub-optimal as no output register was merged into the block.
Related violations: <none>

SYNTH-6#575 Warning
Timing of a RAM block might be sub-optimal  
The timing for the instance u_l2_cache/gen_tag_way[15].tag_mem_way_reg_bram_5, implemented as a RAM block, might be sub-optimal as no output register was merged into the block.
Related violations: <none>

SYNTH-6#576 Warning
Timing of a RAM block might be sub-optimal  
The timing for the instance u_l2_cache/gen_tag_way[1].tag_mem_way_reg_bram_3, implemented as a RAM block, might be sub-optimal as no output register was merged into the block.
Related violations: <none>

SYNTH-6#577 Warning
Timing of a RAM block might be sub-optimal  
The timing for the instance u_l2_cache/gen_tag_way[1].tag_mem_way_reg_bram_4, implemented as a RAM block, might be sub-optimal as no output register was merged into the block.
Related violations: <none>

SYNTH-6#578 Warning
Timing of a RAM block might be sub-optimal  
The timing for the instance u_l2_cache/gen_tag_way[1].tag_mem_way_reg_bram_5, implemented as a RAM block, might be sub-optimal as no output register was merged into the block.
Related violations: <none>

SYNTH-6#579 Warning
Timing of a RAM block might be sub-optimal  
The timing for the instance u_l2_cache/gen_tag_way[2].tag_mem_way_reg_bram_3, implemented as a RAM block, might be sub-optimal as no output register was merged into the block.
Related violations: <none>

SYNTH-6#580 Warning
Timing of a RAM block might be sub-optimal  
The timing for the instance u_l2_cache/gen_tag_way[2].tag_mem_way_reg_bram_4, implemented as a RAM block, might be sub-optimal as no output register was merged into the block.
Related violations: <none>

SYNTH-6#581 Warning
Timing of a RAM block might be sub-optimal  
The timing for the instance u_l2_cache/gen_tag_way[2].tag_mem_way_reg_bram_5, implemented as a RAM block, might be sub-optimal as no output register was merged into the block.
Related violations: <none>

SYNTH-6#582 Warning
Timing of a RAM block might be sub-optimal  
The timing for the instance u_l2_cache/gen_tag_way[3].tag_mem_way_reg_bram_3, implemented as a RAM block, might be sub-optimal as no output register was merged into the block.
Related violations: <none>

SYNTH-6#583 Warning
Timing of a RAM block might be sub-optimal  
The timing for the instance u_l2_cache/gen_tag_way[3].tag_mem_way_reg_bram_4, implemented as a RAM block, might be sub-optimal as no output register was merged into the block.
Related violations: <none>

SYNTH-6#584 Warning
Timing of a RAM block might be sub-optimal  
The timing for the instance u_l2_cache/gen_tag_way[3].tag_mem_way_reg_bram_5, implemented as a RAM block, might be sub-optimal as no output register was merged into the block.
Related violations: <none>

SYNTH-6#585 Warning
Timing of a RAM block might be sub-optimal  
The timing for the instance u_l2_cache/gen_tag_way[4].tag_mem_way_reg_bram_3, implemented as a RAM block, might be sub-optimal as no output register was merged into the block.
Related violations: <none>

SYNTH-6#586 Warning
Timing of a RAM block might be sub-optimal  
The timing for the instance u_l2_cache/gen_tag_way[4].tag_mem_way_reg_bram_4, implemented as a RAM block, might be sub-optimal as no output register was merged into the block.
Related violations: <none>

SYNTH-6#587 Warning
Timing of a RAM block might be sub-optimal  
The timing for the instance u_l2_cache/gen_tag_way[4].tag_mem_way_reg_bram_5, implemented as a RAM block, might be sub-optimal as no output register was merged into the block.
Related violations: <none>

SYNTH-6#588 Warning
Timing of a RAM block might be sub-optimal  
The timing for the instance u_l2_cache/gen_tag_way[5].tag_mem_way_reg_bram_3, implemented as a RAM block, might be sub-optimal as no output register was merged into the block.
Related violations: <none>

SYNTH-6#589 Warning
Timing of a RAM block might be sub-optimal  
The timing for the instance u_l2_cache/gen_tag_way[5].tag_mem_way_reg_bram_4, implemented as a RAM block, might be sub-optimal as no output register was merged into the block.
Related violations: <none>

SYNTH-6#590 Warning
Timing of a RAM block might be sub-optimal  
The timing for the instance u_l2_cache/gen_tag_way[5].tag_mem_way_reg_bram_5, implemented as a RAM block, might be sub-optimal as no output register was merged into the block.
Related violations: <none>

SYNTH-6#591 Warning
Timing of a RAM block might be sub-optimal  
The timing for the instance u_l2_cache/gen_tag_way[6].tag_mem_way_reg_bram_3, implemented as a RAM block, might be sub-optimal as no output register was merged into the block.
Related violations: <none>

SYNTH-6#592 Warning
Timing of a RAM block might be sub-optimal  
The timing for the instance u_l2_cache/gen_tag_way[6].tag_mem_way_reg_bram_4, implemented as a RAM block, might be sub-optimal as no output register was merged into the block.
Related violations: <none>

SYNTH-6#593 Warning
Timing of a RAM block might be sub-optimal  
The timing for the instance u_l2_cache/gen_tag_way[6].tag_mem_way_reg_bram_5, implemented as a RAM block, might be sub-optimal as no output register was merged into the block.
Related violations: <none>

SYNTH-6#594 Warning
Timing of a RAM block might be sub-optimal  
The timing for the instance u_l2_cache/gen_tag_way[7].tag_mem_way_reg_bram_3, implemented as a RAM block, might be sub-optimal as no output register was merged into the block.
Related violations: <none>

SYNTH-6#595 Warning
Timing of a RAM block might be sub-optimal  
The timing for the instance u_l2_cache/gen_tag_way[7].tag_mem_way_reg_bram_4, implemented as a RAM block, might be sub-optimal as no output register was merged into the block.
Related violations: <none>

SYNTH-6#596 Warning
Timing of a RAM block might be sub-optimal  
The timing for the instance u_l2_cache/gen_tag_way[7].tag_mem_way_reg_bram_5, implemented as a RAM block, might be sub-optimal as no output register was merged into the block.
Related violations: <none>

SYNTH-6#597 Warning
Timing of a RAM block might be sub-optimal  
The timing for the instance u_l2_cache/gen_tag_way[8].tag_mem_way_reg_bram_3, implemented as a RAM block, might be sub-optimal as no output register was merged into the block.
Related violations: <none>

SYNTH-6#598 Warning
Timing of a RAM block might be sub-optimal  
The timing for the instance u_l2_cache/gen_tag_way[8].tag_mem_way_reg_bram_4, implemented as a RAM block, might be sub-optimal as no output register was merged into the block.
Related violations: <none>

SYNTH-6#599 Warning
Timing of a RAM block might be sub-optimal  
The timing for the instance u_l2_cache/gen_tag_way[8].tag_mem_way_reg_bram_5, implemented as a RAM block, might be sub-optimal as no output register was merged into the block.
Related violations: <none>

SYNTH-6#600 Warning
Timing of a RAM block might be sub-optimal  
The timing for the instance u_l2_cache/gen_tag_way[9].tag_mem_way_reg_bram_3, implemented as a RAM block, might be sub-optimal as no output register was merged into the block.
Related violations: <none>

SYNTH-6#601 Warning
Timing of a RAM block might be sub-optimal  
The timing for the instance u_l2_cache/gen_tag_way[9].tag_mem_way_reg_bram_4, implemented as a RAM block, might be sub-optimal as no output register was merged into the block.
Related violations: <none>

SYNTH-6#602 Warning
Timing of a RAM block might be sub-optimal  
The timing for the instance u_l2_cache/gen_tag_way[9].tag_mem_way_reg_bram_5, implemented as a RAM block, might be sub-optimal as no output register was merged into the block.
Related violations: <none>

SYNTH-10#1 Warning
Wide multiplier  
Detected multiplier at gen_systolic[0].u_systolic/p_1_out of size 18x20, it is decomposed from a wide multipler into 10 DSP blocks.
Related violations: <none>

SYNTH-10#2 Warning
Wide multiplier  
Detected multiplier at gen_systolic[0].u_systolic/p_1_out__0 of size 20x18, it is decomposed from a wide multipler into 10 DSP blocks.
Related violations: <none>

SYNTH-10#3 Warning
Wide multiplier  
Detected multiplier at gen_systolic[0].u_systolic/p_1_out__11 of size 18x20, it is decomposed from a wide multipler into 10 DSP blocks.
Related violations: <none>

SYNTH-10#4 Warning
Wide multiplier  
Detected multiplier at gen_systolic[0].u_systolic/p_1_out__12 of size 18x18, it is decomposed from a wide multipler into 10 DSP blocks.
Related violations: <none>

SYNTH-10#5 Warning
Wide multiplier  
Detected multiplier at gen_systolic[0].u_systolic/p_1_out__13 of size 20x18, it is decomposed from a wide multipler into 10 DSP blocks.
Related violations: <none>

SYNTH-10#6 Warning
Wide multiplier  
Detected multiplier at gen_systolic[0].u_systolic/p_1_out__14 of size 18x18, it is decomposed from a wide multipler into 10 DSP blocks.
Related violations: <none>

SYNTH-10#7 Warning
Wide multiplier  
Detected multiplier at gen_systolic[0].u_systolic/p_1_out__15 of size 18x18, it is decomposed from a wide multipler into 10 DSP blocks.
Related violations: <none>

SYNTH-10#8 Warning
Wide multiplier  
Detected multiplier at gen_systolic[0].u_systolic/p_1_out__16 of size 18x18, it is decomposed from a wide multipler into 10 DSP blocks.
Related violations: <none>

SYNTH-10#9 Warning
Wide multiplier  
Detected multiplier at gen_systolic[0].u_systolic/p_1_out__17 of size 18x20, it is decomposed from a wide multipler into 10 DSP blocks.
Related violations: <none>

SYNTH-10#10 Warning
Wide multiplier  
Detected multiplier at gen_systolic[0].u_systolic/p_1_out__18 of size 20x18, it is decomposed from a wide multipler into 10 DSP blocks.
Related violations: <none>

SYNTH-10#11 Warning
Wide multiplier  
Detected multiplier at gen_systolic[0].u_systolic/p_1_out__2 of size 18x20, it is decomposed from a wide multipler into 10 DSP blocks.
Related violations: <none>

SYNTH-10#12 Warning
Wide multiplier  
Detected multiplier at gen_systolic[0].u_systolic/p_1_out__20 of size 18x20, it is decomposed from a wide multipler into 10 DSP blocks.
Related violations: <none>

SYNTH-10#13 Warning
Wide multiplier  
Detected multiplier at gen_systolic[0].u_systolic/p_1_out__21 of size 18x18, it is decomposed from a wide multipler into 10 DSP blocks.
Related violations: <none>

SYNTH-10#14 Warning
Wide multiplier  
Detected multiplier at gen_systolic[0].u_systolic/p_1_out__22 of size 20x18, it is decomposed from a wide multipler into 10 DSP blocks.
Related violations: <none>

SYNTH-10#15 Warning
Wide multiplier  
Detected multiplier at gen_systolic[0].u_systolic/p_1_out__23 of size 18x18, it is decomposed from a wide multipler into 10 DSP blocks.
Related violations: <none>

SYNTH-10#16 Warning
Wide multiplier  
Detected multiplier at gen_systolic[0].u_systolic/p_1_out__24 of size 18x18, it is decomposed from a wide multipler into 10 DSP blocks.
Related violations: <none>

SYNTH-10#17 Warning
Wide multiplier  
Detected multiplier at gen_systolic[0].u_systolic/p_1_out__25 of size 18x18, it is decomposed from a wide multipler into 10 DSP blocks.
Related violations: <none>

SYNTH-10#18 Warning
Wide multiplier  
Detected multiplier at gen_systolic[0].u_systolic/p_1_out__26 of size 18x20, it is decomposed from a wide multipler into 10 DSP blocks.
Related violations: <none>

SYNTH-10#19 Warning
Wide multiplier  
Detected multiplier at gen_systolic[0].u_systolic/p_1_out__27 of size 20x18, it is decomposed from a wide multipler into 10 DSP blocks.
Related violations: <none>

SYNTH-10#20 Warning
Wide multiplier  
Detected multiplier at gen_systolic[0].u_systolic/p_1_out__29 of size 18x20, it is decomposed from a wide multipler into 10 DSP blocks.
Related violations: <none>

SYNTH-10#21 Warning
Wide multiplier  
Detected multiplier at gen_systolic[0].u_systolic/p_1_out__3 of size 18x18, it is decomposed from a wide multipler into 10 DSP blocks.
Related violations: <none>

SYNTH-10#22 Warning
Wide multiplier  
Detected multiplier at gen_systolic[0].u_systolic/p_1_out__30 of size 18x18, it is decomposed from a wide multipler into 10 DSP blocks.
Related violations: <none>

SYNTH-10#23 Warning
Wide multiplier  
Detected multiplier at gen_systolic[0].u_systolic/p_1_out__31 of size 20x18, it is decomposed from a wide multipler into 10 DSP blocks.
Related violations: <none>

SYNTH-10#24 Warning
Wide multiplier  
Detected multiplier at gen_systolic[0].u_systolic/p_1_out__32 of size 18x18, it is decomposed from a wide multipler into 10 DSP blocks.
Related violations: <none>

SYNTH-10#25 Warning
Wide multiplier  
Detected multiplier at gen_systolic[0].u_systolic/p_1_out__33 of size 18x18, it is decomposed from a wide multipler into 10 DSP blocks.
Related violations: <none>

SYNTH-10#26 Warning
Wide multiplier  
Detected multiplier at gen_systolic[0].u_systolic/p_1_out__34 of size 18x18, it is decomposed from a wide multipler into 10 DSP blocks.
Related violations: <none>

SYNTH-10#27 Warning
Wide multiplier  
Detected multiplier at gen_systolic[0].u_systolic/p_1_out__35 of size 18x20, it is decomposed from a wide multipler into 10 DSP blocks.
Related violations: <none>

SYNTH-10#28 Warning
Wide multiplier  
Detected multiplier at gen_systolic[0].u_systolic/p_1_out__36 of size 20x18, it is decomposed from a wide multipler into 10 DSP blocks.
Related violations: <none>

SYNTH-10#29 Warning
Wide multiplier  
Detected multiplier at gen_systolic[0].u_systolic/p_1_out__38 of size 18x20, it is decomposed from a wide multipler into 10 DSP blocks.
Related violations: <none>

SYNTH-10#30 Warning
Wide multiplier  
Detected multiplier at gen_systolic[0].u_systolic/p_1_out__39 of size 18x18, it is decomposed from a wide multipler into 10 DSP blocks.
Related violations: <none>

SYNTH-10#31 Warning
Wide multiplier  
Detected multiplier at gen_systolic[0].u_systolic/p_1_out__4 of size 20x18, it is decomposed from a wide multipler into 10 DSP blocks.
Related violations: <none>

SYNTH-10#32 Warning
Wide multiplier  
Detected multiplier at gen_systolic[0].u_systolic/p_1_out__40 of size 20x18, it is decomposed from a wide multipler into 10 DSP blocks.
Related violations: <none>

SYNTH-10#33 Warning
Wide multiplier  
Detected multiplier at gen_systolic[0].u_systolic/p_1_out__41 of size 18x18, it is decomposed from a wide multipler into 10 DSP blocks.
Related violations: <none>

SYNTH-10#34 Warning
Wide multiplier  
Detected multiplier at gen_systolic[0].u_systolic/p_1_out__42 of size 18x18, it is decomposed from a wide multipler into 10 DSP blocks.
Related violations: <none>

SYNTH-10#35 Warning
Wide multiplier  
Detected multiplier at gen_systolic[0].u_systolic/p_1_out__43 of size 18x18, it is decomposed from a wide multipler into 10 DSP blocks.
Related violations: <none>

SYNTH-10#36 Warning
Wide multiplier  
Detected multiplier at gen_systolic[0].u_systolic/p_1_out__44 of size 18x20, it is decomposed from a wide multipler into 10 DSP blocks.
Related violations: <none>

SYNTH-10#37 Warning
Wide multiplier  
Detected multiplier at gen_systolic[0].u_systolic/p_1_out__45 of size 20x18, it is decomposed from a wide multipler into 10 DSP blocks.
Related violations: <none>

SYNTH-10#38 Warning
Wide multiplier  
Detected multiplier at gen_systolic[0].u_systolic/p_1_out__47 of size 18x20, it is decomposed from a wide multipler into 10 DSP blocks.
Related violations: <none>

SYNTH-10#39 Warning
Wide multiplier  
Detected multiplier at gen_systolic[0].u_systolic/p_1_out__48 of size 18x18, it is decomposed from a wide multipler into 10 DSP blocks.
Related violations: <none>

SYNTH-10#40 Warning
Wide multiplier  
Detected multiplier at gen_systolic[0].u_systolic/p_1_out__49 of size 20x18, it is decomposed from a wide multipler into 10 DSP blocks.
Related violations: <none>

SYNTH-10#41 Warning
Wide multiplier  
Detected multiplier at gen_systolic[0].u_systolic/p_1_out__5 of size 18x18, it is decomposed from a wide multipler into 10 DSP blocks.
Related violations: <none>

SYNTH-10#42 Warning
Wide multiplier  
Detected multiplier at gen_systolic[0].u_systolic/p_1_out__50 of size 18x18, it is decomposed from a wide multipler into 10 DSP blocks.
Related violations: <none>

SYNTH-10#43 Warning
Wide multiplier  
Detected multiplier at gen_systolic[0].u_systolic/p_1_out__51 of size 18x18, it is decomposed from a wide multipler into 10 DSP blocks.
Related violations: <none>

SYNTH-10#44 Warning
Wide multiplier  
Detected multiplier at gen_systolic[0].u_systolic/p_1_out__52 of size 18x18, it is decomposed from a wide multipler into 10 DSP blocks.
Related violations: <none>

SYNTH-10#45 Warning
Wide multiplier  
Detected multiplier at gen_systolic[0].u_systolic/p_1_out__53 of size 18x20, it is decomposed from a wide multipler into 10 DSP blocks.
Related violations: <none>

SYNTH-10#46 Warning
Wide multiplier  
Detected multiplier at gen_systolic[0].u_systolic/p_1_out__54 of size 20x18, it is decomposed from a wide multipler into 10 DSP blocks.
Related violations: <none>

SYNTH-10#47 Warning
Wide multiplier  
Detected multiplier at gen_systolic[0].u_systolic/p_1_out__56 of size 18x20, it is decomposed from a wide multipler into 10 DSP blocks.
Related violations: <none>

SYNTH-10#48 Warning
Wide multiplier  
Detected multiplier at gen_systolic[0].u_systolic/p_1_out__57 of size 18x18, it is decomposed from a wide multipler into 10 DSP blocks.
Related violations: <none>

SYNTH-10#49 Warning
Wide multiplier  
Detected multiplier at gen_systolic[0].u_systolic/p_1_out__58 of size 20x18, it is decomposed from a wide multipler into 10 DSP blocks.
Related violations: <none>

SYNTH-10#50 Warning
Wide multiplier  
Detected multiplier at gen_systolic[0].u_systolic/p_1_out__59 of size 18x18, it is decomposed from a wide multipler into 10 DSP blocks.
Related violations: <none>

SYNTH-10#51 Warning
Wide multiplier  
Detected multiplier at gen_systolic[0].u_systolic/p_1_out__6 of size 18x18, it is decomposed from a wide multipler into 10 DSP blocks.
Related violations: <none>

SYNTH-10#52 Warning
Wide multiplier  
Detected multiplier at gen_systolic[0].u_systolic/p_1_out__60 of size 18x18, it is decomposed from a wide multipler into 10 DSP blocks.
Related violations: <none>

SYNTH-10#53 Warning
Wide multiplier  
Detected multiplier at gen_systolic[0].u_systolic/p_1_out__61 of size 18x18, it is decomposed from a wide multipler into 10 DSP blocks.
Related violations: <none>

SYNTH-10#54 Warning
Wide multiplier  
Detected multiplier at gen_systolic[0].u_systolic/p_1_out__62 of size 18x20, it is decomposed from a wide multipler into 10 DSP blocks.
Related violations: <none>

SYNTH-10#55 Warning
Wide multiplier  
Detected multiplier at gen_systolic[0].u_systolic/p_1_out__63 of size 20x18, it is decomposed from a wide multipler into 10 DSP blocks.
Related violations: <none>

SYNTH-10#56 Warning
Wide multiplier  
Detected multiplier at gen_systolic[0].u_systolic/p_1_out__65 of size 18x20, it is decomposed from a wide multipler into 10 DSP blocks.
Related violations: <none>

SYNTH-10#57 Warning
Wide multiplier  
Detected multiplier at gen_systolic[0].u_systolic/p_1_out__66 of size 18x18, it is decomposed from a wide multipler into 10 DSP blocks.
Related violations: <none>

SYNTH-10#58 Warning
Wide multiplier  
Detected multiplier at gen_systolic[0].u_systolic/p_1_out__67 of size 20x18, it is decomposed from a wide multipler into 10 DSP blocks.
Related violations: <none>

SYNTH-10#59 Warning
Wide multiplier  
Detected multiplier at gen_systolic[0].u_systolic/p_1_out__68 of size 18x18, it is decomposed from a wide multipler into 10 DSP blocks.
Related violations: <none>

SYNTH-10#60 Warning
Wide multiplier  
Detected multiplier at gen_systolic[0].u_systolic/p_1_out__69 of size 18x18, it is decomposed from a wide multipler into 10 DSP blocks.
Related violations: <none>

SYNTH-10#61 Warning
Wide multiplier  
Detected multiplier at gen_systolic[0].u_systolic/p_1_out__7 of size 18x18, it is decomposed from a wide multipler into 10 DSP blocks.
Related violations: <none>

SYNTH-10#62 Warning
Wide multiplier  
Detected multiplier at gen_systolic[0].u_systolic/p_1_out__70 of size 18x18, it is decomposed from a wide multipler into 10 DSP blocks.
Related violations: <none>

SYNTH-10#63 Warning
Wide multiplier  
Detected multiplier at gen_systolic[0].u_systolic/p_1_out__71 of size 18x20, it is decomposed from a wide multipler into 10 DSP blocks.
Related violations: <none>

SYNTH-10#64 Warning
Wide multiplier  
Detected multiplier at gen_systolic[0].u_systolic/p_1_out__72 of size 20x18, it is decomposed from a wide multipler into 10 DSP blocks.
Related violations: <none>

SYNTH-10#65 Warning
Wide multiplier  
Detected multiplier at gen_systolic[0].u_systolic/p_1_out__74 of size 18x20, it is decomposed from a wide multipler into 10 DSP blocks.
Related violations: <none>

SYNTH-10#66 Warning
Wide multiplier  
Detected multiplier at gen_systolic[0].u_systolic/p_1_out__75 of size 18x18, it is decomposed from a wide multipler into 10 DSP blocks.
Related violations: <none>

SYNTH-10#67 Warning
Wide multiplier  
Detected multiplier at gen_systolic[0].u_systolic/p_1_out__76 of size 20x18, it is decomposed from a wide multipler into 10 DSP blocks.
Related violations: <none>

SYNTH-10#68 Warning
Wide multiplier  
Detected multiplier at gen_systolic[0].u_systolic/p_1_out__77 of size 18x18, it is decomposed from a wide multipler into 10 DSP blocks.
Related violations: <none>

SYNTH-10#69 Warning
Wide multiplier  
Detected multiplier at gen_systolic[0].u_systolic/p_1_out__78 of size 18x18, it is decomposed from a wide multipler into 10 DSP blocks.
Related violations: <none>

SYNTH-10#70 Warning
Wide multiplier  
Detected multiplier at gen_systolic[0].u_systolic/p_1_out__79 of size 18x18, it is decomposed from a wide multipler into 10 DSP blocks.
Related violations: <none>

SYNTH-10#71 Warning
Wide multiplier  
Detected multiplier at gen_systolic[0].u_systolic/p_1_out__8 of size 18x20, it is decomposed from a wide multipler into 10 DSP blocks.
Related violations: <none>

SYNTH-10#72 Warning
Wide multiplier  
Detected multiplier at gen_systolic[0].u_systolic/p_1_out__9 of size 20x18, it is decomposed from a wide multipler into 10 DSP blocks.
Related violations: <none>

SYNTH-10#73 Warning
Wide multiplier  
Detected multiplier at gen_systolic[1].u_systolic/p_1_out of size 18x20, it is decomposed from a wide multipler into 10 DSP blocks.
Related violations: <none>

SYNTH-10#74 Warning
Wide multiplier  
Detected multiplier at gen_systolic[1].u_systolic/p_1_out__0 of size 20x18, it is decomposed from a wide multipler into 10 DSP blocks.
Related violations: <none>

SYNTH-10#75 Warning
Wide multiplier  
Detected multiplier at gen_systolic[1].u_systolic/p_1_out__11 of size 18x20, it is decomposed from a wide multipler into 10 DSP blocks.
Related violations: <none>

SYNTH-10#76 Warning
Wide multiplier  
Detected multiplier at gen_systolic[1].u_systolic/p_1_out__12 of size 18x18, it is decomposed from a wide multipler into 10 DSP blocks.
Related violations: <none>

SYNTH-10#77 Warning
Wide multiplier  
Detected multiplier at gen_systolic[1].u_systolic/p_1_out__13 of size 20x18, it is decomposed from a wide multipler into 10 DSP blocks.
Related violations: <none>

SYNTH-10#78 Warning
Wide multiplier  
Detected multiplier at gen_systolic[1].u_systolic/p_1_out__14 of size 18x18, it is decomposed from a wide multipler into 10 DSP blocks.
Related violations: <none>

SYNTH-10#79 Warning
Wide multiplier  
Detected multiplier at gen_systolic[1].u_systolic/p_1_out__15 of size 18x18, it is decomposed from a wide multipler into 10 DSP blocks.
Related violations: <none>

SYNTH-10#80 Warning
Wide multiplier  
Detected multiplier at gen_systolic[1].u_systolic/p_1_out__16 of size 18x18, it is decomposed from a wide multipler into 10 DSP blocks.
Related violations: <none>

SYNTH-10#81 Warning
Wide multiplier  
Detected multiplier at gen_systolic[1].u_systolic/p_1_out__17 of size 18x20, it is decomposed from a wide multipler into 10 DSP blocks.
Related violations: <none>

SYNTH-10#82 Warning
Wide multiplier  
Detected multiplier at gen_systolic[1].u_systolic/p_1_out__18 of size 20x18, it is decomposed from a wide multipler into 10 DSP blocks.
Related violations: <none>

SYNTH-10#83 Warning
Wide multiplier  
Detected multiplier at gen_systolic[1].u_systolic/p_1_out__2 of size 18x20, it is decomposed from a wide multipler into 10 DSP blocks.
Related violations: <none>

SYNTH-10#84 Warning
Wide multiplier  
Detected multiplier at gen_systolic[1].u_systolic/p_1_out__20 of size 18x20, it is decomposed from a wide multipler into 10 DSP blocks.
Related violations: <none>

SYNTH-10#85 Warning
Wide multiplier  
Detected multiplier at gen_systolic[1].u_systolic/p_1_out__21 of size 18x18, it is decomposed from a wide multipler into 10 DSP blocks.
Related violations: <none>

SYNTH-10#86 Warning
Wide multiplier  
Detected multiplier at gen_systolic[1].u_systolic/p_1_out__22 of size 20x18, it is decomposed from a wide multipler into 10 DSP blocks.
Related violations: <none>

SYNTH-10#87 Warning
Wide multiplier  
Detected multiplier at gen_systolic[1].u_systolic/p_1_out__23 of size 18x18, it is decomposed from a wide multipler into 10 DSP blocks.
Related violations: <none>

SYNTH-10#88 Warning
Wide multiplier  
Detected multiplier at gen_systolic[1].u_systolic/p_1_out__24 of size 18x18, it is decomposed from a wide multipler into 10 DSP blocks.
Related violations: <none>

SYNTH-10#89 Warning
Wide multiplier  
Detected multiplier at gen_systolic[1].u_systolic/p_1_out__25 of size 18x18, it is decomposed from a wide multipler into 10 DSP blocks.
Related violations: <none>

SYNTH-10#90 Warning
Wide multiplier  
Detected multiplier at gen_systolic[1].u_systolic/p_1_out__26 of size 18x20, it is decomposed from a wide multipler into 10 DSP blocks.
Related violations: <none>

SYNTH-10#91 Warning
Wide multiplier  
Detected multiplier at gen_systolic[1].u_systolic/p_1_out__27 of size 20x18, it is decomposed from a wide multipler into 10 DSP blocks.
Related violations: <none>

SYNTH-10#92 Warning
Wide multiplier  
Detected multiplier at gen_systolic[1].u_systolic/p_1_out__29 of size 18x20, it is decomposed from a wide multipler into 10 DSP blocks.
Related violations: <none>

SYNTH-10#93 Warning
Wide multiplier  
Detected multiplier at gen_systolic[1].u_systolic/p_1_out__3 of size 18x18, it is decomposed from a wide multipler into 10 DSP blocks.
Related violations: <none>

SYNTH-10#94 Warning
Wide multiplier  
Detected multiplier at gen_systolic[1].u_systolic/p_1_out__30 of size 18x18, it is decomposed from a wide multipler into 10 DSP blocks.
Related violations: <none>

SYNTH-10#95 Warning
Wide multiplier  
Detected multiplier at gen_systolic[1].u_systolic/p_1_out__31 of size 20x18, it is decomposed from a wide multipler into 10 DSP blocks.
Related violations: <none>

SYNTH-10#96 Warning
Wide multiplier  
Detected multiplier at gen_systolic[1].u_systolic/p_1_out__32 of size 18x18, it is decomposed from a wide multipler into 10 DSP blocks.
Related violations: <none>

SYNTH-10#97 Warning
Wide multiplier  
Detected multiplier at gen_systolic[1].u_systolic/p_1_out__33 of size 18x18, it is decomposed from a wide multipler into 10 DSP blocks.
Related violations: <none>

SYNTH-10#98 Warning
Wide multiplier  
Detected multiplier at gen_systolic[1].u_systolic/p_1_out__34 of size 18x18, it is decomposed from a wide multipler into 10 DSP blocks.
Related violations: <none>

SYNTH-10#99 Warning
Wide multiplier  
Detected multiplier at gen_systolic[1].u_systolic/p_1_out__35 of size 18x20, it is decomposed from a wide multipler into 10 DSP blocks.
Related violations: <none>

SYNTH-10#100 Warning
Wide multiplier  
Detected multiplier at gen_systolic[1].u_systolic/p_1_out__36 of size 20x18, it is decomposed from a wide multipler into 10 DSP blocks.
Related violations: <none>

SYNTH-10#101 Warning
Wide multiplier  
Detected multiplier at gen_systolic[1].u_systolic/p_1_out__38 of size 18x20, it is decomposed from a wide multipler into 10 DSP blocks.
Related violations: <none>

SYNTH-10#102 Warning
Wide multiplier  
Detected multiplier at gen_systolic[1].u_systolic/p_1_out__39 of size 18x18, it is decomposed from a wide multipler into 10 DSP blocks.
Related violations: <none>

SYNTH-10#103 Warning
Wide multiplier  
Detected multiplier at gen_systolic[1].u_systolic/p_1_out__4 of size 20x18, it is decomposed from a wide multipler into 10 DSP blocks.
Related violations: <none>

SYNTH-10#104 Warning
Wide multiplier  
Detected multiplier at gen_systolic[1].u_systolic/p_1_out__40 of size 20x18, it is decomposed from a wide multipler into 10 DSP blocks.
Related violations: <none>

SYNTH-10#105 Warning
Wide multiplier  
Detected multiplier at gen_systolic[1].u_systolic/p_1_out__41 of size 18x18, it is decomposed from a wide multipler into 10 DSP blocks.
Related violations: <none>

SYNTH-10#106 Warning
Wide multiplier  
Detected multiplier at gen_systolic[1].u_systolic/p_1_out__42 of size 18x18, it is decomposed from a wide multipler into 10 DSP blocks.
Related violations: <none>

SYNTH-10#107 Warning
Wide multiplier  
Detected multiplier at gen_systolic[1].u_systolic/p_1_out__43 of size 18x18, it is decomposed from a wide multipler into 10 DSP blocks.
Related violations: <none>

SYNTH-10#108 Warning
Wide multiplier  
Detected multiplier at gen_systolic[1].u_systolic/p_1_out__44 of size 18x20, it is decomposed from a wide multipler into 10 DSP blocks.
Related violations: <none>

SYNTH-10#109 Warning
Wide multiplier  
Detected multiplier at gen_systolic[1].u_systolic/p_1_out__45 of size 20x18, it is decomposed from a wide multipler into 10 DSP blocks.
Related violations: <none>

SYNTH-10#110 Warning
Wide multiplier  
Detected multiplier at gen_systolic[1].u_systolic/p_1_out__47 of size 18x20, it is decomposed from a wide multipler into 10 DSP blocks.
Related violations: <none>

SYNTH-10#111 Warning
Wide multiplier  
Detected multiplier at gen_systolic[1].u_systolic/p_1_out__48 of size 18x18, it is decomposed from a wide multipler into 10 DSP blocks.
Related violations: <none>

SYNTH-10#112 Warning
Wide multiplier  
Detected multiplier at gen_systolic[1].u_systolic/p_1_out__49 of size 20x18, it is decomposed from a wide multipler into 10 DSP blocks.
Related violations: <none>

SYNTH-10#113 Warning
Wide multiplier  
Detected multiplier at gen_systolic[1].u_systolic/p_1_out__5 of size 18x18, it is decomposed from a wide multipler into 10 DSP blocks.
Related violations: <none>

SYNTH-10#114 Warning
Wide multiplier  
Detected multiplier at gen_systolic[1].u_systolic/p_1_out__50 of size 18x18, it is decomposed from a wide multipler into 10 DSP blocks.
Related violations: <none>

SYNTH-10#115 Warning
Wide multiplier  
Detected multiplier at gen_systolic[1].u_systolic/p_1_out__51 of size 18x18, it is decomposed from a wide multipler into 10 DSP blocks.
Related violations: <none>

SYNTH-10#116 Warning
Wide multiplier  
Detected multiplier at gen_systolic[1].u_systolic/p_1_out__52 of size 18x18, it is decomposed from a wide multipler into 10 DSP blocks.
Related violations: <none>

SYNTH-10#117 Warning
Wide multiplier  
Detected multiplier at gen_systolic[1].u_systolic/p_1_out__53 of size 18x20, it is decomposed from a wide multipler into 10 DSP blocks.
Related violations: <none>

SYNTH-10#118 Warning
Wide multiplier  
Detected multiplier at gen_systolic[1].u_systolic/p_1_out__54 of size 20x18, it is decomposed from a wide multipler into 10 DSP blocks.
Related violations: <none>

SYNTH-10#119 Warning
Wide multiplier  
Detected multiplier at gen_systolic[1].u_systolic/p_1_out__56 of size 18x20, it is decomposed from a wide multipler into 10 DSP blocks.
Related violations: <none>

SYNTH-10#120 Warning
Wide multiplier  
Detected multiplier at gen_systolic[1].u_systolic/p_1_out__57 of size 18x18, it is decomposed from a wide multipler into 10 DSP blocks.
Related violations: <none>

SYNTH-10#121 Warning
Wide multiplier  
Detected multiplier at gen_systolic[1].u_systolic/p_1_out__58 of size 20x18, it is decomposed from a wide multipler into 10 DSP blocks.
Related violations: <none>

SYNTH-10#122 Warning
Wide multiplier  
Detected multiplier at gen_systolic[1].u_systolic/p_1_out__59 of size 18x18, it is decomposed from a wide multipler into 10 DSP blocks.
Related violations: <none>

SYNTH-10#123 Warning
Wide multiplier  
Detected multiplier at gen_systolic[1].u_systolic/p_1_out__6 of size 18x18, it is decomposed from a wide multipler into 10 DSP blocks.
Related violations: <none>

SYNTH-10#124 Warning
Wide multiplier  
Detected multiplier at gen_systolic[1].u_systolic/p_1_out__60 of size 18x18, it is decomposed from a wide multipler into 10 DSP blocks.
Related violations: <none>

SYNTH-10#125 Warning
Wide multiplier  
Detected multiplier at gen_systolic[1].u_systolic/p_1_out__61 of size 18x18, it is decomposed from a wide multipler into 10 DSP blocks.
Related violations: <none>

SYNTH-10#126 Warning
Wide multiplier  
Detected multiplier at gen_systolic[1].u_systolic/p_1_out__62 of size 18x20, it is decomposed from a wide multipler into 10 DSP blocks.
Related violations: <none>

SYNTH-10#127 Warning
Wide multiplier  
Detected multiplier at gen_systolic[1].u_systolic/p_1_out__63 of size 20x18, it is decomposed from a wide multipler into 10 DSP blocks.
Related violations: <none>

SYNTH-10#128 Warning
Wide multiplier  
Detected multiplier at gen_systolic[1].u_systolic/p_1_out__65 of size 18x20, it is decomposed from a wide multipler into 10 DSP blocks.
Related violations: <none>

SYNTH-10#129 Warning
Wide multiplier  
Detected multiplier at gen_systolic[1].u_systolic/p_1_out__66 of size 18x18, it is decomposed from a wide multipler into 10 DSP blocks.
Related violations: <none>

SYNTH-10#130 Warning
Wide multiplier  
Detected multiplier at gen_systolic[1].u_systolic/p_1_out__67 of size 20x18, it is decomposed from a wide multipler into 10 DSP blocks.
Related violations: <none>

SYNTH-10#131 Warning
Wide multiplier  
Detected multiplier at gen_systolic[1].u_systolic/p_1_out__68 of size 18x18, it is decomposed from a wide multipler into 10 DSP blocks.
Related violations: <none>

SYNTH-10#132 Warning
Wide multiplier  
Detected multiplier at gen_systolic[1].u_systolic/p_1_out__69 of size 18x18, it is decomposed from a wide multipler into 10 DSP blocks.
Related violations: <none>

SYNTH-10#133 Warning
Wide multiplier  
Detected multiplier at gen_systolic[1].u_systolic/p_1_out__7 of size 18x18, it is decomposed from a wide multipler into 10 DSP blocks.
Related violations: <none>

SYNTH-10#134 Warning
Wide multiplier  
Detected multiplier at gen_systolic[1].u_systolic/p_1_out__70 of size 18x18, it is decomposed from a wide multipler into 10 DSP blocks.
Related violations: <none>

SYNTH-10#135 Warning
Wide multiplier  
Detected multiplier at gen_systolic[1].u_systolic/p_1_out__71 of size 18x20, it is decomposed from a wide multipler into 10 DSP blocks.
Related violations: <none>

SYNTH-10#136 Warning
Wide multiplier  
Detected multiplier at gen_systolic[1].u_systolic/p_1_out__72 of size 20x18, it is decomposed from a wide multipler into 10 DSP blocks.
Related violations: <none>

SYNTH-10#137 Warning
Wide multiplier  
Detected multiplier at gen_systolic[1].u_systolic/p_1_out__74 of size 18x20, it is decomposed from a wide multipler into 10 DSP blocks.
Related violations: <none>

SYNTH-10#138 Warning
Wide multiplier  
Detected multiplier at gen_systolic[1].u_systolic/p_1_out__75 of size 18x18, it is decomposed from a wide multipler into 10 DSP blocks.
Related violations: <none>

SYNTH-10#139 Warning
Wide multiplier  
Detected multiplier at gen_systolic[1].u_systolic/p_1_out__76 of size 20x18, it is decomposed from a wide multipler into 10 DSP blocks.
Related violations: <none>

SYNTH-10#140 Warning
Wide multiplier  
Detected multiplier at gen_systolic[1].u_systolic/p_1_out__77 of size 18x18, it is decomposed from a wide multipler into 10 DSP blocks.
Related violations: <none>

SYNTH-10#141 Warning
Wide multiplier  
Detected multiplier at gen_systolic[1].u_systolic/p_1_out__78 of size 18x18, it is decomposed from a wide multipler into 10 DSP blocks.
Related violations: <none>

SYNTH-10#142 Warning
Wide multiplier  
Detected multiplier at gen_systolic[1].u_systolic/p_1_out__79 of size 18x18, it is decomposed from a wide multipler into 10 DSP blocks.
Related violations: <none>

SYNTH-10#143 Warning
Wide multiplier  
Detected multiplier at gen_systolic[1].u_systolic/p_1_out__8 of size 18x20, it is decomposed from a wide multipler into 10 DSP blocks.
Related violations: <none>

SYNTH-10#144 Warning
Wide multiplier  
Detected multiplier at gen_systolic[1].u_systolic/p_1_out__9 of size 20x18, it is decomposed from a wide multipler into 10 DSP blocks.
Related violations: <none>

SYNTH-10#145 Warning
Wide multiplier  
Detected multiplier at gen_systolic[2].u_systolic/p_1_out of size 18x20, it is decomposed from a wide multipler into 10 DSP blocks.
Related violations: <none>

SYNTH-10#146 Warning
Wide multiplier  
Detected multiplier at gen_systolic[2].u_systolic/p_1_out__0 of size 20x18, it is decomposed from a wide multipler into 10 DSP blocks.
Related violations: <none>

SYNTH-10#147 Warning
Wide multiplier  
Detected multiplier at gen_systolic[2].u_systolic/p_1_out__11 of size 18x20, it is decomposed from a wide multipler into 10 DSP blocks.
Related violations: <none>

SYNTH-10#148 Warning
Wide multiplier  
Detected multiplier at gen_systolic[2].u_systolic/p_1_out__12 of size 18x18, it is decomposed from a wide multipler into 10 DSP blocks.
Related violations: <none>

SYNTH-10#149 Warning
Wide multiplier  
Detected multiplier at gen_systolic[2].u_systolic/p_1_out__13 of size 20x18, it is decomposed from a wide multipler into 10 DSP blocks.
Related violations: <none>

SYNTH-10#150 Warning
Wide multiplier  
Detected multiplier at gen_systolic[2].u_systolic/p_1_out__14 of size 18x18, it is decomposed from a wide multipler into 10 DSP blocks.
Related violations: <none>

SYNTH-10#151 Warning
Wide multiplier  
Detected multiplier at gen_systolic[2].u_systolic/p_1_out__15 of size 18x18, it is decomposed from a wide multipler into 10 DSP blocks.
Related violations: <none>

SYNTH-10#152 Warning
Wide multiplier  
Detected multiplier at gen_systolic[2].u_systolic/p_1_out__16 of size 18x18, it is decomposed from a wide multipler into 10 DSP blocks.
Related violations: <none>

SYNTH-10#153 Warning
Wide multiplier  
Detected multiplier at gen_systolic[2].u_systolic/p_1_out__17 of size 18x20, it is decomposed from a wide multipler into 10 DSP blocks.
Related violations: <none>

SYNTH-10#154 Warning
Wide multiplier  
Detected multiplier at gen_systolic[2].u_systolic/p_1_out__18 of size 20x18, it is decomposed from a wide multipler into 10 DSP blocks.
Related violations: <none>

SYNTH-10#155 Warning
Wide multiplier  
Detected multiplier at gen_systolic[2].u_systolic/p_1_out__2 of size 18x20, it is decomposed from a wide multipler into 10 DSP blocks.
Related violations: <none>

SYNTH-10#156 Warning
Wide multiplier  
Detected multiplier at gen_systolic[2].u_systolic/p_1_out__20 of size 18x20, it is decomposed from a wide multipler into 10 DSP blocks.
Related violations: <none>

SYNTH-10#157 Warning
Wide multiplier  
Detected multiplier at gen_systolic[2].u_systolic/p_1_out__21 of size 18x18, it is decomposed from a wide multipler into 10 DSP blocks.
Related violations: <none>

SYNTH-10#158 Warning
Wide multiplier  
Detected multiplier at gen_systolic[2].u_systolic/p_1_out__22 of size 20x18, it is decomposed from a wide multipler into 10 DSP blocks.
Related violations: <none>

SYNTH-10#159 Warning
Wide multiplier  
Detected multiplier at gen_systolic[2].u_systolic/p_1_out__23 of size 18x18, it is decomposed from a wide multipler into 10 DSP blocks.
Related violations: <none>

SYNTH-10#160 Warning
Wide multiplier  
Detected multiplier at gen_systolic[2].u_systolic/p_1_out__24 of size 18x18, it is decomposed from a wide multipler into 10 DSP blocks.
Related violations: <none>

SYNTH-10#161 Warning
Wide multiplier  
Detected multiplier at gen_systolic[2].u_systolic/p_1_out__25 of size 18x18, it is decomposed from a wide multipler into 10 DSP blocks.
Related violations: <none>

SYNTH-10#162 Warning
Wide multiplier  
Detected multiplier at gen_systolic[2].u_systolic/p_1_out__26 of size 18x20, it is decomposed from a wide multipler into 10 DSP blocks.
Related violations: <none>

SYNTH-10#163 Warning
Wide multiplier  
Detected multiplier at gen_systolic[2].u_systolic/p_1_out__27 of size 20x18, it is decomposed from a wide multipler into 10 DSP blocks.
Related violations: <none>

SYNTH-10#164 Warning
Wide multiplier  
Detected multiplier at gen_systolic[2].u_systolic/p_1_out__29 of size 18x20, it is decomposed from a wide multipler into 10 DSP blocks.
Related violations: <none>

SYNTH-10#165 Warning
Wide multiplier  
Detected multiplier at gen_systolic[2].u_systolic/p_1_out__3 of size 18x18, it is decomposed from a wide multipler into 10 DSP blocks.
Related violations: <none>

SYNTH-10#166 Warning
Wide multiplier  
Detected multiplier at gen_systolic[2].u_systolic/p_1_out__30 of size 18x18, it is decomposed from a wide multipler into 10 DSP blocks.
Related violations: <none>

SYNTH-10#167 Warning
Wide multiplier  
Detected multiplier at gen_systolic[2].u_systolic/p_1_out__31 of size 20x18, it is decomposed from a wide multipler into 10 DSP blocks.
Related violations: <none>

SYNTH-10#168 Warning
Wide multiplier  
Detected multiplier at gen_systolic[2].u_systolic/p_1_out__32 of size 18x18, it is decomposed from a wide multipler into 10 DSP blocks.
Related violations: <none>

SYNTH-10#169 Warning
Wide multiplier  
Detected multiplier at gen_systolic[2].u_systolic/p_1_out__33 of size 18x18, it is decomposed from a wide multipler into 10 DSP blocks.
Related violations: <none>

SYNTH-10#170 Warning
Wide multiplier  
Detected multiplier at gen_systolic[2].u_systolic/p_1_out__34 of size 18x18, it is decomposed from a wide multipler into 10 DSP blocks.
Related violations: <none>

SYNTH-10#171 Warning
Wide multiplier  
Detected multiplier at gen_systolic[2].u_systolic/p_1_out__35 of size 18x20, it is decomposed from a wide multipler into 10 DSP blocks.
Related violations: <none>

SYNTH-10#172 Warning
Wide multiplier  
Detected multiplier at gen_systolic[2].u_systolic/p_1_out__36 of size 20x18, it is decomposed from a wide multipler into 10 DSP blocks.
Related violations: <none>

SYNTH-10#173 Warning
Wide multiplier  
Detected multiplier at gen_systolic[2].u_systolic/p_1_out__38 of size 18x20, it is decomposed from a wide multipler into 10 DSP blocks.
Related violations: <none>

SYNTH-10#174 Warning
Wide multiplier  
Detected multiplier at gen_systolic[2].u_systolic/p_1_out__39 of size 18x18, it is decomposed from a wide multipler into 10 DSP blocks.
Related violations: <none>

SYNTH-10#175 Warning
Wide multiplier  
Detected multiplier at gen_systolic[2].u_systolic/p_1_out__4 of size 20x18, it is decomposed from a wide multipler into 10 DSP blocks.
Related violations: <none>

SYNTH-10#176 Warning
Wide multiplier  
Detected multiplier at gen_systolic[2].u_systolic/p_1_out__40 of size 20x18, it is decomposed from a wide multipler into 10 DSP blocks.
Related violations: <none>

SYNTH-10#177 Warning
Wide multiplier  
Detected multiplier at gen_systolic[2].u_systolic/p_1_out__41 of size 18x18, it is decomposed from a wide multipler into 10 DSP blocks.
Related violations: <none>

SYNTH-10#178 Warning
Wide multiplier  
Detected multiplier at gen_systolic[2].u_systolic/p_1_out__42 of size 18x18, it is decomposed from a wide multipler into 10 DSP blocks.
Related violations: <none>

SYNTH-10#179 Warning
Wide multiplier  
Detected multiplier at gen_systolic[2].u_systolic/p_1_out__43 of size 18x18, it is decomposed from a wide multipler into 10 DSP blocks.
Related violations: <none>

SYNTH-10#180 Warning
Wide multiplier  
Detected multiplier at gen_systolic[2].u_systolic/p_1_out__44 of size 18x20, it is decomposed from a wide multipler into 10 DSP blocks.
Related violations: <none>

SYNTH-10#181 Warning
Wide multiplier  
Detected multiplier at gen_systolic[2].u_systolic/p_1_out__45 of size 20x18, it is decomposed from a wide multipler into 10 DSP blocks.
Related violations: <none>

SYNTH-10#182 Warning
Wide multiplier  
Detected multiplier at gen_systolic[2].u_systolic/p_1_out__47 of size 18x20, it is decomposed from a wide multipler into 10 DSP blocks.
Related violations: <none>

SYNTH-10#183 Warning
Wide multiplier  
Detected multiplier at gen_systolic[2].u_systolic/p_1_out__48 of size 18x18, it is decomposed from a wide multipler into 10 DSP blocks.
Related violations: <none>

SYNTH-10#184 Warning
Wide multiplier  
Detected multiplier at gen_systolic[2].u_systolic/p_1_out__49 of size 20x18, it is decomposed from a wide multipler into 10 DSP blocks.
Related violations: <none>

SYNTH-10#185 Warning
Wide multiplier  
Detected multiplier at gen_systolic[2].u_systolic/p_1_out__5 of size 18x18, it is decomposed from a wide multipler into 10 DSP blocks.
Related violations: <none>

SYNTH-10#186 Warning
Wide multiplier  
Detected multiplier at gen_systolic[2].u_systolic/p_1_out__50 of size 18x18, it is decomposed from a wide multipler into 10 DSP blocks.
Related violations: <none>

SYNTH-10#187 Warning
Wide multiplier  
Detected multiplier at gen_systolic[2].u_systolic/p_1_out__51 of size 18x18, it is decomposed from a wide multipler into 10 DSP blocks.
Related violations: <none>

SYNTH-10#188 Warning
Wide multiplier  
Detected multiplier at gen_systolic[2].u_systolic/p_1_out__52 of size 18x18, it is decomposed from a wide multipler into 10 DSP blocks.
Related violations: <none>

SYNTH-10#189 Warning
Wide multiplier  
Detected multiplier at gen_systolic[2].u_systolic/p_1_out__53 of size 18x20, it is decomposed from a wide multipler into 10 DSP blocks.
Related violations: <none>

SYNTH-10#190 Warning
Wide multiplier  
Detected multiplier at gen_systolic[2].u_systolic/p_1_out__54 of size 20x18, it is decomposed from a wide multipler into 10 DSP blocks.
Related violations: <none>

SYNTH-10#191 Warning
Wide multiplier  
Detected multiplier at gen_systolic[2].u_systolic/p_1_out__56 of size 18x20, it is decomposed from a wide multipler into 10 DSP blocks.
Related violations: <none>

SYNTH-10#192 Warning
Wide multiplier  
Detected multiplier at gen_systolic[2].u_systolic/p_1_out__57 of size 18x18, it is decomposed from a wide multipler into 10 DSP blocks.
Related violations: <none>

SYNTH-10#193 Warning
Wide multiplier  
Detected multiplier at gen_systolic[2].u_systolic/p_1_out__58 of size 20x18, it is decomposed from a wide multipler into 10 DSP blocks.
Related violations: <none>

SYNTH-10#194 Warning
Wide multiplier  
Detected multiplier at gen_systolic[2].u_systolic/p_1_out__59 of size 18x18, it is decomposed from a wide multipler into 10 DSP blocks.
Related violations: <none>

SYNTH-10#195 Warning
Wide multiplier  
Detected multiplier at gen_systolic[2].u_systolic/p_1_out__6 of size 18x18, it is decomposed from a wide multipler into 10 DSP blocks.
Related violations: <none>

SYNTH-10#196 Warning
Wide multiplier  
Detected multiplier at gen_systolic[2].u_systolic/p_1_out__60 of size 18x18, it is decomposed from a wide multipler into 10 DSP blocks.
Related violations: <none>

SYNTH-10#197 Warning
Wide multiplier  
Detected multiplier at gen_systolic[2].u_systolic/p_1_out__61 of size 18x18, it is decomposed from a wide multipler into 10 DSP blocks.
Related violations: <none>

SYNTH-10#198 Warning
Wide multiplier  
Detected multiplier at gen_systolic[2].u_systolic/p_1_out__62 of size 18x20, it is decomposed from a wide multipler into 10 DSP blocks.
Related violations: <none>

SYNTH-10#199 Warning
Wide multiplier  
Detected multiplier at gen_systolic[2].u_systolic/p_1_out__63 of size 20x18, it is decomposed from a wide multipler into 10 DSP blocks.
Related violations: <none>

SYNTH-10#200 Warning
Wide multiplier  
Detected multiplier at gen_systolic[2].u_systolic/p_1_out__65 of size 18x20, it is decomposed from a wide multipler into 10 DSP blocks.
Related violations: <none>

SYNTH-10#201 Warning
Wide multiplier  
Detected multiplier at gen_systolic[2].u_systolic/p_1_out__66 of size 18x18, it is decomposed from a wide multipler into 10 DSP blocks.
Related violations: <none>

SYNTH-10#202 Warning
Wide multiplier  
Detected multiplier at gen_systolic[2].u_systolic/p_1_out__67 of size 20x18, it is decomposed from a wide multipler into 10 DSP blocks.
Related violations: <none>

SYNTH-10#203 Warning
Wide multiplier  
Detected multiplier at gen_systolic[2].u_systolic/p_1_out__68 of size 18x18, it is decomposed from a wide multipler into 10 DSP blocks.
Related violations: <none>

SYNTH-10#204 Warning
Wide multiplier  
Detected multiplier at gen_systolic[2].u_systolic/p_1_out__69 of size 18x18, it is decomposed from a wide multipler into 10 DSP blocks.
Related violations: <none>

SYNTH-10#205 Warning
Wide multiplier  
Detected multiplier at gen_systolic[2].u_systolic/p_1_out__7 of size 18x18, it is decomposed from a wide multipler into 10 DSP blocks.
Related violations: <none>

SYNTH-10#206 Warning
Wide multiplier  
Detected multiplier at gen_systolic[2].u_systolic/p_1_out__70 of size 18x18, it is decomposed from a wide multipler into 10 DSP blocks.
Related violations: <none>

SYNTH-10#207 Warning
Wide multiplier  
Detected multiplier at gen_systolic[2].u_systolic/p_1_out__71 of size 18x20, it is decomposed from a wide multipler into 10 DSP blocks.
Related violations: <none>

SYNTH-10#208 Warning
Wide multiplier  
Detected multiplier at gen_systolic[2].u_systolic/p_1_out__72 of size 20x18, it is decomposed from a wide multipler into 10 DSP blocks.
Related violations: <none>

SYNTH-10#209 Warning
Wide multiplier  
Detected multiplier at gen_systolic[2].u_systolic/p_1_out__74 of size 18x20, it is decomposed from a wide multipler into 10 DSP blocks.
Related violations: <none>

SYNTH-10#210 Warning
Wide multiplier  
Detected multiplier at gen_systolic[2].u_systolic/p_1_out__75 of size 18x18, it is decomposed from a wide multipler into 10 DSP blocks.
Related violations: <none>

SYNTH-10#211 Warning
Wide multiplier  
Detected multiplier at gen_systolic[2].u_systolic/p_1_out__76 of size 20x18, it is decomposed from a wide multipler into 10 DSP blocks.
Related violations: <none>

SYNTH-10#212 Warning
Wide multiplier  
Detected multiplier at gen_systolic[2].u_systolic/p_1_out__77 of size 18x18, it is decomposed from a wide multipler into 10 DSP blocks.
Related violations: <none>

SYNTH-10#213 Warning
Wide multiplier  
Detected multiplier at gen_systolic[2].u_systolic/p_1_out__78 of size 18x18, it is decomposed from a wide multipler into 10 DSP blocks.
Related violations: <none>

SYNTH-10#214 Warning
Wide multiplier  
Detected multiplier at gen_systolic[2].u_systolic/p_1_out__79 of size 18x18, it is decomposed from a wide multipler into 10 DSP blocks.
Related violations: <none>

SYNTH-10#215 Warning
Wide multiplier  
Detected multiplier at gen_systolic[2].u_systolic/p_1_out__8 of size 18x20, it is decomposed from a wide multipler into 10 DSP blocks.
Related violations: <none>

SYNTH-10#216 Warning
Wide multiplier  
Detected multiplier at gen_systolic[2].u_systolic/p_1_out__9 of size 20x18, it is decomposed from a wide multipler into 10 DSP blocks.
Related violations: <none>

SYNTH-10#217 Warning
Wide multiplier  
Detected multiplier at gen_systolic[3].u_systolic/p_1_out of size 18x20, it is decomposed from a wide multipler into 10 DSP blocks.
Related violations: <none>

SYNTH-10#218 Warning
Wide multiplier  
Detected multiplier at gen_systolic[3].u_systolic/p_1_out__0 of size 20x18, it is decomposed from a wide multipler into 10 DSP blocks.
Related violations: <none>

SYNTH-10#219 Warning
Wide multiplier  
Detected multiplier at gen_systolic[3].u_systolic/p_1_out__11 of size 18x20, it is decomposed from a wide multipler into 10 DSP blocks.
Related violations: <none>

SYNTH-10#220 Warning
Wide multiplier  
Detected multiplier at gen_systolic[3].u_systolic/p_1_out__12 of size 18x18, it is decomposed from a wide multipler into 10 DSP blocks.
Related violations: <none>

SYNTH-10#221 Warning
Wide multiplier  
Detected multiplier at gen_systolic[3].u_systolic/p_1_out__13 of size 20x18, it is decomposed from a wide multipler into 10 DSP blocks.
Related violations: <none>

SYNTH-10#222 Warning
Wide multiplier  
Detected multiplier at gen_systolic[3].u_systolic/p_1_out__14 of size 18x18, it is decomposed from a wide multipler into 10 DSP blocks.
Related violations: <none>

SYNTH-10#223 Warning
Wide multiplier  
Detected multiplier at gen_systolic[3].u_systolic/p_1_out__15 of size 18x18, it is decomposed from a wide multipler into 10 DSP blocks.
Related violations: <none>

SYNTH-10#224 Warning
Wide multiplier  
Detected multiplier at gen_systolic[3].u_systolic/p_1_out__16 of size 18x18, it is decomposed from a wide multipler into 10 DSP blocks.
Related violations: <none>

SYNTH-10#225 Warning
Wide multiplier  
Detected multiplier at gen_systolic[3].u_systolic/p_1_out__17 of size 18x20, it is decomposed from a wide multipler into 10 DSP blocks.
Related violations: <none>

SYNTH-10#226 Warning
Wide multiplier  
Detected multiplier at gen_systolic[3].u_systolic/p_1_out__18 of size 20x18, it is decomposed from a wide multipler into 10 DSP blocks.
Related violations: <none>

SYNTH-10#227 Warning
Wide multiplier  
Detected multiplier at gen_systolic[3].u_systolic/p_1_out__2 of size 18x20, it is decomposed from a wide multipler into 10 DSP blocks.
Related violations: <none>

SYNTH-10#228 Warning
Wide multiplier  
Detected multiplier at gen_systolic[3].u_systolic/p_1_out__20 of size 18x20, it is decomposed from a wide multipler into 10 DSP blocks.
Related violations: <none>

SYNTH-10#229 Warning
Wide multiplier  
Detected multiplier at gen_systolic[3].u_systolic/p_1_out__21 of size 18x18, it is decomposed from a wide multipler into 10 DSP blocks.
Related violations: <none>

SYNTH-10#230 Warning
Wide multiplier  
Detected multiplier at gen_systolic[3].u_systolic/p_1_out__22 of size 20x18, it is decomposed from a wide multipler into 10 DSP blocks.
Related violations: <none>

SYNTH-10#231 Warning
Wide multiplier  
Detected multiplier at gen_systolic[3].u_systolic/p_1_out__23 of size 18x18, it is decomposed from a wide multipler into 10 DSP blocks.
Related violations: <none>

SYNTH-10#232 Warning
Wide multiplier  
Detected multiplier at gen_systolic[3].u_systolic/p_1_out__24 of size 18x18, it is decomposed from a wide multipler into 10 DSP blocks.
Related violations: <none>

SYNTH-10#233 Warning
Wide multiplier  
Detected multiplier at gen_systolic[3].u_systolic/p_1_out__25 of size 18x18, it is decomposed from a wide multipler into 10 DSP blocks.
Related violations: <none>

SYNTH-10#234 Warning
Wide multiplier  
Detected multiplier at gen_systolic[3].u_systolic/p_1_out__26 of size 18x20, it is decomposed from a wide multipler into 10 DSP blocks.
Related violations: <none>

SYNTH-10#235 Warning
Wide multiplier  
Detected multiplier at gen_systolic[3].u_systolic/p_1_out__27 of size 20x18, it is decomposed from a wide multipler into 10 DSP blocks.
Related violations: <none>

SYNTH-10#236 Warning
Wide multiplier  
Detected multiplier at gen_systolic[3].u_systolic/p_1_out__29 of size 18x20, it is decomposed from a wide multipler into 10 DSP blocks.
Related violations: <none>

SYNTH-10#237 Warning
Wide multiplier  
Detected multiplier at gen_systolic[3].u_systolic/p_1_out__3 of size 18x18, it is decomposed from a wide multipler into 10 DSP blocks.
Related violations: <none>

SYNTH-10#238 Warning
Wide multiplier  
Detected multiplier at gen_systolic[3].u_systolic/p_1_out__30 of size 18x18, it is decomposed from a wide multipler into 10 DSP blocks.
Related violations: <none>

SYNTH-10#239 Warning
Wide multiplier  
Detected multiplier at gen_systolic[3].u_systolic/p_1_out__31 of size 20x18, it is decomposed from a wide multipler into 10 DSP blocks.
Related violations: <none>

SYNTH-10#240 Warning
Wide multiplier  
Detected multiplier at gen_systolic[3].u_systolic/p_1_out__32 of size 18x18, it is decomposed from a wide multipler into 10 DSP blocks.
Related violations: <none>

SYNTH-10#241 Warning
Wide multiplier  
Detected multiplier at gen_systolic[3].u_systolic/p_1_out__33 of size 18x18, it is decomposed from a wide multipler into 10 DSP blocks.
Related violations: <none>

SYNTH-10#242 Warning
Wide multiplier  
Detected multiplier at gen_systolic[3].u_systolic/p_1_out__34 of size 18x18, it is decomposed from a wide multipler into 10 DSP blocks.
Related violations: <none>

SYNTH-10#243 Warning
Wide multiplier  
Detected multiplier at gen_systolic[3].u_systolic/p_1_out__35 of size 18x20, it is decomposed from a wide multipler into 10 DSP blocks.
Related violations: <none>

SYNTH-10#244 Warning
Wide multiplier  
Detected multiplier at gen_systolic[3].u_systolic/p_1_out__36 of size 20x18, it is decomposed from a wide multipler into 10 DSP blocks.
Related violations: <none>

SYNTH-10#245 Warning
Wide multiplier  
Detected multiplier at gen_systolic[3].u_systolic/p_1_out__38 of size 18x20, it is decomposed from a wide multipler into 10 DSP blocks.
Related violations: <none>

SYNTH-10#246 Warning
Wide multiplier  
Detected multiplier at gen_systolic[3].u_systolic/p_1_out__39 of size 18x18, it is decomposed from a wide multipler into 10 DSP blocks.
Related violations: <none>

SYNTH-10#247 Warning
Wide multiplier  
Detected multiplier at gen_systolic[3].u_systolic/p_1_out__4 of size 20x18, it is decomposed from a wide multipler into 10 DSP blocks.
Related violations: <none>

SYNTH-10#248 Warning
Wide multiplier  
Detected multiplier at gen_systolic[3].u_systolic/p_1_out__40 of size 20x18, it is decomposed from a wide multipler into 10 DSP blocks.
Related violations: <none>

SYNTH-10#249 Warning
Wide multiplier  
Detected multiplier at gen_systolic[3].u_systolic/p_1_out__41 of size 18x18, it is decomposed from a wide multipler into 10 DSP blocks.
Related violations: <none>

SYNTH-10#250 Warning
Wide multiplier  
Detected multiplier at gen_systolic[3].u_systolic/p_1_out__42 of size 18x18, it is decomposed from a wide multipler into 10 DSP blocks.
Related violations: <none>

SYNTH-10#251 Warning
Wide multiplier  
Detected multiplier at gen_systolic[3].u_systolic/p_1_out__43 of size 18x18, it is decomposed from a wide multipler into 10 DSP blocks.
Related violations: <none>

SYNTH-10#252 Warning
Wide multiplier  
Detected multiplier at gen_systolic[3].u_systolic/p_1_out__44 of size 18x20, it is decomposed from a wide multipler into 10 DSP blocks.
Related violations: <none>

SYNTH-10#253 Warning
Wide multiplier  
Detected multiplier at gen_systolic[3].u_systolic/p_1_out__45 of size 20x18, it is decomposed from a wide multipler into 10 DSP blocks.
Related violations: <none>

SYNTH-10#254 Warning
Wide multiplier  
Detected multiplier at gen_systolic[3].u_systolic/p_1_out__47 of size 18x20, it is decomposed from a wide multipler into 10 DSP blocks.
Related violations: <none>

SYNTH-10#255 Warning
Wide multiplier  
Detected multiplier at gen_systolic[3].u_systolic/p_1_out__48 of size 18x18, it is decomposed from a wide multipler into 10 DSP blocks.
Related violations: <none>

SYNTH-10#256 Warning
Wide multiplier  
Detected multiplier at gen_systolic[3].u_systolic/p_1_out__49 of size 20x18, it is decomposed from a wide multipler into 10 DSP blocks.
Related violations: <none>

SYNTH-10#257 Warning
Wide multiplier  
Detected multiplier at gen_systolic[3].u_systolic/p_1_out__5 of size 18x18, it is decomposed from a wide multipler into 10 DSP blocks.
Related violations: <none>

SYNTH-10#258 Warning
Wide multiplier  
Detected multiplier at gen_systolic[3].u_systolic/p_1_out__50 of size 18x18, it is decomposed from a wide multipler into 10 DSP blocks.
Related violations: <none>

SYNTH-10#259 Warning
Wide multiplier  
Detected multiplier at gen_systolic[3].u_systolic/p_1_out__51 of size 18x18, it is decomposed from a wide multipler into 10 DSP blocks.
Related violations: <none>

SYNTH-10#260 Warning
Wide multiplier  
Detected multiplier at gen_systolic[3].u_systolic/p_1_out__52 of size 18x18, it is decomposed from a wide multipler into 10 DSP blocks.
Related violations: <none>

SYNTH-10#261 Warning
Wide multiplier  
Detected multiplier at gen_systolic[3].u_systolic/p_1_out__53 of size 18x20, it is decomposed from a wide multipler into 10 DSP blocks.
Related violations: <none>

SYNTH-10#262 Warning
Wide multiplier  
Detected multiplier at gen_systolic[3].u_systolic/p_1_out__54 of size 20x18, it is decomposed from a wide multipler into 10 DSP blocks.
Related violations: <none>

SYNTH-10#263 Warning
Wide multiplier  
Detected multiplier at gen_systolic[3].u_systolic/p_1_out__56 of size 18x20, it is decomposed from a wide multipler into 10 DSP blocks.
Related violations: <none>

SYNTH-10#264 Warning
Wide multiplier  
Detected multiplier at gen_systolic[3].u_systolic/p_1_out__57 of size 18x18, it is decomposed from a wide multipler into 10 DSP blocks.
Related violations: <none>

SYNTH-10#265 Warning
Wide multiplier  
Detected multiplier at gen_systolic[3].u_systolic/p_1_out__58 of size 20x18, it is decomposed from a wide multipler into 10 DSP blocks.
Related violations: <none>

SYNTH-10#266 Warning
Wide multiplier  
Detected multiplier at gen_systolic[3].u_systolic/p_1_out__59 of size 18x18, it is decomposed from a wide multipler into 10 DSP blocks.
Related violations: <none>

SYNTH-10#267 Warning
Wide multiplier  
Detected multiplier at gen_systolic[3].u_systolic/p_1_out__6 of size 18x18, it is decomposed from a wide multipler into 10 DSP blocks.
Related violations: <none>

SYNTH-10#268 Warning
Wide multiplier  
Detected multiplier at gen_systolic[3].u_systolic/p_1_out__60 of size 18x18, it is decomposed from a wide multipler into 10 DSP blocks.
Related violations: <none>

SYNTH-10#269 Warning
Wide multiplier  
Detected multiplier at gen_systolic[3].u_systolic/p_1_out__61 of size 18x18, it is decomposed from a wide multipler into 10 DSP blocks.
Related violations: <none>

SYNTH-10#270 Warning
Wide multiplier  
Detected multiplier at gen_systolic[3].u_systolic/p_1_out__62 of size 18x20, it is decomposed from a wide multipler into 10 DSP blocks.
Related violations: <none>

SYNTH-10#271 Warning
Wide multiplier  
Detected multiplier at gen_systolic[3].u_systolic/p_1_out__63 of size 20x18, it is decomposed from a wide multipler into 10 DSP blocks.
Related violations: <none>

SYNTH-10#272 Warning
Wide multiplier  
Detected multiplier at gen_systolic[3].u_systolic/p_1_out__65 of size 18x20, it is decomposed from a wide multipler into 10 DSP blocks.
Related violations: <none>

SYNTH-10#273 Warning
Wide multiplier  
Detected multiplier at gen_systolic[3].u_systolic/p_1_out__66 of size 18x18, it is decomposed from a wide multipler into 10 DSP blocks.
Related violations: <none>

SYNTH-10#274 Warning
Wide multiplier  
Detected multiplier at gen_systolic[3].u_systolic/p_1_out__67 of size 20x18, it is decomposed from a wide multipler into 10 DSP blocks.
Related violations: <none>

SYNTH-10#275 Warning
Wide multiplier  
Detected multiplier at gen_systolic[3].u_systolic/p_1_out__68 of size 18x18, it is decomposed from a wide multipler into 10 DSP blocks.
Related violations: <none>

SYNTH-10#276 Warning
Wide multiplier  
Detected multiplier at gen_systolic[3].u_systolic/p_1_out__69 of size 18x18, it is decomposed from a wide multipler into 10 DSP blocks.
Related violations: <none>

SYNTH-10#277 Warning
Wide multiplier  
Detected multiplier at gen_systolic[3].u_systolic/p_1_out__7 of size 18x18, it is decomposed from a wide multipler into 10 DSP blocks.
Related violations: <none>

SYNTH-10#278 Warning
Wide multiplier  
Detected multiplier at gen_systolic[3].u_systolic/p_1_out__70 of size 18x18, it is decomposed from a wide multipler into 10 DSP blocks.
Related violations: <none>

SYNTH-10#279 Warning
Wide multiplier  
Detected multiplier at gen_systolic[3].u_systolic/p_1_out__71 of size 18x20, it is decomposed from a wide multipler into 10 DSP blocks.
Related violations: <none>

SYNTH-10#280 Warning
Wide multiplier  
Detected multiplier at gen_systolic[3].u_systolic/p_1_out__72 of size 20x18, it is decomposed from a wide multipler into 10 DSP blocks.
Related violations: <none>

SYNTH-10#281 Warning
Wide multiplier  
Detected multiplier at gen_systolic[3].u_systolic/p_1_out__74 of size 18x20, it is decomposed from a wide multipler into 10 DSP blocks.
Related violations: <none>

SYNTH-10#282 Warning
Wide multiplier  
Detected multiplier at gen_systolic[3].u_systolic/p_1_out__75 of size 18x18, it is decomposed from a wide multipler into 10 DSP blocks.
Related violations: <none>

SYNTH-10#283 Warning
Wide multiplier  
Detected multiplier at gen_systolic[3].u_systolic/p_1_out__76 of size 20x18, it is decomposed from a wide multipler into 10 DSP blocks.
Related violations: <none>

SYNTH-10#284 Warning
Wide multiplier  
Detected multiplier at gen_systolic[3].u_systolic/p_1_out__77 of size 18x18, it is decomposed from a wide multipler into 10 DSP blocks.
Related violations: <none>

SYNTH-10#285 Warning
Wide multiplier  
Detected multiplier at gen_systolic[3].u_systolic/p_1_out__78 of size 18x18, it is decomposed from a wide multipler into 10 DSP blocks.
Related violations: <none>

SYNTH-10#286 Warning
Wide multiplier  
Detected multiplier at gen_systolic[3].u_systolic/p_1_out__79 of size 18x18, it is decomposed from a wide multipler into 10 DSP blocks.
Related violations: <none>

SYNTH-10#287 Warning
Wide multiplier  
Detected multiplier at gen_systolic[3].u_systolic/p_1_out__8 of size 18x20, it is decomposed from a wide multipler into 10 DSP blocks.
Related violations: <none>

SYNTH-10#288 Warning
Wide multiplier  
Detected multiplier at gen_systolic[3].u_systolic/p_1_out__9 of size 20x18, it is decomposed from a wide multipler into 10 DSP blocks.
Related violations: <none>

TIMING-18#1 Warning
Missing input or output delay  
An input delay is missing on eth_rx_dv[0] relative to the rising and/or falling clock edge(s) of sys_clk.
Related violations: <none>

TIMING-18#2 Warning
Missing input or output delay  
An input delay is missing on eth_rx_dv[1] relative to the rising and/or falling clock edge(s) of sys_clk.
Related violations: <none>

TIMING-18#3 Warning
Missing input or output delay  
An input delay is missing on eth_rx_dv[2] relative to the rising and/or falling clock edge(s) of sys_clk.
Related violations: <none>

TIMING-18#4 Warning
Missing input or output delay  
An input delay is missing on eth_rx_dv[3] relative to the rising and/or falling clock edge(s) of sys_clk.
Related violations: <none>

TIMING-18#5 Warning
Missing input or output delay  
An input delay is missing on eth_rxd[0][0] relative to the rising and/or falling clock edge(s) of sys_clk.
Related violations: <none>

TIMING-18#6 Warning
Missing input or output delay  
An input delay is missing on eth_rxd[0][1] relative to the rising and/or falling clock edge(s) of sys_clk.
Related violations: <none>

TIMING-18#7 Warning
Missing input or output delay  
An input delay is missing on eth_rxd[0][2] relative to the rising and/or falling clock edge(s) of sys_clk.
Related violations: <none>

TIMING-18#8 Warning
Missing input or output delay  
An input delay is missing on eth_rxd[0][3] relative to the rising and/or falling clock edge(s) of sys_clk.
Related violations: <none>

TIMING-18#9 Warning
Missing input or output delay  
An input delay is missing on eth_rxd[0][4] relative to the rising and/or falling clock edge(s) of sys_clk.
Related violations: <none>

TIMING-18#10 Warning
Missing input or output delay  
An input delay is missing on eth_rxd[0][5] relative to the rising and/or falling clock edge(s) of sys_clk.
Related violations: <none>

TIMING-18#11 Warning
Missing input or output delay  
An input delay is missing on eth_rxd[0][6] relative to the rising and/or falling clock edge(s) of sys_clk.
Related violations: <none>

TIMING-18#12 Warning
Missing input or output delay  
An input delay is missing on eth_rxd[0][7] relative to the rising and/or falling clock edge(s) of sys_clk.
Related violations: <none>

TIMING-18#13 Warning
Missing input or output delay  
An input delay is missing on eth_rxd[1][0] relative to the rising and/or falling clock edge(s) of sys_clk.
Related violations: <none>

TIMING-18#14 Warning
Missing input or output delay  
An input delay is missing on eth_rxd[1][1] relative to the rising and/or falling clock edge(s) of sys_clk.
Related violations: <none>

TIMING-18#15 Warning
Missing input or output delay  
An input delay is missing on eth_rxd[1][2] relative to the rising and/or falling clock edge(s) of sys_clk.
Related violations: <none>

TIMING-18#16 Warning
Missing input or output delay  
An input delay is missing on eth_rxd[1][3] relative to the rising and/or falling clock edge(s) of sys_clk.
Related violations: <none>

TIMING-18#17 Warning
Missing input or output delay  
An input delay is missing on eth_rxd[1][4] relative to the rising and/or falling clock edge(s) of sys_clk.
Related violations: <none>

TIMING-18#18 Warning
Missing input or output delay  
An input delay is missing on eth_rxd[1][5] relative to the rising and/or falling clock edge(s) of sys_clk.
Related violations: <none>

TIMING-18#19 Warning
Missing input or output delay  
An input delay is missing on eth_rxd[1][6] relative to the rising and/or falling clock edge(s) of sys_clk.
Related violations: <none>

TIMING-18#20 Warning
Missing input or output delay  
An input delay is missing on eth_rxd[1][7] relative to the rising and/or falling clock edge(s) of sys_clk.
Related violations: <none>

TIMING-18#21 Warning
Missing input or output delay  
An input delay is missing on eth_rxd[2][0] relative to the rising and/or falling clock edge(s) of sys_clk.
Related violations: <none>

TIMING-18#22 Warning
Missing input or output delay  
An input delay is missing on eth_rxd[2][1] relative to the rising and/or falling clock edge(s) of sys_clk.
Related violations: <none>

TIMING-18#23 Warning
Missing input or output delay  
An input delay is missing on eth_rxd[2][2] relative to the rising and/or falling clock edge(s) of sys_clk.
Related violations: <none>

TIMING-18#24 Warning
Missing input or output delay  
An input delay is missing on eth_rxd[2][3] relative to the rising and/or falling clock edge(s) of sys_clk.
Related violations: <none>

TIMING-18#25 Warning
Missing input or output delay  
An input delay is missing on eth_rxd[2][4] relative to the rising and/or falling clock edge(s) of sys_clk.
Related violations: <none>

TIMING-18#26 Warning
Missing input or output delay  
An input delay is missing on eth_rxd[2][5] relative to the rising and/or falling clock edge(s) of sys_clk.
Related violations: <none>

TIMING-18#27 Warning
Missing input or output delay  
An input delay is missing on eth_rxd[2][6] relative to the rising and/or falling clock edge(s) of sys_clk.
Related violations: <none>

TIMING-18#28 Warning
Missing input or output delay  
An input delay is missing on eth_rxd[2][7] relative to the rising and/or falling clock edge(s) of sys_clk.
Related violations: <none>

TIMING-18#29 Warning
Missing input or output delay  
An input delay is missing on eth_rxd[3][0] relative to the rising and/or falling clock edge(s) of sys_clk.
Related violations: <none>

TIMING-18#30 Warning
Missing input or output delay  
An input delay is missing on eth_rxd[3][1] relative to the rising and/or falling clock edge(s) of sys_clk.
Related violations: <none>

TIMING-18#31 Warning
Missing input or output delay  
An input delay is missing on eth_rxd[3][2] relative to the rising and/or falling clock edge(s) of sys_clk.
Related violations: <none>

TIMING-18#32 Warning
Missing input or output delay  
An input delay is missing on eth_rxd[3][3] relative to the rising and/or falling clock edge(s) of sys_clk.
Related violations: <none>

TIMING-18#33 Warning
Missing input or output delay  
An input delay is missing on eth_rxd[3][4] relative to the rising and/or falling clock edge(s) of sys_clk.
Related violations: <none>

TIMING-18#34 Warning
Missing input or output delay  
An input delay is missing on eth_rxd[3][5] relative to the rising and/or falling clock edge(s) of sys_clk.
Related violations: <none>

TIMING-18#35 Warning
Missing input or output delay  
An input delay is missing on eth_rxd[3][6] relative to the rising and/or falling clock edge(s) of sys_clk.
Related violations: <none>

TIMING-18#36 Warning
Missing input or output delay  
An input delay is missing on eth_rxd[3][7] relative to the rising and/or falling clock edge(s) of sys_clk.
Related violations: <none>

TIMING-18#37 Warning
Missing input or output delay  
An input delay is missing on spw_rx_d[0] relative to the rising and/or falling clock edge(s) of sys_clk.
Related violations: <none>

TIMING-18#38 Warning
Missing input or output delay  
An input delay is missing on spw_rx_d[1] relative to the rising and/or falling clock edge(s) of sys_clk.
Related violations: <none>

TIMING-18#39 Warning
Missing input or output delay  
An input delay is missing on spw_rx_d[2] relative to the rising and/or falling clock edge(s) of sys_clk.
Related violations: <none>

TIMING-18#40 Warning
Missing input or output delay  
An input delay is missing on spw_rx_d[3] relative to the rising and/or falling clock edge(s) of sys_clk.
Related violations: <none>

TIMING-18#41 Warning
Missing input or output delay  
An input delay is missing on spw_rx_s[0] relative to the rising and/or falling clock edge(s) of sys_clk.
Related violations: <none>

TIMING-18#42 Warning
Missing input or output delay  
An input delay is missing on spw_rx_s[1] relative to the rising and/or falling clock edge(s) of sys_clk.
Related violations: <none>

TIMING-18#43 Warning
Missing input or output delay  
An input delay is missing on spw_rx_s[2] relative to the rising and/or falling clock edge(s) of sys_clk.
Related violations: <none>

TIMING-18#44 Warning
Missing input or output delay  
An input delay is missing on spw_rx_s[3] relative to the rising and/or falling clock edge(s) of sys_clk.
Related violations: <none>

TIMING-18#45 Warning
Missing input or output delay  
An output delay is missing on ddr4_addr[0] relative to the rising and/or falling clock edge(s) of sys_clk.
Related violations: <none>

TIMING-18#46 Warning
Missing input or output delay  
An output delay is missing on ddr4_addr[10] relative to the rising and/or falling clock edge(s) of sys_clk.
Related violations: <none>

TIMING-18#47 Warning
Missing input or output delay  
An output delay is missing on ddr4_addr[11] relative to the rising and/or falling clock edge(s) of sys_clk.
Related violations: <none>

TIMING-18#48 Warning
Missing input or output delay  
An output delay is missing on ddr4_addr[12] relative to the rising and/or falling clock edge(s) of sys_clk.
Related violations: <none>

TIMING-18#49 Warning
Missing input or output delay  
An output delay is missing on ddr4_addr[13] relative to the rising and/or falling clock edge(s) of sys_clk.
Related violations: <none>

TIMING-18#50 Warning
Missing input or output delay  
An output delay is missing on ddr4_addr[14] relative to the rising and/or falling clock edge(s) of sys_clk.
Related violations: <none>

TIMING-18#51 Warning
Missing input or output delay  
An output delay is missing on ddr4_addr[15] relative to the rising and/or falling clock edge(s) of sys_clk.
Related violations: <none>

TIMING-18#52 Warning
Missing input or output delay  
An output delay is missing on ddr4_addr[16] relative to the rising and/or falling clock edge(s) of sys_clk.
Related violations: <none>

TIMING-18#53 Warning
Missing input or output delay  
An output delay is missing on ddr4_addr[1] relative to the rising and/or falling clock edge(s) of sys_clk.
Related violations: <none>

TIMING-18#54 Warning
Missing input or output delay  
An output delay is missing on ddr4_addr[2] relative to the rising and/or falling clock edge(s) of sys_clk.
Related violations: <none>

TIMING-18#55 Warning
Missing input or output delay  
An output delay is missing on ddr4_addr[3] relative to the rising and/or falling clock edge(s) of sys_clk.
Related violations: <none>

TIMING-18#56 Warning
Missing input or output delay  
An output delay is missing on ddr4_addr[4] relative to the rising and/or falling clock edge(s) of sys_clk.
Related violations: <none>

TIMING-18#57 Warning
Missing input or output delay  
An output delay is missing on ddr4_addr[5] relative to the rising and/or falling clock edge(s) of sys_clk.
Related violations: <none>

TIMING-18#58 Warning
Missing input or output delay  
An output delay is missing on ddr4_addr[6] relative to the rising and/or falling clock edge(s) of sys_clk.
Related violations: <none>

TIMING-18#59 Warning
Missing input or output delay  
An output delay is missing on ddr4_addr[7] relative to the rising and/or falling clock edge(s) of sys_clk.
Related violations: <none>

TIMING-18#60 Warning
Missing input or output delay  
An output delay is missing on ddr4_addr[8] relative to the rising and/or falling clock edge(s) of sys_clk.
Related violations: <none>

TIMING-18#61 Warning
Missing input or output delay  
An output delay is missing on ddr4_addr[9] relative to the rising and/or falling clock edge(s) of sys_clk.
Related violations: <none>

TIMING-18#62 Warning
Missing input or output delay  
An output delay is missing on ddr4_ba[0] relative to the rising and/or falling clock edge(s) of sys_clk.
Related violations: <none>

TIMING-18#63 Warning
Missing input or output delay  
An output delay is missing on ddr4_ba[1] relative to the rising and/or falling clock edge(s) of sys_clk.
Related violations: <none>

TIMING-18#64 Warning
Missing input or output delay  
An output delay is missing on ddr4_bg[0] relative to the rising and/or falling clock edge(s) of sys_clk.
Related violations: <none>

TIMING-18#65 Warning
Missing input or output delay  
An output delay is missing on ddr4_bg[1] relative to the rising and/or falling clock edge(s) of sys_clk.
Related violations: <none>

TIMING-18#66 Warning
Missing input or output delay  
An output delay is missing on ddr4_cas_n relative to the rising and/or falling clock edge(s) of sys_clk.
Related violations: <none>

TIMING-18#67 Warning
Missing input or output delay  
An output delay is missing on ddr4_ck_n relative to the rising and/or falling clock edge(s) of sys_clk.
Related violations: <none>

TIMING-18#68 Warning
Missing input or output delay  
An output delay is missing on ddr4_ck_p relative to the rising and/or falling clock edge(s) of sys_clk.
Related violations: <none>

TIMING-18#69 Warning
Missing input or output delay  
An output delay is missing on ddr4_cke relative to the rising and/or falling clock edge(s) of sys_clk.
Related violations: <none>

TIMING-18#70 Warning
Missing input or output delay  
An output delay is missing on ddr4_odt relative to the rising and/or falling clock edge(s) of sys_clk.
Related violations: <none>

TIMING-18#71 Warning
Missing input or output delay  
An output delay is missing on ddr4_ras_n relative to the rising and/or falling clock edge(s) of sys_clk.
Related violations: <none>

TIMING-18#72 Warning
Missing input or output delay  
An output delay is missing on ddr4_reset_n relative to the rising and/or falling clock edge(s) of sys_clk.
Related violations: <none>

TIMING-18#73 Warning
Missing input or output delay  
An output delay is missing on ddr4_we_n relative to the rising and/or falling clock edge(s) of sys_clk.
Related violations: <none>

TIMING-18#74 Warning
Missing input or output delay  
An output delay is missing on eth_tx_en[0] relative to the rising and/or falling clock edge(s) of sys_clk.
Related violations: <none>

TIMING-18#75 Warning
Missing input or output delay  
An output delay is missing on eth_tx_en[1] relative to the rising and/or falling clock edge(s) of sys_clk.
Related violations: <none>

TIMING-18#76 Warning
Missing input or output delay  
An output delay is missing on eth_tx_en[2] relative to the rising and/or falling clock edge(s) of sys_clk.
Related violations: <none>

TIMING-18#77 Warning
Missing input or output delay  
An output delay is missing on eth_tx_en[3] relative to the rising and/or falling clock edge(s) of sys_clk.
Related violations: <none>

TIMING-18#78 Warning
Missing input or output delay  
An output delay is missing on eth_txd[0][0] relative to the rising and/or falling clock edge(s) of sys_clk.
Related violations: <none>

TIMING-18#79 Warning
Missing input or output delay  
An output delay is missing on eth_txd[0][1] relative to the rising and/or falling clock edge(s) of sys_clk.
Related violations: <none>

TIMING-18#80 Warning
Missing input or output delay  
An output delay is missing on eth_txd[0][2] relative to the rising and/or falling clock edge(s) of sys_clk.
Related violations: <none>

TIMING-18#81 Warning
Missing input or output delay  
An output delay is missing on eth_txd[0][3] relative to the rising and/or falling clock edge(s) of sys_clk.
Related violations: <none>

TIMING-18#82 Warning
Missing input or output delay  
An output delay is missing on eth_txd[0][4] relative to the rising and/or falling clock edge(s) of sys_clk.
Related violations: <none>

TIMING-18#83 Warning
Missing input or output delay  
An output delay is missing on eth_txd[0][5] relative to the rising and/or falling clock edge(s) of sys_clk.
Related violations: <none>

TIMING-18#84 Warning
Missing input or output delay  
An output delay is missing on eth_txd[0][6] relative to the rising and/or falling clock edge(s) of sys_clk.
Related violations: <none>

TIMING-18#85 Warning
Missing input or output delay  
An output delay is missing on eth_txd[0][7] relative to the rising and/or falling clock edge(s) of sys_clk.
Related violations: <none>

TIMING-18#86 Warning
Missing input or output delay  
An output delay is missing on eth_txd[1][0] relative to the rising and/or falling clock edge(s) of sys_clk.
Related violations: <none>

TIMING-18#87 Warning
Missing input or output delay  
An output delay is missing on eth_txd[1][1] relative to the rising and/or falling clock edge(s) of sys_clk.
Related violations: <none>

TIMING-18#88 Warning
Missing input or output delay  
An output delay is missing on eth_txd[1][2] relative to the rising and/or falling clock edge(s) of sys_clk.
Related violations: <none>

TIMING-18#89 Warning
Missing input or output delay  
An output delay is missing on eth_txd[1][3] relative to the rising and/or falling clock edge(s) of sys_clk.
Related violations: <none>

TIMING-18#90 Warning
Missing input or output delay  
An output delay is missing on eth_txd[1][4] relative to the rising and/or falling clock edge(s) of sys_clk.
Related violations: <none>

TIMING-18#91 Warning
Missing input or output delay  
An output delay is missing on eth_txd[1][5] relative to the rising and/or falling clock edge(s) of sys_clk.
Related violations: <none>

TIMING-18#92 Warning
Missing input or output delay  
An output delay is missing on eth_txd[1][6] relative to the rising and/or falling clock edge(s) of sys_clk.
Related violations: <none>

TIMING-18#93 Warning
Missing input or output delay  
An output delay is missing on eth_txd[1][7] relative to the rising and/or falling clock edge(s) of sys_clk.
Related violations: <none>

TIMING-18#94 Warning
Missing input or output delay  
An output delay is missing on eth_txd[2][0] relative to the rising and/or falling clock edge(s) of sys_clk.
Related violations: <none>

TIMING-18#95 Warning
Missing input or output delay  
An output delay is missing on eth_txd[2][1] relative to the rising and/or falling clock edge(s) of sys_clk.
Related violations: <none>

TIMING-18#96 Warning
Missing input or output delay  
An output delay is missing on eth_txd[2][2] relative to the rising and/or falling clock edge(s) of sys_clk.
Related violations: <none>

TIMING-18#97 Warning
Missing input or output delay  
An output delay is missing on eth_txd[2][3] relative to the rising and/or falling clock edge(s) of sys_clk.
Related violations: <none>

TIMING-18#98 Warning
Missing input or output delay  
An output delay is missing on eth_txd[2][4] relative to the rising and/or falling clock edge(s) of sys_clk.
Related violations: <none>

TIMING-18#99 Warning
Missing input or output delay  
An output delay is missing on eth_txd[2][5] relative to the rising and/or falling clock edge(s) of sys_clk.
Related violations: <none>

TIMING-18#100 Warning
Missing input or output delay  
An output delay is missing on eth_txd[2][6] relative to the rising and/or falling clock edge(s) of sys_clk.
Related violations: <none>

TIMING-18#101 Warning
Missing input or output delay  
An output delay is missing on eth_txd[2][7] relative to the rising and/or falling clock edge(s) of sys_clk.
Related violations: <none>

TIMING-18#102 Warning
Missing input or output delay  
An output delay is missing on eth_txd[3][0] relative to the rising and/or falling clock edge(s) of sys_clk.
Related violations: <none>

TIMING-18#103 Warning
Missing input or output delay  
An output delay is missing on eth_txd[3][1] relative to the rising and/or falling clock edge(s) of sys_clk.
Related violations: <none>

TIMING-18#104 Warning
Missing input or output delay  
An output delay is missing on eth_txd[3][2] relative to the rising and/or falling clock edge(s) of sys_clk.
Related violations: <none>

TIMING-18#105 Warning
Missing input or output delay  
An output delay is missing on eth_txd[3][3] relative to the rising and/or falling clock edge(s) of sys_clk.
Related violations: <none>

TIMING-18#106 Warning
Missing input or output delay  
An output delay is missing on eth_txd[3][4] relative to the rising and/or falling clock edge(s) of sys_clk.
Related violations: <none>

TIMING-18#107 Warning
Missing input or output delay  
An output delay is missing on eth_txd[3][5] relative to the rising and/or falling clock edge(s) of sys_clk.
Related violations: <none>

TIMING-18#108 Warning
Missing input or output delay  
An output delay is missing on eth_txd[3][6] relative to the rising and/or falling clock edge(s) of sys_clk.
Related violations: <none>

TIMING-18#109 Warning
Missing input or output delay  
An output delay is missing on eth_txd[3][7] relative to the rising and/or falling clock edge(s) of sys_clk.
Related violations: <none>

TIMING-18#110 Warning
Missing input or output delay  
An output delay is missing on spi_cs_n[0] relative to the rising and/or falling clock edge(s) of sys_clk.
Related violations: <none>

TIMING-18#111 Warning
Missing input or output delay  
An output delay is missing on spi_cs_n[1] relative to the rising and/or falling clock edge(s) of sys_clk.
Related violations: <none>

TIMING-18#112 Warning
Missing input or output delay  
An output delay is missing on spi_cs_n[2] relative to the rising and/or falling clock edge(s) of sys_clk.
Related violations: <none>

TIMING-18#113 Warning
Missing input or output delay  
An output delay is missing on spi_cs_n[3] relative to the rising and/or falling clock edge(s) of sys_clk.
Related violations: <none>

TIMING-18#114 Warning
Missing input or output delay  
An output delay is missing on spw_tx_d[0] relative to the rising and/or falling clock edge(s) of sys_clk.
Related violations: <none>

TIMING-18#115 Warning
Missing input or output delay  
An output delay is missing on spw_tx_d[1] relative to the rising and/or falling clock edge(s) of sys_clk.
Related violations: <none>

TIMING-18#116 Warning
Missing input or output delay  
An output delay is missing on spw_tx_d[2] relative to the rising and/or falling clock edge(s) of sys_clk.
Related violations: <none>

TIMING-18#117 Warning
Missing input or output delay  
An output delay is missing on spw_tx_d[3] relative to the rising and/or falling clock edge(s) of sys_clk.
Related violations: <none>

TIMING-18#118 Warning
Missing input or output delay  
An output delay is missing on spw_tx_s[0] relative to the rising and/or falling clock edge(s) of sys_clk.
Related violations: <none>

TIMING-18#119 Warning
Missing input or output delay  
An output delay is missing on spw_tx_s[1] relative to the rising and/or falling clock edge(s) of sys_clk.
Related violations: <none>

TIMING-18#120 Warning
Missing input or output delay  
An output delay is missing on spw_tx_s[2] relative to the rising and/or falling clock edge(s) of sys_clk.
Related violations: <none>

TIMING-18#121 Warning
Missing input or output delay  
An output delay is missing on spw_tx_s[3] relative to the rising and/or falling clock edge(s) of sys_clk.
Related violations: <none>

TIMING-18#122 Warning
Missing input or output delay  
An output delay is missing on uart_tx relative to the rising and/or falling clock edge(s) of sys_clk.
Related violations: <none>


