Copyright 1986-2022 Xilinx, Inc. All Rights Reserved. Copyright 2022-2024 Advanced Micro Devices, Inc. All Rights Reserved.
--------------------------------------------------------------------------------------------------------------------------------------------------
| Tool Version      : Vivado v.2024.2 (lin64) Build 5239630 Fri Nov 08 22:34:34 MST 2024
| Date              : Tue Mar 10 06:50:04 2026
| Host              : csrmaster running 64-bit Ubuntu 22.04.5 LTS
| Command           : report_timing_summary -delay_type min_max -max_paths 20 -file reports/impl/timing_detailed.rpt
| Design            : octa_core_rv64_soc_integrated
| Device            : xcvu9p-flga2104
| Speed File        : -2  PRODUCTION 1.28 03-30-2022
| Design State      : Physopt postRoute
| Temperature Grade : E
--------------------------------------------------------------------------------------------------------------------------------------------------

Timing Summary Report

------------------------------------------------------------------------------------------------
| Timer Settings
| --------------
------------------------------------------------------------------------------------------------

  Enable Multi Corner Analysis               :  Yes
  Enable Pessimism Removal                   :  Yes
  Pessimism Removal Resolution               :  Nearest Common Node
  Enable Input Delay Default Clock           :  No
  Enable Preset / Clear Arcs                 :  No
  Disable Flight Delays                      :  No
  Ignore I/O Paths                           :  No
  Timing Early Launch at Borrowing Latches   :  No
  Borrow Time for Max Delay Exceptions       :  Yes
  Merge Timing Exceptions                    :  Yes
  Inter-SLR Compensation                     :  Conservative

  Corner  Analyze    Analyze    
  Name    Max Paths  Min Paths  
  ------  ---------  ---------  
  Slow    Yes        Yes        
  Fast    Yes        Yes        


------------------------------------------------------------------------------------------------
| Report Methodology
| ------------------
------------------------------------------------------------------------------------------------

No report available as report_methodology has not been run prior. Run report_methodology on the current design for the summary of methodology violations.



check_timing report

Table of Contents
-----------------
1. checking no_clock (0)
2. checking constant_clock (0)
3. checking pulse_width_clock (0)
4. checking unconstrained_internal_endpoints (0)
5. checking no_input_delay (44)
6. checking no_output_delay (68)
7. checking multiple_clock (0)
8. checking generated_clocks (0)
9. checking loops (0)
10. checking partial_input_delay (0)
11. checking partial_output_delay (0)
12. checking latch_loops (0)

1. checking no_clock (0)
------------------------
 There are 0 register/latch pins with no clock.


2. checking constant_clock (0)
------------------------------
 There are 0 register/latch pins with constant_clock.


3. checking pulse_width_clock (0)
---------------------------------
 There are 0 register/latch pins which need pulse_width check


4. checking unconstrained_internal_endpoints (0)
------------------------------------------------
 There are 0 pins that are not constrained for maximum delay.

 There are 0 pins that are not constrained for maximum delay due to constant clock.


5. checking no_input_delay (44)
-------------------------------
 There are 44 input ports with no input delay specified. (HIGH)

 There are 0 input ports with no input delay but user has a false path constraint.


6. checking no_output_delay (68)
--------------------------------
 There are 66 ports with no output delay specified. (HIGH)

 There are 2 ports with no output delay but user has a false path constraint (MEDIUM)

 There are 0 ports with no output delay but with a timing clock defined on it or propagating through it


7. checking multiple_clock (0)
------------------------------
 There are 0 register/latch pins with multiple clocks.


8. checking generated_clocks (0)
--------------------------------
 There are 0 generated clocks that are not connected to a clock source.


9. checking loops (0)
---------------------
 There are 0 combinational loops in the design.


10. checking partial_input_delay (0)
------------------------------------
 There are 0 input ports with partial input delay specified.


11. checking partial_output_delay (0)
-------------------------------------
 There are 0 ports with partial output delay specified.


12. checking latch_loops (0)
----------------------------
 There are 0 combinational latch loops in the design through latch input



------------------------------------------------------------------------------------------------
| Design Timing Summary
| ---------------------
------------------------------------------------------------------------------------------------

    WNS(ns)      TNS(ns)  TNS Failing Endpoints  TNS Total Endpoints      WHS(ns)      THS(ns)  THS Failing Endpoints  THS Total Endpoints     WPWS(ns)     TPWS(ns)  TPWS Failing Endpoints  TPWS Total Endpoints  
    -------      -------  ---------------------  -------------------      -------      -------  ---------------------  -------------------     --------     --------  ----------------------  --------------------  
      0.165        0.000                      0               321264        0.010        0.000                      0               321264        4.458        0.000                       0                134802  


All user specified timing constraints are met.


------------------------------------------------------------------------------------------------
| Clock Summary
| -------------
------------------------------------------------------------------------------------------------

Clock    Waveform(ns)         Period(ns)      Frequency(MHz)
-----    ------------         ----------      --------------
sys_clk  {0.000 5.000}        10.000          100.000         
tck      {0.000 50.000}       100.000         10.000          


------------------------------------------------------------------------------------------------
| Intra Clock Table
| -----------------
------------------------------------------------------------------------------------------------

Clock             WNS(ns)      TNS(ns)  TNS Failing Endpoints  TNS Total Endpoints      WHS(ns)      THS(ns)  THS Failing Endpoints  THS Total Endpoints     WPWS(ns)     TPWS(ns)  TPWS Failing Endpoints  TPWS Total Endpoints  
-----             -------      -------  ---------------------  -------------------      -------      -------  ---------------------  -------------------     --------     --------  ----------------------  --------------------  
sys_clk             0.165        0.000                      0               288259        0.010        0.000                      0               288259        4.458        0.000                       0                134802  


------------------------------------------------------------------------------------------------
| Inter Clock Table
| -----------------
------------------------------------------------------------------------------------------------

From Clock    To Clock          WNS(ns)      TNS(ns)  TNS Failing Endpoints  TNS Total Endpoints      WHS(ns)      THS(ns)  THS Failing Endpoints  THS Total Endpoints  
----------    --------          -------      -------  ---------------------  -------------------      -------      -------  ---------------------  -------------------  


------------------------------------------------------------------------------------------------
| Other Path Groups Table
| -----------------------
------------------------------------------------------------------------------------------------

Path Group         From Clock         To Clock               WNS(ns)      TNS(ns)  TNS Failing Endpoints  TNS Total Endpoints      WHS(ns)      THS(ns)  THS Failing Endpoints  THS Total Endpoints  
----------         ----------         --------               -------      -------  ---------------------  -------------------      -------      -------  ---------------------  -------------------  
**async_default**  sys_clk            sys_clk                  5.944        0.000                      0                33005        1.178        0.000                      0                33005  


------------------------------------------------------------------------------------------------
| Timing Details
| --------------
------------------------------------------------------------------------------------------------


---------------------------------------------------------------------------------------------------
From Clock:  sys_clk
  To Clock:  sys_clk

Setup :            0  Failing Endpoints,  Worst Slack        0.165ns,  Total Violation        0.000ns
Hold  :            0  Failing Endpoints,  Worst Slack        0.010ns,  Total Violation        0.000ns
PW    :            0  Failing Endpoints,  Worst Slack        4.458ns,  Total Violation        0.000ns
---------------------------------------------------------------------------------------------------


Max Delay Paths
--------------------------------------------------------------------------------------
Slack (MET) :             0.165ns  (required time - arrival time)
  Source:                 u_l2_cache/req_addr_reg[7]/C
                            (rising edge-triggered cell FDCE clocked by sys_clk  {rise@0.000ns fall@5.000ns period=10.000ns})
  Destination:            u_l2_cache/gen_data_way[6].gen_data_bank[4].data_mem_bank_reg_bram_3/ADDRARDADDR[6]
                            (rising edge-triggered cell RAMB36E2 clocked by sys_clk  {rise@0.000ns fall@5.000ns period=10.000ns})
  Path Group:             sys_clk
  Path Type:              Setup (Max at Slow Process Corner)
  Requirement:            10.000ns  (sys_clk rise@10.000ns - sys_clk rise@0.000ns)
  Data Path Delay:        9.227ns  (logic 0.079ns (0.856%)  route 9.148ns (99.144%))
  Logic Levels:           0  
  Clock Path Skew:        -0.016ns (DCD - SCD + CPR)
    Destination Clock Delay (DCD):    3.703ns = ( 13.703 - 10.000 ) 
    Source Clock Delay      (SCD):    4.144ns
    Clock Pessimism Removal (CPR):    0.425ns
  Clock Uncertainty:      0.035ns  ((TSJ^2 + TIJ^2)^1/2 + DJ) / 2 + PE
    Total System Jitter     (TSJ):    0.071ns
    Total Input Jitter      (TIJ):    0.000ns
    Discrete Jitter          (DJ):    0.000ns
    Phase Error              (PE):    0.000ns
  Inter-SLR Compensation: 0.271ns  ((DCD - CCD) * PF)
    Destination Clock Delay (DCD):    3.703ns
    Common Clock Delay      (CCD):    1.894ns
    Prorating Factor         (PF):    0.150
  Clock Net Delay (Source):      3.287ns (routing 1.413ns, distribution 1.874ns)
  Clock Net Delay (Destination): 3.136ns (routing 1.282ns, distribution 1.854ns)

    Location             Delay type                Incr(ns)  Path(ns)    PBlock               Netlist Resource(s)
  -------------------------------------------------------------------    ----------------------------------------
                         (clock sys_clk rise edge)    0.000     0.000 r                       
    AV33                                              0.000     0.000 r                       clk (IN)
                         net (fo=0)                   0.000     0.000                         clk_IBUF_inst/I
    AV33                 INBUF (Prop_INBUF_HPIOB_M_PAD_O)
                                                      0.506     0.506 r                       clk_IBUF_inst/INBUF_INST/O
                         net (fo=1, routed)           0.000     0.506                         clk_IBUF_inst/OUT
    AV33                 IBUFCTRL (Prop_IBUFCTRL_HPIOB_M_I_O)
                                                      0.000     0.506 r                       clk_IBUF_inst/IBUFCTRL_INST/O
                         net (fo=1, routed)           0.323     0.829                         clk_IBUF
    BUFGCE_X0Y26         BUFGCE (Prop_BUFCE_BUFGCE_I_O)
                                                      0.028     0.857 r                       clk_IBUF_BUFG_inst/O
    X2Y6 (CLOCK_ROOT)    net (fo=134803, routed)      3.287     4.144                         u_l2_cache/clk_IBUF_BUFG
    SLR Crossing[0->1]   
    SLICE_X117Y418       FDCE                                         r  pblock_l2_cache      u_l2_cache/req_addr_reg[7]/C
  -------------------------------------------------------------------    ----------------------------------------
    SLICE_X117Y418       FDCE (Prop_GFF2_SLICEM_C_Q)
                                                      0.079     4.223 r  pblock_l2_cache      u_l2_cache/req_addr_reg[7]/Q
                         net (fo=1153, routed)        9.148    13.371                         u_l2_cache/get_index_return[1]
    SLR Crossing[1->0]   
    RAMB36_X10Y54        RAMB36E2                                     r  pblock_l2_cache      u_l2_cache/gen_data_way[6].gen_data_bank[4].data_mem_bank_reg_bram_3/ADDRARDADDR[6]
  -------------------------------------------------------------------    ----------------------------------------

                         (clock sys_clk rise edge)   10.000    10.000 r                       
    AV33                                              0.000    10.000 r                       clk (IN)
                         net (fo=0)                   0.000    10.000                         clk_IBUF_inst/I
    AV33                 INBUF (Prop_INBUF_HPIOB_M_PAD_O)
                                                      0.256    10.256 r                       clk_IBUF_inst/INBUF_INST/O
                         net (fo=1, routed)           0.000    10.256                         clk_IBUF_inst/OUT
    AV33                 IBUFCTRL (Prop_IBUFCTRL_HPIOB_M_I_O)
                                                      0.000    10.256 r                       clk_IBUF_inst/IBUFCTRL_INST/O
                         net (fo=1, routed)           0.287    10.543                         clk_IBUF
    BUFGCE_X0Y26         BUFGCE (Prop_BUFCE_BUFGCE_I_O)
                                                      0.024    10.567 r                       clk_IBUF_BUFG_inst/O
    X2Y6 (CLOCK_ROOT)    net (fo=134803, routed)      3.136    13.703                         u_l2_cache/clk_IBUF_BUFG
    RAMB36_X10Y54        RAMB36E2                                     r  pblock_l2_cache      u_l2_cache/gen_data_way[6].gen_data_bank[4].data_mem_bank_reg_bram_3/CLKARDCLK
                         clock pessimism              0.425    14.128                           
                         inter-SLR compensation      -0.271    13.856                           
                         clock uncertainty           -0.035    13.821                           
    RAMB36_X10Y54        RAMB36E2 (Setup_RAMB36E2_RAMB36_CLKARDCLK_ADDRARDADDR[6])
                                                     -0.285    13.536    pblock_l2_cache        u_l2_cache/gen_data_way[6].gen_data_bank[4].data_mem_bank_reg_bram_3
  -------------------------------------------------------------------
                         required time                         13.536                           
                         arrival time                         -13.371                           
  -------------------------------------------------------------------
                         slack                                  0.165                           

Slack (MET) :             0.186ns  (required time - arrival time)
  Source:                 u_l2_cache/req_addr_reg[7]/C
                            (rising edge-triggered cell FDCE clocked by sys_clk  {rise@0.000ns fall@5.000ns period=10.000ns})
  Destination:            u_l2_cache/gen_data_way[7].gen_data_bank[7].data_mem_bank_reg_bram_1/ADDRARDADDR[6]
                            (rising edge-triggered cell RAMB36E2 clocked by sys_clk  {rise@0.000ns fall@5.000ns period=10.000ns})
  Path Group:             sys_clk
  Path Type:              Setup (Max at Slow Process Corner)
  Requirement:            10.000ns  (sys_clk rise@10.000ns - sys_clk rise@0.000ns)
  Data Path Delay:        9.007ns  (logic 0.079ns (0.877%)  route 8.928ns (99.123%))
  Logic Levels:           0  
  Clock Path Skew:        -0.250ns (DCD - SCD + CPR)
    Destination Clock Delay (DCD):    3.469ns = ( 13.469 - 10.000 ) 
    Source Clock Delay      (SCD):    4.144ns
    Clock Pessimism Removal (CPR):    0.425ns
  Clock Uncertainty:      0.035ns  ((TSJ^2 + TIJ^2)^1/2 + DJ) / 2 + PE
    Total System Jitter     (TSJ):    0.071ns
    Total Input Jitter      (TIJ):    0.000ns
    Discrete Jitter          (DJ):    0.000ns
    Phase Error              (PE):    0.000ns
  Inter-SLR Compensation: 0.236ns  ((DCD - CCD) * PF)
    Destination Clock Delay (DCD):    3.469ns
    Common Clock Delay      (CCD):    1.894ns
    Prorating Factor         (PF):    0.150
  Clock Net Delay (Source):      3.287ns (routing 1.413ns, distribution 1.874ns)
  Clock Net Delay (Destination): 2.902ns (routing 1.282ns, distribution 1.620ns)

    Location             Delay type                Incr(ns)  Path(ns)    PBlock               Netlist Resource(s)
  -------------------------------------------------------------------    ----------------------------------------
                         (clock sys_clk rise edge)    0.000     0.000 r                       
    AV33                                              0.000     0.000 r                       clk (IN)
                         net (fo=0)                   0.000     0.000                         clk_IBUF_inst/I
    AV33                 INBUF (Prop_INBUF_HPIOB_M_PAD_O)
                                                      0.506     0.506 r                       clk_IBUF_inst/INBUF_INST/O
                         net (fo=1, routed)           0.000     0.506                         clk_IBUF_inst/OUT
    AV33                 IBUFCTRL (Prop_IBUFCTRL_HPIOB_M_I_O)
                                                      0.000     0.506 r                       clk_IBUF_inst/IBUFCTRL_INST/O
                         net (fo=1, routed)           0.323     0.829                         clk_IBUF
    BUFGCE_X0Y26         BUFGCE (Prop_BUFCE_BUFGCE_I_O)
                                                      0.028     0.857 r                       clk_IBUF_BUFG_inst/O
    X2Y6 (CLOCK_ROOT)    net (fo=134803, routed)      3.287     4.144                         u_l2_cache/clk_IBUF_BUFG
    SLR Crossing[0->1]   
    SLICE_X117Y418       FDCE                                         r  pblock_l2_cache      u_l2_cache/req_addr_reg[7]/C
  -------------------------------------------------------------------    ----------------------------------------
    SLICE_X117Y418       FDCE (Prop_GFF2_SLICEM_C_Q)
                                                      0.079     4.223 r  pblock_l2_cache      u_l2_cache/req_addr_reg[7]/Q
                         net (fo=1153, routed)        8.928    13.150                         u_l2_cache/get_index_return[1]
    SLR Crossing[1->0]   
    RAMB36_X7Y53         RAMB36E2                                     r  pblock_l2_cache      u_l2_cache/gen_data_way[7].gen_data_bank[7].data_mem_bank_reg_bram_1/ADDRARDADDR[6]
  -------------------------------------------------------------------    ----------------------------------------

                         (clock sys_clk rise edge)   10.000    10.000 r                       
    AV33                                              0.000    10.000 r                       clk (IN)
                         net (fo=0)                   0.000    10.000                         clk_IBUF_inst/I
    AV33                 INBUF (Prop_INBUF_HPIOB_M_PAD_O)
                                                      0.256    10.256 r                       clk_IBUF_inst/INBUF_INST/O
                         net (fo=1, routed)           0.000    10.256                         clk_IBUF_inst/OUT
    AV33                 IBUFCTRL (Prop_IBUFCTRL_HPIOB_M_I_O)
                                                      0.000    10.256 r                       clk_IBUF_inst/IBUFCTRL_INST/O
                         net (fo=1, routed)           0.287    10.543                         clk_IBUF
    BUFGCE_X0Y26         BUFGCE (Prop_BUFCE_BUFGCE_I_O)
                                                      0.024    10.567 r                       clk_IBUF_BUFG_inst/O
    X2Y6 (CLOCK_ROOT)    net (fo=134803, routed)      2.902    13.469                         u_l2_cache/clk_IBUF_BUFG
    RAMB36_X7Y53         RAMB36E2                                     r  pblock_l2_cache      u_l2_cache/gen_data_way[7].gen_data_bank[7].data_mem_bank_reg_bram_1/CLKARDCLK
                         clock pessimism              0.425    13.894                           
                         inter-SLR compensation      -0.236    13.657                           
                         clock uncertainty           -0.035    13.622                           
    RAMB36_X7Y53         RAMB36E2 (Setup_RAMB36E2_RAMB36_CLKARDCLK_ADDRARDADDR[6])
                                                     -0.285    13.337    pblock_l2_cache        u_l2_cache/gen_data_way[7].gen_data_bank[7].data_mem_bank_reg_bram_1
  -------------------------------------------------------------------
                         required time                         13.337                           
                         arrival time                         -13.150                           
  -------------------------------------------------------------------
                         slack                                  0.186                           

Slack (MET) :             0.189ns  (required time - arrival time)
  Source:                 u_l2_cache/req_addr_reg[60]/C
                            (rising edge-triggered cell FDCE clocked by sys_clk  {rise@0.000ns fall@5.000ns period=10.000ns})
  Destination:            u_l2_cache/gen_data_way[0].gen_data_bank[5].data_mem_bank_reg_bram_4/WEA[1]
                            (rising edge-triggered cell RAMB36E2 clocked by sys_clk  {rise@0.000ns fall@5.000ns period=10.000ns})
  Path Group:             sys_clk
  Path Type:              Setup (Max at Slow Process Corner)
  Requirement:            10.000ns  (sys_clk rise@10.000ns - sys_clk rise@0.000ns)
  Data Path Delay:        9.136ns  (logic 0.686ns (7.509%)  route 8.450ns (92.491%))
  Logic Levels:           7  (CARRY8=1 LUT2=2 LUT4=1 LUT6=3)
  Clock Path Skew:        -0.002ns (DCD - SCD + CPR)
    Destination Clock Delay (DCD):    3.567ns = ( 13.567 - 10.000 ) 
    Source Clock Delay      (SCD):    3.998ns
    Clock Pessimism Removal (CPR):    0.429ns
  Clock Uncertainty:      0.035ns  ((TSJ^2 + TIJ^2)^1/2 + DJ) / 2 + PE
    Total System Jitter     (TSJ):    0.071ns
    Total Input Jitter      (TIJ):    0.000ns
    Discrete Jitter          (DJ):    0.000ns
    Phase Error              (PE):    0.000ns
  Inter-SLR Compensation: 0.244ns  ((DCD - CCD) * PF)
    Destination Clock Delay (DCD):    3.567ns
    Common Clock Delay      (CCD):    1.937ns
    Prorating Factor         (PF):    0.150
  Clock Net Delay (Source):      3.141ns (routing 1.413ns, distribution 1.728ns)
  Clock Net Delay (Destination): 3.000ns (routing 1.282ns, distribution 1.718ns)

    Location             Delay type                Incr(ns)  Path(ns)    PBlock               Netlist Resource(s)
  -------------------------------------------------------------------    ----------------------------------------
                         (clock sys_clk rise edge)    0.000     0.000 r                       
    AV33                                              0.000     0.000 r                       clk (IN)
                         net (fo=0)                   0.000     0.000                         clk_IBUF_inst/I
    AV33                 INBUF (Prop_INBUF_HPIOB_M_PAD_O)
                                                      0.506     0.506 r                       clk_IBUF_inst/INBUF_INST/O
                         net (fo=1, routed)           0.000     0.506                         clk_IBUF_inst/OUT
    AV33                 IBUFCTRL (Prop_IBUFCTRL_HPIOB_M_I_O)
                                                      0.000     0.506 r                       clk_IBUF_inst/IBUFCTRL_INST/O
                         net (fo=1, routed)           0.323     0.829                         clk_IBUF
    BUFGCE_X0Y26         BUFGCE (Prop_BUFCE_BUFGCE_I_O)
                                                      0.028     0.857 r                       clk_IBUF_BUFG_inst/O
    X2Y6 (CLOCK_ROOT)    net (fo=134803, routed)      3.141     3.998                         u_l2_cache/clk_IBUF_BUFG
    SLR Crossing[0->1]   
    SLICE_X54Y434        FDCE                                         r  pblock_l2_cache      u_l2_cache/req_addr_reg[60]/C
  -------------------------------------------------------------------    ----------------------------------------
    SLICE_X54Y434        FDCE (Prop_AFF_SLICEL_C_Q)
                                                      0.079     4.077 r  pblock_l2_cache      u_l2_cache/req_addr_reg[60]/Q
                         net (fo=17, routed)          1.750     5.826                         u_l2_cache/get_tag_return[42]
    SLICE_X112Y433       LUT6 (Prop_G6LUT_SLICEL_I4_O)
                                                      0.050     5.876 r  pblock_l2_cache      u_l2_cache/gen_tag_way[1].tag_mem_way_reg_bram_4_i_125/O
                         net (fo=1, routed)           0.008     5.884                         u_l2_cache/gen_tag_way[1].tag_mem_way_reg_bram_4_i_125_n_0
    SLICE_X112Y433       CARRY8 (Prop_CARRY8_SLICEL_S[6]_CO[7])
                                                      0.122     6.006 f  pblock_l2_cache      u_l2_cache/gen_tag_way[1].tag_mem_way_reg_bram_4_i_43/CO[7]
                         net (fo=4, routed)           1.311     7.318                         u_l2_cache/hit220_out
    SLICE_X76Y466        LUT4 (Prop_F6LUT_SLICEM_I0_O)
                                                      0.037     7.355 f  pblock_l2_cache      u_l2_cache/gen_tag_way[1].tag_mem_way_reg_bram_4_i_21/O
                         net (fo=31, routed)          0.593     7.948                         u_l2_cache/gen_tag_way[1].tag_mem_way_reg_bram_4_i_21_n_0
    SLICE_X59Y451        LUT6 (Prop_F6LUT_SLICEM_I5_O)
                                                      0.098     8.046 f  pblock_l2_cache      u_l2_cache/gen_tag_way[1].tag_mem_way_reg_bram_4_i_14/O
                         net (fo=533, routed)         0.834     8.880                         u_l2_cache/gen_tag_way[1].tag_mem_way_reg_bram_4_i_14_n_0
    SLICE_X89Y464        LUT2 (Prop_A6LUT_SLICEL_I0_O)
                                                      0.149     9.029 f  pblock_l2_cache      u_l2_cache/gen_data_way[2].gen_data_bank[0].data_mem_bank_reg_bram_6_i_2/O
                         net (fo=3, routed)           0.145     9.174                         u_l2_cache/gen_data_way[2].gen_data_bank[0].data_mem_bank_reg_bram_6_i_2_n_0
    SLICE_X90Y465        LUT6 (Prop_A6LUT_SLICEM_I5_O)
                                                      0.100     9.274 r  pblock_l2_cache      u_l2_cache/gen_data_way[0].gen_data_bank[0].data_mem_bank_reg_bram_6_i_1/O
                         net (fo=54, routed)          0.791    10.065                         u_l2_cache/p_1_in
    SLICE_X100Y504       LUT2 (Prop_F6LUT_SLICEM_I0_O)
                                                      0.051    10.116 r  pblock_l2_cache      u_l2_cache/gen_data_way[0].gen_data_bank[0].data_mem_bank_reg_bram_4_i_1/O
                         net (fo=32, routed)          3.017    13.133                         u_l2_cache/gen_data_way[0].gen_data_bank[0].data_mem_bank_reg_bram_4_i_1_n_0
    SLR Crossing[1->2]   
    RAMB36_X2Y128        RAMB36E2                                     r  pblock_l2_cache      u_l2_cache/gen_data_way[0].gen_data_bank[5].data_mem_bank_reg_bram_4/WEA[1]
  -------------------------------------------------------------------    ----------------------------------------

                         (clock sys_clk rise edge)   10.000    10.000 r                       
    AV33                                              0.000    10.000 r                       clk (IN)
                         net (fo=0)                   0.000    10.000                         clk_IBUF_inst/I
    AV33                 INBUF (Prop_INBUF_HPIOB_M_PAD_O)
                                                      0.256    10.256 r                       clk_IBUF_inst/INBUF_INST/O
                         net (fo=1, routed)           0.000    10.256                         clk_IBUF_inst/OUT
    AV33                 IBUFCTRL (Prop_IBUFCTRL_HPIOB_M_I_O)
                                                      0.000    10.256 r                       clk_IBUF_inst/IBUFCTRL_INST/O
                         net (fo=1, routed)           0.287    10.543                         clk_IBUF
    BUFGCE_X0Y26         BUFGCE (Prop_BUFCE_BUFGCE_I_O)
                                                      0.024    10.567 r                       clk_IBUF_BUFG_inst/O
    X2Y6 (CLOCK_ROOT)    net (fo=134803, routed)      3.000    13.567                         u_l2_cache/clk_IBUF_BUFG
    SLR Crossing[0->2]   
    RAMB36_X2Y128        RAMB36E2                                     r  pblock_l2_cache      u_l2_cache/gen_data_way[0].gen_data_bank[5].data_mem_bank_reg_bram_4/CLKARDCLK
                         clock pessimism              0.429    13.996                           
                         inter-SLR compensation      -0.244    13.751                           
                         clock uncertainty           -0.035    13.716                           
    RAMB36_X2Y128        RAMB36E2 (Setup_RAMB36E2_RAMB36_CLKARDCLK_WEA[1])
                                                     -0.394    13.322    pblock_l2_cache        u_l2_cache/gen_data_way[0].gen_data_bank[5].data_mem_bank_reg_bram_4
  -------------------------------------------------------------------
                         required time                         13.322                           
                         arrival time                         -13.133                           
  -------------------------------------------------------------------
                         slack                                  0.189                           

Slack (MET) :             0.195ns  (required time - arrival time)
  Source:                 u_l2_cache/req_addr_reg[60]/C
                            (rising edge-triggered cell FDCE clocked by sys_clk  {rise@0.000ns fall@5.000ns period=10.000ns})
  Destination:            u_l2_cache/gen_data_way[0].gen_data_bank[5].data_mem_bank_reg_bram_4/WEA[0]
                            (rising edge-triggered cell RAMB36E2 clocked by sys_clk  {rise@0.000ns fall@5.000ns period=10.000ns})
  Path Group:             sys_clk
  Path Type:              Setup (Max at Slow Process Corner)
  Requirement:            10.000ns  (sys_clk rise@10.000ns - sys_clk rise@0.000ns)
  Data Path Delay:        9.130ns  (logic 0.686ns (7.514%)  route 8.444ns (92.486%))
  Logic Levels:           7  (CARRY8=1 LUT2=2 LUT4=1 LUT6=3)
  Clock Path Skew:        -0.002ns (DCD - SCD + CPR)
    Destination Clock Delay (DCD):    3.567ns = ( 13.567 - 10.000 ) 
    Source Clock Delay      (SCD):    3.998ns
    Clock Pessimism Removal (CPR):    0.429ns
  Clock Uncertainty:      0.035ns  ((TSJ^2 + TIJ^2)^1/2 + DJ) / 2 + PE
    Total System Jitter     (TSJ):    0.071ns
    Total Input Jitter      (TIJ):    0.000ns
    Discrete Jitter          (DJ):    0.000ns
    Phase Error              (PE):    0.000ns
  Inter-SLR Compensation: 0.244ns  ((DCD - CCD) * PF)
    Destination Clock Delay (DCD):    3.567ns
    Common Clock Delay      (CCD):    1.937ns
    Prorating Factor         (PF):    0.150
  Clock Net Delay (Source):      3.141ns (routing 1.413ns, distribution 1.728ns)
  Clock Net Delay (Destination): 3.000ns (routing 1.282ns, distribution 1.718ns)

    Location             Delay type                Incr(ns)  Path(ns)    PBlock               Netlist Resource(s)
  -------------------------------------------------------------------    ----------------------------------------
                         (clock sys_clk rise edge)    0.000     0.000 r                       
    AV33                                              0.000     0.000 r                       clk (IN)
                         net (fo=0)                   0.000     0.000                         clk_IBUF_inst/I
    AV33                 INBUF (Prop_INBUF_HPIOB_M_PAD_O)
                                                      0.506     0.506 r                       clk_IBUF_inst/INBUF_INST/O
                         net (fo=1, routed)           0.000     0.506                         clk_IBUF_inst/OUT
    AV33                 IBUFCTRL (Prop_IBUFCTRL_HPIOB_M_I_O)
                                                      0.000     0.506 r                       clk_IBUF_inst/IBUFCTRL_INST/O
                         net (fo=1, routed)           0.323     0.829                         clk_IBUF
    BUFGCE_X0Y26         BUFGCE (Prop_BUFCE_BUFGCE_I_O)
                                                      0.028     0.857 r                       clk_IBUF_BUFG_inst/O
    X2Y6 (CLOCK_ROOT)    net (fo=134803, routed)      3.141     3.998                         u_l2_cache/clk_IBUF_BUFG
    SLR Crossing[0->1]   
    SLICE_X54Y434        FDCE                                         r  pblock_l2_cache      u_l2_cache/req_addr_reg[60]/C
  -------------------------------------------------------------------    ----------------------------------------
    SLICE_X54Y434        FDCE (Prop_AFF_SLICEL_C_Q)
                                                      0.079     4.077 r  pblock_l2_cache      u_l2_cache/req_addr_reg[60]/Q
                         net (fo=17, routed)          1.750     5.826                         u_l2_cache/get_tag_return[42]
    SLICE_X112Y433       LUT6 (Prop_G6LUT_SLICEL_I4_O)
                                                      0.050     5.876 r  pblock_l2_cache      u_l2_cache/gen_tag_way[1].tag_mem_way_reg_bram_4_i_125/O
                         net (fo=1, routed)           0.008     5.884                         u_l2_cache/gen_tag_way[1].tag_mem_way_reg_bram_4_i_125_n_0
    SLICE_X112Y433       CARRY8 (Prop_CARRY8_SLICEL_S[6]_CO[7])
                                                      0.122     6.006 f  pblock_l2_cache      u_l2_cache/gen_tag_way[1].tag_mem_way_reg_bram_4_i_43/CO[7]
                         net (fo=4, routed)           1.311     7.318                         u_l2_cache/hit220_out
    SLICE_X76Y466        LUT4 (Prop_F6LUT_SLICEM_I0_O)
                                                      0.037     7.355 f  pblock_l2_cache      u_l2_cache/gen_tag_way[1].tag_mem_way_reg_bram_4_i_21/O
                         net (fo=31, routed)          0.593     7.948                         u_l2_cache/gen_tag_way[1].tag_mem_way_reg_bram_4_i_21_n_0
    SLICE_X59Y451        LUT6 (Prop_F6LUT_SLICEM_I5_O)
                                                      0.098     8.046 f  pblock_l2_cache      u_l2_cache/gen_tag_way[1].tag_mem_way_reg_bram_4_i_14/O
                         net (fo=533, routed)         0.834     8.880                         u_l2_cache/gen_tag_way[1].tag_mem_way_reg_bram_4_i_14_n_0
    SLICE_X89Y464        LUT2 (Prop_A6LUT_SLICEL_I0_O)
                                                      0.149     9.029 f  pblock_l2_cache      u_l2_cache/gen_data_way[2].gen_data_bank[0].data_mem_bank_reg_bram_6_i_2/O
                         net (fo=3, routed)           0.145     9.174                         u_l2_cache/gen_data_way[2].gen_data_bank[0].data_mem_bank_reg_bram_6_i_2_n_0
    SLICE_X90Y465        LUT6 (Prop_A6LUT_SLICEM_I5_O)
                                                      0.100     9.274 r  pblock_l2_cache      u_l2_cache/gen_data_way[0].gen_data_bank[0].data_mem_bank_reg_bram_6_i_1/O
                         net (fo=54, routed)          0.791    10.065                         u_l2_cache/p_1_in
    SLICE_X100Y504       LUT2 (Prop_F6LUT_SLICEM_I0_O)
                                                      0.051    10.116 r  pblock_l2_cache      u_l2_cache/gen_data_way[0].gen_data_bank[0].data_mem_bank_reg_bram_4_i_1/O
                         net (fo=32, routed)          3.011    13.127                         u_l2_cache/gen_data_way[0].gen_data_bank[0].data_mem_bank_reg_bram_4_i_1_n_0
    SLR Crossing[1->2]   
    RAMB36_X2Y128        RAMB36E2                                     r  pblock_l2_cache      u_l2_cache/gen_data_way[0].gen_data_bank[5].data_mem_bank_reg_bram_4/WEA[0]
  -------------------------------------------------------------------    ----------------------------------------

                         (clock sys_clk rise edge)   10.000    10.000 r                       
    AV33                                              0.000    10.000 r                       clk (IN)
                         net (fo=0)                   0.000    10.000                         clk_IBUF_inst/I
    AV33                 INBUF (Prop_INBUF_HPIOB_M_PAD_O)
                                                      0.256    10.256 r                       clk_IBUF_inst/INBUF_INST/O
                         net (fo=1, routed)           0.000    10.256                         clk_IBUF_inst/OUT
    AV33                 IBUFCTRL (Prop_IBUFCTRL_HPIOB_M_I_O)
                                                      0.000    10.256 r                       clk_IBUF_inst/IBUFCTRL_INST/O
                         net (fo=1, routed)           0.287    10.543                         clk_IBUF
    BUFGCE_X0Y26         BUFGCE (Prop_BUFCE_BUFGCE_I_O)
                                                      0.024    10.567 r                       clk_IBUF_BUFG_inst/O
    X2Y6 (CLOCK_ROOT)    net (fo=134803, routed)      3.000    13.567                         u_l2_cache/clk_IBUF_BUFG
    SLR Crossing[0->2]   
    RAMB36_X2Y128        RAMB36E2                                     r  pblock_l2_cache      u_l2_cache/gen_data_way[0].gen_data_bank[5].data_mem_bank_reg_bram_4/CLKARDCLK
                         clock pessimism              0.429    13.996                           
                         inter-SLR compensation      -0.244    13.751                           
                         clock uncertainty           -0.035    13.716                           
    RAMB36_X2Y128        RAMB36E2 (Setup_RAMB36E2_RAMB36_CLKARDCLK_WEA[0])
                                                     -0.394    13.322    pblock_l2_cache        u_l2_cache/gen_data_way[0].gen_data_bank[5].data_mem_bank_reg_bram_4
  -------------------------------------------------------------------
                         required time                         13.322                           
                         arrival time                         -13.127                           
  -------------------------------------------------------------------
                         slack                                  0.195                           

Slack (MET) :             0.218ns  (required time - arrival time)
  Source:                 u_l2_cache/req_addr_reg[7]/C
                            (rising edge-triggered cell FDCE clocked by sys_clk  {rise@0.000ns fall@5.000ns period=10.000ns})
  Destination:            u_l2_cache/gen_data_way[7].gen_data_bank[1].data_mem_bank_reg_bram_3/ADDRARDADDR[6]
                            (rising edge-triggered cell RAMB36E2 clocked by sys_clk  {rise@0.000ns fall@5.000ns period=10.000ns})
  Path Group:             sys_clk
  Path Type:              Setup (Max at Slow Process Corner)
  Requirement:            10.000ns  (sys_clk rise@10.000ns - sys_clk rise@0.000ns)
  Data Path Delay:        8.986ns  (logic 0.079ns (0.879%)  route 8.907ns (99.121%))
  Logic Levels:           0  
  Clock Path Skew:        -0.238ns (DCD - SCD + CPR)
    Destination Clock Delay (DCD):    3.481ns = ( 13.481 - 10.000 ) 
    Source Clock Delay      (SCD):    4.144ns
    Clock Pessimism Removal (CPR):    0.425ns
  Clock Uncertainty:      0.035ns  ((TSJ^2 + TIJ^2)^1/2 + DJ) / 2 + PE
    Total System Jitter     (TSJ):    0.071ns
    Total Input Jitter      (TIJ):    0.000ns
    Discrete Jitter          (DJ):    0.000ns
    Phase Error              (PE):    0.000ns
  Inter-SLR Compensation: 0.238ns  ((DCD - CCD) * PF)
    Destination Clock Delay (DCD):    3.481ns
    Common Clock Delay      (CCD):    1.894ns
    Prorating Factor         (PF):    0.150
  Clock Net Delay (Source):      3.287ns (routing 1.413ns, distribution 1.874ns)
  Clock Net Delay (Destination): 2.914ns (routing 1.282ns, distribution 1.632ns)

    Location             Delay type                Incr(ns)  Path(ns)    PBlock               Netlist Resource(s)
  -------------------------------------------------------------------    ----------------------------------------
                         (clock sys_clk rise edge)    0.000     0.000 r                       
    AV33                                              0.000     0.000 r                       clk (IN)
                         net (fo=0)                   0.000     0.000                         clk_IBUF_inst/I
    AV33                 INBUF (Prop_INBUF_HPIOB_M_PAD_O)
                                                      0.506     0.506 r                       clk_IBUF_inst/INBUF_INST/O
                         net (fo=1, routed)           0.000     0.506                         clk_IBUF_inst/OUT
    AV33                 IBUFCTRL (Prop_IBUFCTRL_HPIOB_M_I_O)
                                                      0.000     0.506 r                       clk_IBUF_inst/IBUFCTRL_INST/O
                         net (fo=1, routed)           0.323     0.829                         clk_IBUF
    BUFGCE_X0Y26         BUFGCE (Prop_BUFCE_BUFGCE_I_O)
                                                      0.028     0.857 r                       clk_IBUF_BUFG_inst/O
    X2Y6 (CLOCK_ROOT)    net (fo=134803, routed)      3.287     4.144                         u_l2_cache/clk_IBUF_BUFG
    SLR Crossing[0->1]   
    SLICE_X117Y418       FDCE                                         r  pblock_l2_cache      u_l2_cache/req_addr_reg[7]/C
  -------------------------------------------------------------------    ----------------------------------------
    SLICE_X117Y418       FDCE (Prop_GFF2_SLICEM_C_Q)
                                                      0.079     4.223 r  pblock_l2_cache      u_l2_cache/req_addr_reg[7]/Q
                         net (fo=1153, routed)        8.907    13.129                         u_l2_cache/get_index_return[1]
    SLR Crossing[1->0]   
    RAMB36_X7Y59         RAMB36E2                                     r  pblock_l2_cache      u_l2_cache/gen_data_way[7].gen_data_bank[1].data_mem_bank_reg_bram_3/ADDRARDADDR[6]
  -------------------------------------------------------------------    ----------------------------------------

                         (clock sys_clk rise edge)   10.000    10.000 r                       
    AV33                                              0.000    10.000 r                       clk (IN)
                         net (fo=0)                   0.000    10.000                         clk_IBUF_inst/I
    AV33                 INBUF (Prop_INBUF_HPIOB_M_PAD_O)
                                                      0.256    10.256 r                       clk_IBUF_inst/INBUF_INST/O
                         net (fo=1, routed)           0.000    10.256                         clk_IBUF_inst/OUT
    AV33                 IBUFCTRL (Prop_IBUFCTRL_HPIOB_M_I_O)
                                                      0.000    10.256 r                       clk_IBUF_inst/IBUFCTRL_INST/O
                         net (fo=1, routed)           0.287    10.543                         clk_IBUF
    BUFGCE_X0Y26         BUFGCE (Prop_BUFCE_BUFGCE_I_O)
                                                      0.024    10.567 r                       clk_IBUF_BUFG_inst/O
    X2Y6 (CLOCK_ROOT)    net (fo=134803, routed)      2.914    13.481                         u_l2_cache/clk_IBUF_BUFG
    RAMB36_X7Y59         RAMB36E2                                     r  pblock_l2_cache      u_l2_cache/gen_data_way[7].gen_data_bank[1].data_mem_bank_reg_bram_3/CLKARDCLK
                         clock pessimism              0.425    13.906                           
                         inter-SLR compensation      -0.238    13.668                           
                         clock uncertainty           -0.035    13.632                           
    RAMB36_X7Y59         RAMB36E2 (Setup_RAMB36E2_RAMB36_CLKARDCLK_ADDRARDADDR[6])
                                                     -0.285    13.347    pblock_l2_cache        u_l2_cache/gen_data_way[7].gen_data_bank[1].data_mem_bank_reg_bram_3
  -------------------------------------------------------------------
                         required time                         13.347                           
                         arrival time                         -13.129                           
  -------------------------------------------------------------------
                         slack                                  0.218                           

Slack (MET) :             0.231ns  (required time - arrival time)
  Source:                 u_l2_cache/req_addr_reg[7]/C
                            (rising edge-triggered cell FDCE clocked by sys_clk  {rise@0.000ns fall@5.000ns period=10.000ns})
  Destination:            u_l2_cache/gen_data_way[15].gen_data_bank[3].data_mem_bank_reg_bram_2/ADDRARDADDR[6]
                            (rising edge-triggered cell RAMB36E2 clocked by sys_clk  {rise@0.000ns fall@5.000ns period=10.000ns})
  Path Group:             sys_clk
  Path Type:              Setup (Max at Slow Process Corner)
  Requirement:            10.000ns  (sys_clk rise@10.000ns - sys_clk rise@0.000ns)
  Data Path Delay:        9.313ns  (logic 0.079ns (0.848%)  route 9.234ns (99.152%))
  Logic Levels:           0  
  Clock Path Skew:        -0.136ns (DCD - SCD + CPR)
    Destination Clock Delay (DCD):    3.587ns = ( 13.587 - 10.000 ) 
    Source Clock Delay      (SCD):    4.144ns
    Clock Pessimism Removal (CPR):    0.421ns
  Clock Uncertainty:      0.035ns  ((TSJ^2 + TIJ^2)^1/2 + DJ) / 2 + PE
    Total System Jitter     (TSJ):    0.071ns
    Total Input Jitter      (TIJ):    0.000ns
    Discrete Jitter          (DJ):    0.000ns
    Phase Error              (PE):    0.000ns
  Clock Net Delay (Source):      3.287ns (routing 1.413ns, distribution 1.874ns)
  Clock Net Delay (Destination): 3.020ns (routing 1.282ns, distribution 1.738ns)

    Location             Delay type                Incr(ns)  Path(ns)    PBlock               Netlist Resource(s)
  -------------------------------------------------------------------    ----------------------------------------
                         (clock sys_clk rise edge)    0.000     0.000 r                       
    AV33                                              0.000     0.000 r                       clk (IN)
                         net (fo=0)                   0.000     0.000                         clk_IBUF_inst/I
    AV33                 INBUF (Prop_INBUF_HPIOB_M_PAD_O)
                                                      0.506     0.506 r                       clk_IBUF_inst/INBUF_INST/O
                         net (fo=1, routed)           0.000     0.506                         clk_IBUF_inst/OUT
    AV33                 IBUFCTRL (Prop_IBUFCTRL_HPIOB_M_I_O)
                                                      0.000     0.506 r                       clk_IBUF_inst/IBUFCTRL_INST/O
                         net (fo=1, routed)           0.323     0.829                         clk_IBUF
    BUFGCE_X0Y26         BUFGCE (Prop_BUFCE_BUFGCE_I_O)
                                                      0.028     0.857 r                       clk_IBUF_BUFG_inst/O
    X2Y6 (CLOCK_ROOT)    net (fo=134803, routed)      3.287     4.144                         u_l2_cache/clk_IBUF_BUFG
    SLR Crossing[0->1]   
    SLICE_X117Y418       FDCE                                         r  pblock_l2_cache      u_l2_cache/req_addr_reg[7]/C
  -------------------------------------------------------------------    ----------------------------------------
    SLICE_X117Y418       FDCE (Prop_GFF2_SLICEM_C_Q)
                                                      0.079     4.223 r  pblock_l2_cache      u_l2_cache/req_addr_reg[7]/Q
                         net (fo=1153, routed)        9.234    13.456                         u_l2_cache/get_index_return[1]
    RAMB36_X1Y110        RAMB36E2                                     r  pblock_l2_cache      u_l2_cache/gen_data_way[15].gen_data_bank[3].data_mem_bank_reg_bram_2/ADDRARDADDR[6]
  -------------------------------------------------------------------    ----------------------------------------

                         (clock sys_clk rise edge)   10.000    10.000 r                       
    AV33                                              0.000    10.000 r                       clk (IN)
                         net (fo=0)                   0.000    10.000                         clk_IBUF_inst/I
    AV33                 INBUF (Prop_INBUF_HPIOB_M_PAD_O)
                                                      0.256    10.256 r                       clk_IBUF_inst/INBUF_INST/O
                         net (fo=1, routed)           0.000    10.256                         clk_IBUF_inst/OUT
    AV33                 IBUFCTRL (Prop_IBUFCTRL_HPIOB_M_I_O)
                                                      0.000    10.256 r                       clk_IBUF_inst/IBUFCTRL_INST/O
                         net (fo=1, routed)           0.287    10.543                         clk_IBUF
    BUFGCE_X0Y26         BUFGCE (Prop_BUFCE_BUFGCE_I_O)
                                                      0.024    10.567 r                       clk_IBUF_BUFG_inst/O
    X2Y6 (CLOCK_ROOT)    net (fo=134803, routed)      3.020    13.587                         u_l2_cache/clk_IBUF_BUFG
    SLR Crossing[0->1]   
    RAMB36_X1Y110        RAMB36E2                                     r  pblock_l2_cache      u_l2_cache/gen_data_way[15].gen_data_bank[3].data_mem_bank_reg_bram_2/CLKARDCLK
                         clock pessimism              0.421    14.008                           
                         clock uncertainty           -0.035    13.972                           
    RAMB36_X1Y110        RAMB36E2 (Setup_RAMB36E2_RAMB36_CLKARDCLK_ADDRARDADDR[6])
                                                     -0.285    13.687    pblock_l2_cache        u_l2_cache/gen_data_way[15].gen_data_bank[3].data_mem_bank_reg_bram_2
  -------------------------------------------------------------------
                         required time                         13.687                           
                         arrival time                         -13.456                           
  -------------------------------------------------------------------
                         slack                                  0.231                           

Slack (MET) :             0.234ns  (required time - arrival time)
  Source:                 u_l2_cache/req_addr_reg[7]/C
                            (rising edge-triggered cell FDCE clocked by sys_clk  {rise@0.000ns fall@5.000ns period=10.000ns})
  Destination:            u_l2_cache/gen_tag_way[7].tag_mem_way_reg_bram_1/ADDRARDADDR[6]
                            (rising edge-triggered cell RAMB36E2 clocked by sys_clk  {rise@0.000ns fall@5.000ns period=10.000ns})
  Path Group:             sys_clk
  Path Type:              Setup (Max at Slow Process Corner)
  Requirement:            10.000ns  (sys_clk rise@10.000ns - sys_clk rise@0.000ns)
  Data Path Delay:        9.319ns  (logic 0.079ns (0.848%)  route 9.240ns (99.152%))
  Logic Levels:           0  
  Clock Path Skew:        -0.127ns (DCD - SCD + CPR)
    Destination Clock Delay (DCD):    3.596ns = ( 13.596 - 10.000 ) 
    Source Clock Delay      (SCD):    4.144ns
    Clock Pessimism Removal (CPR):    0.421ns
  Clock Uncertainty:      0.035ns  ((TSJ^2 + TIJ^2)^1/2 + DJ) / 2 + PE
    Total System Jitter     (TSJ):    0.071ns
    Total Input Jitter      (TIJ):    0.000ns
    Discrete Jitter          (DJ):    0.000ns
    Phase Error              (PE):    0.000ns
  Clock Net Delay (Source):      3.287ns (routing 1.413ns, distribution 1.874ns)
  Clock Net Delay (Destination): 3.029ns (routing 1.282ns, distribution 1.747ns)

    Location             Delay type                Incr(ns)  Path(ns)    PBlock               Netlist Resource(s)
  -------------------------------------------------------------------    ----------------------------------------
                         (clock sys_clk rise edge)    0.000     0.000 r                       
    AV33                                              0.000     0.000 r                       clk (IN)
                         net (fo=0)                   0.000     0.000                         clk_IBUF_inst/I
    AV33                 INBUF (Prop_INBUF_HPIOB_M_PAD_O)
                                                      0.506     0.506 r                       clk_IBUF_inst/INBUF_INST/O
                         net (fo=1, routed)           0.000     0.506                         clk_IBUF_inst/OUT
    AV33                 IBUFCTRL (Prop_IBUFCTRL_HPIOB_M_I_O)
                                                      0.000     0.506 r                       clk_IBUF_inst/IBUFCTRL_INST/O
                         net (fo=1, routed)           0.323     0.829                         clk_IBUF
    BUFGCE_X0Y26         BUFGCE (Prop_BUFCE_BUFGCE_I_O)
                                                      0.028     0.857 r                       clk_IBUF_BUFG_inst/O
    X2Y6 (CLOCK_ROOT)    net (fo=134803, routed)      3.287     4.144                         u_l2_cache/clk_IBUF_BUFG
    SLR Crossing[0->1]   
    SLICE_X117Y418       FDCE                                         r  pblock_l2_cache      u_l2_cache/req_addr_reg[7]/C
  -------------------------------------------------------------------    ----------------------------------------
    SLICE_X117Y418       FDCE (Prop_GFF2_SLICEM_C_Q)
                                                      0.079     4.223 r  pblock_l2_cache      u_l2_cache/req_addr_reg[7]/Q
                         net (fo=1153, routed)        9.240    13.462                         u_l2_cache/get_index_return[1]
    RAMB36_X0Y101        RAMB36E2                                     r  pblock_l2_cache      u_l2_cache/gen_tag_way[7].tag_mem_way_reg_bram_1/ADDRARDADDR[6]
  -------------------------------------------------------------------    ----------------------------------------

                         (clock sys_clk rise edge)   10.000    10.000 r                       
    AV33                                              0.000    10.000 r                       clk (IN)
                         net (fo=0)                   0.000    10.000                         clk_IBUF_inst/I
    AV33                 INBUF (Prop_INBUF_HPIOB_M_PAD_O)
                                                      0.256    10.256 r                       clk_IBUF_inst/INBUF_INST/O
                         net (fo=1, routed)           0.000    10.256                         clk_IBUF_inst/OUT
    AV33                 IBUFCTRL (Prop_IBUFCTRL_HPIOB_M_I_O)
                                                      0.000    10.256 r                       clk_IBUF_inst/IBUFCTRL_INST/O
                         net (fo=1, routed)           0.287    10.543                         clk_IBUF
    BUFGCE_X0Y26         BUFGCE (Prop_BUFCE_BUFGCE_I_O)
                                                      0.024    10.567 r                       clk_IBUF_BUFG_inst/O
    X2Y6 (CLOCK_ROOT)    net (fo=134803, routed)      3.029    13.596                         u_l2_cache/clk_IBUF_BUFG
    SLR Crossing[0->1]   
    RAMB36_X0Y101        RAMB36E2                                     r  pblock_l2_cache      u_l2_cache/gen_tag_way[7].tag_mem_way_reg_bram_1/CLKARDCLK
                         clock pessimism              0.421    14.017                           
                         clock uncertainty           -0.035    13.981                           
    RAMB36_X0Y101        RAMB36E2 (Setup_RAMB36E2_RAMB36_CLKARDCLK_ADDRARDADDR[6])
                                                     -0.285    13.696    pblock_l2_cache        u_l2_cache/gen_tag_way[7].tag_mem_way_reg_bram_1
  -------------------------------------------------------------------
                         required time                         13.696                           
                         arrival time                         -13.462                           
  -------------------------------------------------------------------
                         slack                                  0.234                           

Slack (MET) :             0.235ns  (required time - arrival time)
  Source:                 u_l2_cache/req_addr_reg[7]/C
                            (rising edge-triggered cell FDCE clocked by sys_clk  {rise@0.000ns fall@5.000ns period=10.000ns})
  Destination:            u_l2_cache/gen_data_way[14].gen_data_bank[2].data_mem_bank_reg_bram_1/ADDRARDADDR[6]
                            (rising edge-triggered cell RAMB36E2 clocked by sys_clk  {rise@0.000ns fall@5.000ns period=10.000ns})
  Path Group:             sys_clk
  Path Type:              Setup (Max at Slow Process Corner)
  Requirement:            10.000ns  (sys_clk rise@10.000ns - sys_clk rise@0.000ns)
  Data Path Delay:        9.292ns  (logic 0.079ns (0.850%)  route 9.213ns (99.150%))
  Logic Levels:           0  
  Clock Path Skew:        -0.152ns (DCD - SCD + CPR)
    Destination Clock Delay (DCD):    3.571ns = ( 13.571 - 10.000 ) 
    Source Clock Delay      (SCD):    4.144ns
    Clock Pessimism Removal (CPR):    0.421ns
  Clock Uncertainty:      0.035ns  ((TSJ^2 + TIJ^2)^1/2 + DJ) / 2 + PE
    Total System Jitter     (TSJ):    0.071ns
    Total Input Jitter      (TIJ):    0.000ns
    Discrete Jitter          (DJ):    0.000ns
    Phase Error              (PE):    0.000ns
  Clock Net Delay (Source):      3.287ns (routing 1.413ns, distribution 1.874ns)
  Clock Net Delay (Destination): 3.004ns (routing 1.282ns, distribution 1.722ns)

    Location             Delay type                Incr(ns)  Path(ns)    PBlock               Netlist Resource(s)
  -------------------------------------------------------------------    ----------------------------------------
                         (clock sys_clk rise edge)    0.000     0.000 r                       
    AV33                                              0.000     0.000 r                       clk (IN)
                         net (fo=0)                   0.000     0.000                         clk_IBUF_inst/I
    AV33                 INBUF (Prop_INBUF_HPIOB_M_PAD_O)
                                                      0.506     0.506 r                       clk_IBUF_inst/INBUF_INST/O
                         net (fo=1, routed)           0.000     0.506                         clk_IBUF_inst/OUT
    AV33                 IBUFCTRL (Prop_IBUFCTRL_HPIOB_M_I_O)
                                                      0.000     0.506 r                       clk_IBUF_inst/IBUFCTRL_INST/O
                         net (fo=1, routed)           0.323     0.829                         clk_IBUF
    BUFGCE_X0Y26         BUFGCE (Prop_BUFCE_BUFGCE_I_O)
                                                      0.028     0.857 r                       clk_IBUF_BUFG_inst/O
    X2Y6 (CLOCK_ROOT)    net (fo=134803, routed)      3.287     4.144                         u_l2_cache/clk_IBUF_BUFG
    SLR Crossing[0->1]   
    SLICE_X117Y418       FDCE                                         r  pblock_l2_cache      u_l2_cache/req_addr_reg[7]/C
  -------------------------------------------------------------------    ----------------------------------------
    SLICE_X117Y418       FDCE (Prop_GFF2_SLICEM_C_Q)
                                                      0.079     4.223 r  pblock_l2_cache      u_l2_cache/req_addr_reg[7]/Q
                         net (fo=1153, routed)        9.213    13.436                         u_l2_cache/get_index_return[1]
    RAMB36_X1Y113        RAMB36E2                                     r  pblock_l2_cache      u_l2_cache/gen_data_way[14].gen_data_bank[2].data_mem_bank_reg_bram_1/ADDRARDADDR[6]
  -------------------------------------------------------------------    ----------------------------------------

                         (clock sys_clk rise edge)   10.000    10.000 r                       
    AV33                                              0.000    10.000 r                       clk (IN)
                         net (fo=0)                   0.000    10.000                         clk_IBUF_inst/I
    AV33                 INBUF (Prop_INBUF_HPIOB_M_PAD_O)
                                                      0.256    10.256 r                       clk_IBUF_inst/INBUF_INST/O
                         net (fo=1, routed)           0.000    10.256                         clk_IBUF_inst/OUT
    AV33                 IBUFCTRL (Prop_IBUFCTRL_HPIOB_M_I_O)
                                                      0.000    10.256 r                       clk_IBUF_inst/IBUFCTRL_INST/O
                         net (fo=1, routed)           0.287    10.543                         clk_IBUF
    BUFGCE_X0Y26         BUFGCE (Prop_BUFCE_BUFGCE_I_O)
                                                      0.024    10.567 r                       clk_IBUF_BUFG_inst/O
    X2Y6 (CLOCK_ROOT)    net (fo=134803, routed)      3.004    13.571                         u_l2_cache/clk_IBUF_BUFG
    SLR Crossing[0->1]   
    RAMB36_X1Y113        RAMB36E2                                     r  pblock_l2_cache      u_l2_cache/gen_data_way[14].gen_data_bank[2].data_mem_bank_reg_bram_1/CLKARDCLK
                         clock pessimism              0.421    13.992                           
                         clock uncertainty           -0.035    13.956                           
    RAMB36_X1Y113        RAMB36E2 (Setup_RAMB36E2_RAMB36_CLKARDCLK_ADDRARDADDR[6])
                                                     -0.285    13.671    pblock_l2_cache        u_l2_cache/gen_data_way[14].gen_data_bank[2].data_mem_bank_reg_bram_1
  -------------------------------------------------------------------
                         required time                         13.671                           
                         arrival time                         -13.436                           
  -------------------------------------------------------------------
                         slack                                  0.235                           

Slack (MET) :             0.237ns  (required time - arrival time)
  Source:                 u_l2_cache/req_addr_reg[7]/C
                            (rising edge-triggered cell FDCE clocked by sys_clk  {rise@0.000ns fall@5.000ns period=10.000ns})
  Destination:            u_l2_cache/gen_data_way[6].gen_data_bank[3].data_mem_bank_reg_bram_6/ADDRARDADDR[4]
                            (rising edge-triggered cell RAMB36E2 clocked by sys_clk  {rise@0.000ns fall@5.000ns period=10.000ns})
  Path Group:             sys_clk
  Path Type:              Setup (Max at Slow Process Corner)
  Requirement:            10.000ns  (sys_clk rise@10.000ns - sys_clk rise@0.000ns)
  Data Path Delay:        8.849ns  (logic 0.079ns (0.893%)  route 8.770ns (99.107%))
  Logic Levels:           0  
  Clock Path Skew:        -0.307ns (DCD - SCD + CPR)
    Destination Clock Delay (DCD):    3.416ns = ( 13.416 - 10.000 ) 
    Source Clock Delay      (SCD):    4.144ns
    Clock Pessimism Removal (CPR):    0.421ns
  Clock Uncertainty:      0.035ns  ((TSJ^2 + TIJ^2)^1/2 + DJ) / 2 + PE
    Total System Jitter     (TSJ):    0.071ns
    Total Input Jitter      (TIJ):    0.000ns
    Discrete Jitter          (DJ):    0.000ns
    Phase Error              (PE):    0.000ns
  Inter-SLR Compensation: 0.235ns  ((DCD - CCD) * PF)
    Destination Clock Delay (DCD):    3.416ns
    Common Clock Delay      (CCD):    1.849ns
    Prorating Factor         (PF):    0.150
  Clock Net Delay (Source):      3.287ns (routing 1.413ns, distribution 1.874ns)
  Clock Net Delay (Destination): 2.849ns (routing 1.282ns, distribution 1.567ns)

    Location             Delay type                Incr(ns)  Path(ns)    PBlock               Netlist Resource(s)
  -------------------------------------------------------------------    ----------------------------------------
                         (clock sys_clk rise edge)    0.000     0.000 r                       
    AV33                                              0.000     0.000 r                       clk (IN)
                         net (fo=0)                   0.000     0.000                         clk_IBUF_inst/I
    AV33                 INBUF (Prop_INBUF_HPIOB_M_PAD_O)
                                                      0.506     0.506 r                       clk_IBUF_inst/INBUF_INST/O
                         net (fo=1, routed)           0.000     0.506                         clk_IBUF_inst/OUT
    AV33                 IBUFCTRL (Prop_IBUFCTRL_HPIOB_M_I_O)
                                                      0.000     0.506 r                       clk_IBUF_inst/IBUFCTRL_INST/O
                         net (fo=1, routed)           0.323     0.829                         clk_IBUF
    BUFGCE_X0Y26         BUFGCE (Prop_BUFCE_BUFGCE_I_O)
                                                      0.028     0.857 r                       clk_IBUF_BUFG_inst/O
    X2Y6 (CLOCK_ROOT)    net (fo=134803, routed)      3.287     4.144                         u_l2_cache/clk_IBUF_BUFG
    SLR Crossing[0->1]   
    SLICE_X117Y418       FDCE                                         r  pblock_l2_cache      u_l2_cache/req_addr_reg[7]/C
  -------------------------------------------------------------------    ----------------------------------------
    SLICE_X117Y418       FDCE (Prop_GFF2_SLICEM_C_Q)
                                                      0.079     4.223 r  pblock_l2_cache      u_l2_cache/req_addr_reg[7]/Q
                         net (fo=1153, routed)        8.770    12.992                         u_l2_cache/get_index_return[1]
    SLR Crossing[1->2]   
    RAMB36_X5Y138        RAMB36E2                                     r  pblock_l2_cache      u_l2_cache/gen_data_way[6].gen_data_bank[3].data_mem_bank_reg_bram_6/ADDRARDADDR[4]
  -------------------------------------------------------------------    ----------------------------------------

                         (clock sys_clk rise edge)   10.000    10.000 r                       
    AV33                                              0.000    10.000 r                       clk (IN)
                         net (fo=0)                   0.000    10.000                         clk_IBUF_inst/I
    AV33                 INBUF (Prop_INBUF_HPIOB_M_PAD_O)
                                                      0.256    10.256 r                       clk_IBUF_inst/INBUF_INST/O
                         net (fo=1, routed)           0.000    10.256                         clk_IBUF_inst/OUT
    AV33                 IBUFCTRL (Prop_IBUFCTRL_HPIOB_M_I_O)
                                                      0.000    10.256 r                       clk_IBUF_inst/IBUFCTRL_INST/O
                         net (fo=1, routed)           0.287    10.543                         clk_IBUF
    BUFGCE_X0Y26         BUFGCE (Prop_BUFCE_BUFGCE_I_O)
                                                      0.024    10.567 r                       clk_IBUF_BUFG_inst/O
    X2Y6 (CLOCK_ROOT)    net (fo=134803, routed)      2.849    13.416                         u_l2_cache/clk_IBUF_BUFG
    SLR Crossing[0->2]   
    RAMB36_X5Y138        RAMB36E2                                     r  pblock_l2_cache      u_l2_cache/gen_data_way[6].gen_data_bank[3].data_mem_bank_reg_bram_6/CLKARDCLK
                         clock pessimism              0.421    13.837                           
                         inter-SLR compensation      -0.235    13.602                           
                         clock uncertainty           -0.035    13.566                           
    RAMB36_X5Y138        RAMB36E2 (Setup_RAMB36E2_RAMB36_CLKARDCLK_ADDRARDADDR[4])
                                                     -0.337    13.229    pblock_l2_cache        u_l2_cache/gen_data_way[6].gen_data_bank[3].data_mem_bank_reg_bram_6
  -------------------------------------------------------------------
                         required time                         13.229                           
                         arrival time                         -12.992                           
  -------------------------------------------------------------------
                         slack                                  0.237                           

Slack (MET) :             0.237ns  (required time - arrival time)
  Source:                 u_l2_cache/req_addr_reg[7]/C
                            (rising edge-triggered cell FDCE clocked by sys_clk  {rise@0.000ns fall@5.000ns period=10.000ns})
  Destination:            u_l2_cache/gen_data_way[6].gen_data_bank[6].data_mem_bank_reg_bram_6/ADDRARDADDR[4]
                            (rising edge-triggered cell RAMB36E2 clocked by sys_clk  {rise@0.000ns fall@5.000ns period=10.000ns})
  Path Group:             sys_clk
  Path Type:              Setup (Max at Slow Process Corner)
  Requirement:            10.000ns  (sys_clk rise@10.000ns - sys_clk rise@0.000ns)
  Data Path Delay:        8.928ns  (logic 0.079ns (0.885%)  route 8.849ns (99.115%))
  Logic Levels:           0  
  Clock Path Skew:        -0.222ns (DCD - SCD + CPR)
    Destination Clock Delay (DCD):    3.497ns = ( 13.497 - 10.000 ) 
    Source Clock Delay      (SCD):    4.144ns
    Clock Pessimism Removal (CPR):    0.425ns
  Clock Uncertainty:      0.035ns  ((TSJ^2 + TIJ^2)^1/2 + DJ) / 2 + PE
    Total System Jitter     (TSJ):    0.071ns
    Total Input Jitter      (TIJ):    0.000ns
    Discrete Jitter          (DJ):    0.000ns
    Phase Error              (PE):    0.000ns
  Inter-SLR Compensation: 0.240ns  ((DCD - CCD) * PF)
    Destination Clock Delay (DCD):    3.497ns
    Common Clock Delay      (CCD):    1.894ns
    Prorating Factor         (PF):    0.150
  Clock Net Delay (Source):      3.287ns (routing 1.413ns, distribution 1.874ns)
  Clock Net Delay (Destination): 2.930ns (routing 1.282ns, distribution 1.648ns)

    Location             Delay type                Incr(ns)  Path(ns)    PBlock               Netlist Resource(s)
  -------------------------------------------------------------------    ----------------------------------------
                         (clock sys_clk rise edge)    0.000     0.000 r                       
    AV33                                              0.000     0.000 r                       clk (IN)
                         net (fo=0)                   0.000     0.000                         clk_IBUF_inst/I
    AV33                 INBUF (Prop_INBUF_HPIOB_M_PAD_O)
                                                      0.506     0.506 r                       clk_IBUF_inst/INBUF_INST/O
                         net (fo=1, routed)           0.000     0.506                         clk_IBUF_inst/OUT
    AV33                 IBUFCTRL (Prop_IBUFCTRL_HPIOB_M_I_O)
                                                      0.000     0.506 r                       clk_IBUF_inst/IBUFCTRL_INST/O
                         net (fo=1, routed)           0.323     0.829                         clk_IBUF
    BUFGCE_X0Y26         BUFGCE (Prop_BUFCE_BUFGCE_I_O)
                                                      0.028     0.857 r                       clk_IBUF_BUFG_inst/O
    X2Y6 (CLOCK_ROOT)    net (fo=134803, routed)      3.287     4.144                         u_l2_cache/clk_IBUF_BUFG
    SLR Crossing[0->1]   
    SLICE_X117Y418       FDCE                                         r  pblock_l2_cache      u_l2_cache/req_addr_reg[7]/C
  -------------------------------------------------------------------    ----------------------------------------
    SLICE_X117Y418       FDCE (Prop_GFF2_SLICEM_C_Q)
                                                      0.079     4.223 r  pblock_l2_cache      u_l2_cache/req_addr_reg[7]/Q
                         net (fo=1153, routed)        8.849    13.072                         u_l2_cache/get_index_return[1]
    SLR Crossing[1->0]   
    RAMB36_X7Y47         RAMB36E2                                     r  pblock_l2_cache      u_l2_cache/gen_data_way[6].gen_data_bank[6].data_mem_bank_reg_bram_6/ADDRARDADDR[4]
  -------------------------------------------------------------------    ----------------------------------------

                         (clock sys_clk rise edge)   10.000    10.000 r                       
    AV33                                              0.000    10.000 r                       clk (IN)
                         net (fo=0)                   0.000    10.000                         clk_IBUF_inst/I
    AV33                 INBUF (Prop_INBUF_HPIOB_M_PAD_O)
                                                      0.256    10.256 r                       clk_IBUF_inst/INBUF_INST/O
                         net (fo=1, routed)           0.000    10.256                         clk_IBUF_inst/OUT
    AV33                 IBUFCTRL (Prop_IBUFCTRL_HPIOB_M_I_O)
                                                      0.000    10.256 r                       clk_IBUF_inst/IBUFCTRL_INST/O
                         net (fo=1, routed)           0.287    10.543                         clk_IBUF
    BUFGCE_X0Y26         BUFGCE (Prop_BUFCE_BUFGCE_I_O)
                                                      0.024    10.567 r                       clk_IBUF_BUFG_inst/O
    X2Y6 (CLOCK_ROOT)    net (fo=134803, routed)      2.930    13.497                         u_l2_cache/clk_IBUF_BUFG
    RAMB36_X7Y47         RAMB36E2                                     r  pblock_l2_cache      u_l2_cache/gen_data_way[6].gen_data_bank[6].data_mem_bank_reg_bram_6/CLKARDCLK
                         clock pessimism              0.425    13.922                           
                         inter-SLR compensation      -0.240    13.681                           
                         clock uncertainty           -0.035    13.646                           
    RAMB36_X7Y47         RAMB36E2 (Setup_RAMB36E2_RAMB36_CLKARDCLK_ADDRARDADDR[4])
                                                     -0.337    13.309    pblock_l2_cache        u_l2_cache/gen_data_way[6].gen_data_bank[6].data_mem_bank_reg_bram_6
  -------------------------------------------------------------------
                         required time                         13.309                           
                         arrival time                         -13.072                           
  -------------------------------------------------------------------
                         slack                                  0.237                           

Slack (MET) :             0.240ns  (required time - arrival time)
  Source:                 u_l2_cache/gen_tag_way[13].tag_mem_way_reg_bram_0/CLKARDCLK
                            (rising edge-triggered cell RAMB36E2 clocked by sys_clk  {rise@0.000ns fall@5.000ns period=10.000ns})
  Destination:            u_l2_cache/gen_ecc_way[0].ecc_mem_way_reg_bram_0/WEA[0]
                            (rising edge-triggered cell RAMB36E2 clocked by sys_clk  {rise@0.000ns fall@5.000ns period=10.000ns})
  Path Group:             sys_clk
  Path Type:              Setup (Max at Slow Process Corner)
  Requirement:            10.000ns  (sys_clk rise@10.000ns - sys_clk rise@0.000ns)
  Data Path Delay:        8.862ns  (logic 2.300ns (25.955%)  route 6.562ns (74.045%))
  Logic Levels:           10  (CARRY8=2 LUT5=1 LUT6=4 RAMB36E2=3)
  Clock Path Skew:        -0.296ns (DCD - SCD + CPR)
    Destination Clock Delay (DCD):    3.435ns = ( 13.435 - 10.000 ) 
    Source Clock Delay      (SCD):    4.192ns
    Clock Pessimism Removal (CPR):    0.461ns
  Clock Uncertainty:      0.035ns  ((TSJ^2 + TIJ^2)^1/2 + DJ) / 2 + PE
    Total System Jitter     (TSJ):    0.071ns
    Total Input Jitter      (TIJ):    0.000ns
    Discrete Jitter          (DJ):    0.000ns
    Phase Error              (PE):    0.000ns
  Inter-SLR Compensation: 0.173ns  ((DCD - CCD) * PF)
    Destination Clock Delay (DCD):    3.435ns
    Common Clock Delay      (CCD):    2.283ns
    Prorating Factor         (PF):    0.150
  Clock Net Delay (Source):      3.335ns (routing 1.413ns, distribution 1.922ns)
  Clock Net Delay (Destination): 2.868ns (routing 1.282ns, distribution 1.586ns)

    Location             Delay type                Incr(ns)  Path(ns)    PBlock               Netlist Resource(s)
  -------------------------------------------------------------------    ----------------------------------------
                         (clock sys_clk rise edge)    0.000     0.000 r                       
    AV33                                              0.000     0.000 r                       clk (IN)
                         net (fo=0)                   0.000     0.000                         clk_IBUF_inst/I
    AV33                 INBUF (Prop_INBUF_HPIOB_M_PAD_O)
                                                      0.506     0.506 r                       clk_IBUF_inst/INBUF_INST/O
                         net (fo=1, routed)           0.000     0.506                         clk_IBUF_inst/OUT
    AV33                 IBUFCTRL (Prop_IBUFCTRL_HPIOB_M_I_O)
                                                      0.000     0.506 r                       clk_IBUF_inst/IBUFCTRL_INST/O
                         net (fo=1, routed)           0.323     0.829                         clk_IBUF
    BUFGCE_X0Y26         BUFGCE (Prop_BUFCE_BUFGCE_I_O)
                                                      0.028     0.857 r                       clk_IBUF_BUFG_inst/O
    X2Y6 (CLOCK_ROOT)    net (fo=134803, routed)      3.335     4.192                         u_l2_cache/clk_IBUF_BUFG
    RAMB36_X2Y56         RAMB36E2                                     r  pblock_l2_cache      u_l2_cache/gen_tag_way[13].tag_mem_way_reg_bram_0/CLKARDCLK
  -------------------------------------------------------------------    ----------------------------------------
    RAMB36_X2Y56         RAMB36E2 (Prop_RAMB36E2_RAMB36_CLKARDCLK_CASDOUTA[12])
                                                      1.055     5.247 r  pblock_l2_cache      u_l2_cache/gen_tag_way[13].tag_mem_way_reg_bram_0/CASDOUTA[12]
                         net (fo=1, routed)           0.035     5.282                         u_l2_cache/gen_tag_way[13].tag_mem_way_reg_bram_0_n_23
    RAMB36_X2Y57         RAMB36E2 (Prop_RAMB36E2_RAMB36_CASDINA[12]_CASDOUTA[12])
                                                      0.210     5.492 r  pblock_l2_cache      u_l2_cache/gen_tag_way[13].tag_mem_way_reg_bram_1/CASDOUTA[12]
                         net (fo=1, routed)           0.035     5.527                         u_l2_cache/gen_tag_way[13].tag_mem_way_reg_bram_1_n_23
    RAMB36_X2Y58         RAMB36E2 (Prop_RAMB36E2_RAMB36_CASDINA[12]_CASDOUTA[12])
                                                      0.210     5.737 r  pblock_l2_cache      u_l2_cache/gen_tag_way[13].tag_mem_way_reg_bram_2/CASDOUTA[12]
                         net (fo=1, routed)           0.035     5.772                         u_l2_cache/gen_tag_way[13].tag_mem_way_reg_bram_2_n_23
    RAMB36_X2Y59         RAMB36E2 (Prop_RAMB36E2_RAMB36_CASDINA[12]_DOUTADOUT[12])
                                                      0.117     5.889 r  pblock_l2_cache      u_l2_cache/gen_tag_way[13].tag_mem_way_reg_bram_3/DOUTADOUT[12]
                         net (fo=1, routed)           2.027     7.916                         u_l2_cache/p_0_in23_in[8]
    SLR Crossing[0->1]   
    SLICE_X51Y414        LUT6 (Prop_C6LUT_SLICEM_I3_O)
                                                      0.098     8.014 r  pblock_l2_cache      u_l2_cache/gen_tag_way[1].tag_mem_way_reg_bram_4_i_247/O
                         net (fo=1, routed)           0.021     8.035                         u_l2_cache/gen_tag_way[1].tag_mem_way_reg_bram_4_i_247_n_0
    SLICE_X51Y414        CARRY8 (Prop_CARRY8_SLICEM_S[2]_CO[7])
                                                      0.161     8.196 r  pblock_l2_cache      u_l2_cache/gen_tag_way[1].tag_mem_way_reg_bram_4_i_114/CO[7]
                         net (fo=1, routed)           0.026     8.222                         u_l2_cache/gen_tag_way[1].tag_mem_way_reg_bram_4_i_114_n_0
    SLICE_X51Y415        CARRY8 (Prop_CARRY8_SLICEM_CI_CO[7])
                                                      0.022     8.244 r  pblock_l2_cache      u_l2_cache/gen_tag_way[1].tag_mem_way_reg_bram_4_i_42/CO[7]
                         net (fo=3, routed)           0.572     8.816                         u_l2_cache/hit224_out
    SLICE_X58Y415        LUT6 (Prop_A6LUT_SLICEL_I0_O)
                                                      0.124     8.940 r  pblock_l2_cache      u_l2_cache/gen_tag_way[1].tag_mem_way_reg_bram_4_i_19/O
                         net (fo=35, routed)          0.605     9.544                         u_l2_cache/gen_tag_way[1].tag_mem_way_reg_bram_4_i_19_n_0
    SLICE_X58Y466        LUT6 (Prop_A6LUT_SLICEL_I5_O)
                                                      0.124     9.668 r  pblock_l2_cache      u_l2_cache/gen_tag_way[1].tag_mem_way_reg_bram_4_i_23/O
                         net (fo=3, routed)           0.140     9.808                         u_l2_cache/gen_tag_way[1].tag_mem_way_reg_bram_4_i_23_n_0
    SLICE_X59Y465        LUT6 (Prop_A6LUT_SLICEM_I5_O)
                                                      0.090     9.898 f  pblock_l2_cache      u_l2_cache/gen_tag_way[1].tag_mem_way_reg_bram_4_i_15/O
                         net (fo=1074, routed)        0.312    10.211                         u_l2_cache/gen_tag_way[1].tag_mem_way_reg_bram_4_i_15_n_0
    SLICE_X58Y448        LUT5 (Prop_F6LUT_SLICEL_I4_O)
                                                      0.089    10.300 r  pblock_l2_cache      u_l2_cache/gen_tag_way[0].tag_mem_way_reg_bram_4_i_1/O
                         net (fo=16, routed)          2.753    13.053                         u_l2_cache/gen_tag_way[0].tag_mem_way_reg_bram_4_i_1_n_0
    SLR Crossing[1->0]   
    RAMB36_X3Y45         RAMB36E2                                     r  pblock_l2_cache      u_l2_cache/gen_ecc_way[0].ecc_mem_way_reg_bram_0/WEA[0]
  -------------------------------------------------------------------    ----------------------------------------

                         (clock sys_clk rise edge)   10.000    10.000 r                       
    AV33                                              0.000    10.000 r                       clk (IN)
                         net (fo=0)                   0.000    10.000                         clk_IBUF_inst/I
    AV33                 INBUF (Prop_INBUF_HPIOB_M_PAD_O)
                                                      0.256    10.256 r                       clk_IBUF_inst/INBUF_INST/O
                         net (fo=1, routed)           0.000    10.256                         clk_IBUF_inst/OUT
    AV33                 IBUFCTRL (Prop_IBUFCTRL_HPIOB_M_I_O)
                                                      0.000    10.256 r                       clk_IBUF_inst/IBUFCTRL_INST/O
                         net (fo=1, routed)           0.287    10.543                         clk_IBUF
    BUFGCE_X0Y26         BUFGCE (Prop_BUFCE_BUFGCE_I_O)
                                                      0.024    10.567 r                       clk_IBUF_BUFG_inst/O
    X2Y6 (CLOCK_ROOT)    net (fo=134803, routed)      2.868    13.435                         u_l2_cache/clk_IBUF_BUFG
    RAMB36_X3Y45         RAMB36E2                                     r  pblock_l2_cache      u_l2_cache/gen_ecc_way[0].ecc_mem_way_reg_bram_0/CLKARDCLK
                         clock pessimism              0.461    13.896                           
                         inter-SLR compensation      -0.173    13.723                           
                         clock uncertainty           -0.035    13.687                           
    RAMB36_X3Y45         RAMB36E2 (Setup_RAMB36E2_RAMB36_CLKARDCLK_WEA[0])
                                                     -0.394    13.293    pblock_l2_cache        u_l2_cache/gen_ecc_way[0].ecc_mem_way_reg_bram_0
  -------------------------------------------------------------------
                         required time                         13.293                           
                         arrival time                         -13.053                           
  -------------------------------------------------------------------
                         slack                                  0.240                           

Slack (MET) :             0.240ns  (required time - arrival time)
  Source:                 u_l2_cache/req_addr_reg[7]/C
                            (rising edge-triggered cell FDCE clocked by sys_clk  {rise@0.000ns fall@5.000ns period=10.000ns})
  Destination:            u_l2_cache/gen_data_way[14].gen_data_bank[0].data_mem_bank_reg_bram_1/ADDRARDADDR[6]
                            (rising edge-triggered cell RAMB36E2 clocked by sys_clk  {rise@0.000ns fall@5.000ns period=10.000ns})
  Path Group:             sys_clk
  Path Type:              Setup (Max at Slow Process Corner)
  Requirement:            10.000ns  (sys_clk rise@10.000ns - sys_clk rise@0.000ns)
  Data Path Delay:        9.035ns  (logic 0.079ns (0.874%)  route 8.956ns (99.126%))
  Logic Levels:           0  
  Clock Path Skew:        -0.404ns (DCD - SCD + CPR)
    Destination Clock Delay (DCD):    3.319ns = ( 13.319 - 10.000 ) 
    Source Clock Delay      (SCD):    4.144ns
    Clock Pessimism Removal (CPR):    0.421ns
  Clock Uncertainty:      0.035ns  ((TSJ^2 + TIJ^2)^1/2 + DJ) / 2 + PE
    Total System Jitter     (TSJ):    0.071ns
    Total Input Jitter      (TIJ):    0.000ns
    Discrete Jitter          (DJ):    0.000ns
    Phase Error              (PE):    0.000ns
  Clock Net Delay (Source):      3.287ns (routing 1.413ns, distribution 1.874ns)
  Clock Net Delay (Destination): 2.752ns (routing 1.282ns, distribution 1.470ns)

    Location             Delay type                Incr(ns)  Path(ns)    PBlock               Netlist Resource(s)
  -------------------------------------------------------------------    ----------------------------------------
                         (clock sys_clk rise edge)    0.000     0.000 r                       
    AV33                                              0.000     0.000 r                       clk (IN)
                         net (fo=0)                   0.000     0.000                         clk_IBUF_inst/I
    AV33                 INBUF (Prop_INBUF_HPIOB_M_PAD_O)
                                                      0.506     0.506 r                       clk_IBUF_inst/INBUF_INST/O
                         net (fo=1, routed)           0.000     0.506                         clk_IBUF_inst/OUT
    AV33                 IBUFCTRL (Prop_IBUFCTRL_HPIOB_M_I_O)
                                                      0.000     0.506 r                       clk_IBUF_inst/IBUFCTRL_INST/O
                         net (fo=1, routed)           0.323     0.829                         clk_IBUF
    BUFGCE_X0Y26         BUFGCE (Prop_BUFCE_BUFGCE_I_O)
                                                      0.028     0.857 r                       clk_IBUF_BUFG_inst/O
    X2Y6 (CLOCK_ROOT)    net (fo=134803, routed)      3.287     4.144                         u_l2_cache/clk_IBUF_BUFG
    SLR Crossing[0->1]   
    SLICE_X117Y418       FDCE                                         r  pblock_l2_cache      u_l2_cache/req_addr_reg[7]/C
  -------------------------------------------------------------------    ----------------------------------------
    SLICE_X117Y418       FDCE (Prop_GFF2_SLICEM_C_Q)
                                                      0.079     4.223 r  pblock_l2_cache      u_l2_cache/req_addr_reg[7]/Q
                         net (fo=1153, routed)        8.956    13.179                         u_l2_cache/get_index_return[1]
    RAMB36_X4Y99         RAMB36E2                                     r  pblock_l2_cache      u_l2_cache/gen_data_way[14].gen_data_bank[0].data_mem_bank_reg_bram_1/ADDRARDADDR[6]
  -------------------------------------------------------------------    ----------------------------------------

                         (clock sys_clk rise edge)   10.000    10.000 r                       
    AV33                                              0.000    10.000 r                       clk (IN)
                         net (fo=0)                   0.000    10.000                         clk_IBUF_inst/I
    AV33                 INBUF (Prop_INBUF_HPIOB_M_PAD_O)
                                                      0.256    10.256 r                       clk_IBUF_inst/INBUF_INST/O
                         net (fo=1, routed)           0.000    10.256                         clk_IBUF_inst/OUT
    AV33                 IBUFCTRL (Prop_IBUFCTRL_HPIOB_M_I_O)
                                                      0.000    10.256 r                       clk_IBUF_inst/IBUFCTRL_INST/O
                         net (fo=1, routed)           0.287    10.543                         clk_IBUF
    BUFGCE_X0Y26         BUFGCE (Prop_BUFCE_BUFGCE_I_O)
                                                      0.024    10.567 r                       clk_IBUF_BUFG_inst/O
    X2Y6 (CLOCK_ROOT)    net (fo=134803, routed)      2.752    13.319                         u_l2_cache/clk_IBUF_BUFG
    SLR Crossing[0->1]   
    RAMB36_X4Y99         RAMB36E2                                     r  pblock_l2_cache      u_l2_cache/gen_data_way[14].gen_data_bank[0].data_mem_bank_reg_bram_1/CLKARDCLK
                         clock pessimism              0.421    13.740                           
                         clock uncertainty           -0.035    13.704                           
    RAMB36_X4Y99         RAMB36E2 (Setup_RAMB36E2_RAMB36_CLKARDCLK_ADDRARDADDR[6])
                                                     -0.285    13.419    pblock_l2_cache        u_l2_cache/gen_data_way[14].gen_data_bank[0].data_mem_bank_reg_bram_1
  -------------------------------------------------------------------
                         required time                         13.419                           
                         arrival time                         -13.179                           
  -------------------------------------------------------------------
                         slack                                  0.240                           

Slack (MET) :             0.248ns  (required time - arrival time)
  Source:                 u_l2_cache/req_addr_reg[7]/C
                            (rising edge-triggered cell FDCE clocked by sys_clk  {rise@0.000ns fall@5.000ns period=10.000ns})
  Destination:            u_l2_cache/gen_data_way[12].gen_data_bank[4].data_mem_bank_reg_bram_1/ADDRARDADDR[6]
                            (rising edge-triggered cell RAMB36E2 clocked by sys_clk  {rise@0.000ns fall@5.000ns period=10.000ns})
  Path Group:             sys_clk
  Path Type:              Setup (Max at Slow Process Corner)
  Requirement:            10.000ns  (sys_clk rise@10.000ns - sys_clk rise@0.000ns)
  Data Path Delay:        9.047ns  (logic 0.079ns (0.873%)  route 8.968ns (99.127%))
  Logic Levels:           0  
  Clock Path Skew:        -0.131ns (DCD - SCD + CPR)
    Destination Clock Delay (DCD):    3.588ns = ( 13.588 - 10.000 ) 
    Source Clock Delay      (SCD):    4.144ns
    Clock Pessimism Removal (CPR):    0.425ns
  Clock Uncertainty:      0.035ns  ((TSJ^2 + TIJ^2)^1/2 + DJ) / 2 + PE
    Total System Jitter     (TSJ):    0.071ns
    Total Input Jitter      (TIJ):    0.000ns
    Discrete Jitter          (DJ):    0.000ns
    Phase Error              (PE):    0.000ns
  Inter-SLR Compensation: 0.254ns  ((DCD - CCD) * PF)
    Destination Clock Delay (DCD):    3.588ns
    Common Clock Delay      (CCD):    1.894ns
    Prorating Factor         (PF):    0.150
  Clock Net Delay (Source):      3.287ns (routing 1.413ns, distribution 1.874ns)
  Clock Net Delay (Destination): 3.021ns (routing 1.282ns, distribution 1.739ns)

    Location             Delay type                Incr(ns)  Path(ns)    PBlock               Netlist Resource(s)
  -------------------------------------------------------------------    ----------------------------------------
                         (clock sys_clk rise edge)    0.000     0.000 r                       
    AV33                                              0.000     0.000 r                       clk (IN)
                         net (fo=0)                   0.000     0.000                         clk_IBUF_inst/I
    AV33                 INBUF (Prop_INBUF_HPIOB_M_PAD_O)
                                                      0.506     0.506 r                       clk_IBUF_inst/INBUF_INST/O
                         net (fo=1, routed)           0.000     0.506                         clk_IBUF_inst/OUT
    AV33                 IBUFCTRL (Prop_IBUFCTRL_HPIOB_M_I_O)
                                                      0.000     0.506 r                       clk_IBUF_inst/IBUFCTRL_INST/O
                         net (fo=1, routed)           0.323     0.829                         clk_IBUF
    BUFGCE_X0Y26         BUFGCE (Prop_BUFCE_BUFGCE_I_O)
                                                      0.028     0.857 r                       clk_IBUF_BUFG_inst/O
    X2Y6 (CLOCK_ROOT)    net (fo=134803, routed)      3.287     4.144                         u_l2_cache/clk_IBUF_BUFG
    SLR Crossing[0->1]   
    SLICE_X117Y418       FDCE                                         r  pblock_l2_cache      u_l2_cache/req_addr_reg[7]/C
  -------------------------------------------------------------------    ----------------------------------------
    SLICE_X117Y418       FDCE (Prop_GFF2_SLICEM_C_Q)
                                                      0.079     4.223 r  pblock_l2_cache      u_l2_cache/req_addr_reg[7]/Q
                         net (fo=1153, routed)        8.968    13.190                         u_l2_cache/get_index_return[1]
    SLR Crossing[1->0]   
    RAMB36_X8Y57         RAMB36E2                                     r  pblock_l2_cache      u_l2_cache/gen_data_way[12].gen_data_bank[4].data_mem_bank_reg_bram_1/ADDRARDADDR[6]
  -------------------------------------------------------------------    ----------------------------------------

                         (clock sys_clk rise edge)   10.000    10.000 r                       
    AV33                                              0.000    10.000 r                       clk (IN)
                         net (fo=0)                   0.000    10.000                         clk_IBUF_inst/I
    AV33                 INBUF (Prop_INBUF_HPIOB_M_PAD_O)
                                                      0.256    10.256 r                       clk_IBUF_inst/INBUF_INST/O
                         net (fo=1, routed)           0.000    10.256                         clk_IBUF_inst/OUT
    AV33                 IBUFCTRL (Prop_IBUFCTRL_HPIOB_M_I_O)
                                                      0.000    10.256 r                       clk_IBUF_inst/IBUFCTRL_INST/O
                         net (fo=1, routed)           0.287    10.543                         clk_IBUF
    BUFGCE_X0Y26         BUFGCE (Prop_BUFCE_BUFGCE_I_O)
                                                      0.024    10.567 r                       clk_IBUF_BUFG_inst/O
    X2Y6 (CLOCK_ROOT)    net (fo=134803, routed)      3.021    13.588                         u_l2_cache/clk_IBUF_BUFG
    RAMB36_X8Y57         RAMB36E2                                     r  pblock_l2_cache      u_l2_cache/gen_data_way[12].gen_data_bank[4].data_mem_bank_reg_bram_1/CLKARDCLK
                         clock pessimism              0.425    14.013                           
                         inter-SLR compensation      -0.254    13.758                           
                         clock uncertainty           -0.035    13.723                           
    RAMB36_X8Y57         RAMB36E2 (Setup_RAMB36E2_RAMB36_CLKARDCLK_ADDRARDADDR[6])
                                                     -0.285    13.438    pblock_l2_cache        u_l2_cache/gen_data_way[12].gen_data_bank[4].data_mem_bank_reg_bram_1
  -------------------------------------------------------------------
                         required time                         13.438                           
                         arrival time                         -13.190                           
  -------------------------------------------------------------------
                         slack                                  0.248                           

Slack (MET) :             0.252ns  (required time - arrival time)
  Source:                 u_l2_cache/req_addr_reg[9]/C
                            (rising edge-triggered cell FDCE clocked by sys_clk  {rise@0.000ns fall@5.000ns period=10.000ns})
  Destination:            u_l2_cache/gen_data_way[6].gen_data_bank[3].data_mem_bank_reg_bram_6/ADDRARDADDR[6]
                            (rising edge-triggered cell RAMB36E2 clocked by sys_clk  {rise@0.000ns fall@5.000ns period=10.000ns})
  Path Group:             sys_clk
  Path Type:              Setup (Max at Slow Process Corner)
  Requirement:            10.000ns  (sys_clk rise@10.000ns - sys_clk rise@0.000ns)
  Data Path Delay:        8.861ns  (logic 0.080ns (0.903%)  route 8.781ns (99.097%))
  Logic Levels:           0  
  Clock Path Skew:        -0.345ns (DCD - SCD + CPR)
    Destination Clock Delay (DCD):    3.416ns = ( 13.416 - 10.000 ) 
    Source Clock Delay      (SCD):    4.190ns
    Clock Pessimism Removal (CPR):    0.429ns
  Clock Uncertainty:      0.035ns  ((TSJ^2 + TIJ^2)^1/2 + DJ) / 2 + PE
    Total System Jitter     (TSJ):    0.071ns
    Total Input Jitter      (TIJ):    0.000ns
    Discrete Jitter          (DJ):    0.000ns
    Phase Error              (PE):    0.000ns
  Inter-SLR Compensation: 0.222ns  ((DCD - CCD) * PF)
    Destination Clock Delay (DCD):    3.416ns
    Common Clock Delay      (CCD):    1.937ns
    Prorating Factor         (PF):    0.150
  Clock Net Delay (Source):      3.333ns (routing 1.413ns, distribution 1.920ns)
  Clock Net Delay (Destination): 2.849ns (routing 1.282ns, distribution 1.567ns)

    Location             Delay type                Incr(ns)  Path(ns)    PBlock               Netlist Resource(s)
  -------------------------------------------------------------------    ----------------------------------------
                         (clock sys_clk rise edge)    0.000     0.000 r                       
    AV33                                              0.000     0.000 r                       clk (IN)
                         net (fo=0)                   0.000     0.000                         clk_IBUF_inst/I
    AV33                 INBUF (Prop_INBUF_HPIOB_M_PAD_O)
                                                      0.506     0.506 r                       clk_IBUF_inst/INBUF_INST/O
                         net (fo=1, routed)           0.000     0.506                         clk_IBUF_inst/OUT
    AV33                 IBUFCTRL (Prop_IBUFCTRL_HPIOB_M_I_O)
                                                      0.000     0.506 r                       clk_IBUF_inst/IBUFCTRL_INST/O
                         net (fo=1, routed)           0.323     0.829                         clk_IBUF
    BUFGCE_X0Y26         BUFGCE (Prop_BUFCE_BUFGCE_I_O)
                                                      0.028     0.857 r                       clk_IBUF_BUFG_inst/O
    X2Y6 (CLOCK_ROOT)    net (fo=134803, routed)      3.333     4.190                         u_l2_cache/clk_IBUF_BUFG
    SLR Crossing[0->1]   
    SLICE_X116Y421       FDCE                                         r  pblock_l2_cache      u_l2_cache/req_addr_reg[9]/C
  -------------------------------------------------------------------    ----------------------------------------
    SLICE_X116Y421       FDCE (Prop_AFF2_SLICEM_C_Q)
                                                      0.080     4.270 r  pblock_l2_cache      u_l2_cache/req_addr_reg[9]/Q
                         net (fo=1153, routed)        8.781    13.051                         u_l2_cache/get_index_return[3]
    SLR Crossing[1->2]   
    RAMB36_X5Y138        RAMB36E2                                     r  pblock_l2_cache      u_l2_cache/gen_data_way[6].gen_data_bank[3].data_mem_bank_reg_bram_6/ADDRARDADDR[6]
  -------------------------------------------------------------------    ----------------------------------------

                         (clock sys_clk rise edge)   10.000    10.000 r                       
    AV33                                              0.000    10.000 r                       clk (IN)
                         net (fo=0)                   0.000    10.000                         clk_IBUF_inst/I
    AV33                 INBUF (Prop_INBUF_HPIOB_M_PAD_O)
                                                      0.256    10.256 r                       clk_IBUF_inst/INBUF_INST/O
                         net (fo=1, routed)           0.000    10.256                         clk_IBUF_inst/OUT
    AV33                 IBUFCTRL (Prop_IBUFCTRL_HPIOB_M_I_O)
                                                      0.000    10.256 r                       clk_IBUF_inst/IBUFCTRL_INST/O
                         net (fo=1, routed)           0.287    10.543                         clk_IBUF
    BUFGCE_X0Y26         BUFGCE (Prop_BUFCE_BUFGCE_I_O)
                                                      0.024    10.567 r                       clk_IBUF_BUFG_inst/O
    X2Y6 (CLOCK_ROOT)    net (fo=134803, routed)      2.849    13.416                         u_l2_cache/clk_IBUF_BUFG
    SLR Crossing[0->2]   
    RAMB36_X5Y138        RAMB36E2                                     r  pblock_l2_cache      u_l2_cache/gen_data_way[6].gen_data_bank[3].data_mem_bank_reg_bram_6/CLKARDCLK
                         clock pessimism              0.429    13.845                           
                         inter-SLR compensation      -0.222    13.623                           
                         clock uncertainty           -0.035    13.587                           
    RAMB36_X5Y138        RAMB36E2 (Setup_RAMB36E2_RAMB36_CLKARDCLK_ADDRARDADDR[6])
                                                     -0.285    13.302    pblock_l2_cache        u_l2_cache/gen_data_way[6].gen_data_bank[3].data_mem_bank_reg_bram_6
  -------------------------------------------------------------------
                         required time                         13.302                           
                         arrival time                         -13.051                           
  -------------------------------------------------------------------
                         slack                                  0.252                           

Slack (MET) :             0.256ns  (required time - arrival time)
  Source:                 u_l2_cache/req_addr_reg[12]/C
                            (rising edge-triggered cell FDCE clocked by sys_clk  {rise@0.000ns fall@5.000ns period=10.000ns})
  Destination:            u_l2_cache/gen_data_way[2].gen_data_bank[3].data_mem_bank_reg_bram_4/ADDRARDADDR[10]
                            (rising edge-triggered cell RAMB36E2 clocked by sys_clk  {rise@0.000ns fall@5.000ns period=10.000ns})
  Path Group:             sys_clk
  Path Type:              Setup (Max at Slow Process Corner)
  Requirement:            10.000ns  (sys_clk rise@10.000ns - sys_clk rise@0.000ns)
  Data Path Delay:        8.920ns  (logic 0.079ns (0.886%)  route 8.841ns (99.114%))
  Logic Levels:           0  
  Clock Path Skew:        -0.282ns (DCD - SCD + CPR)
    Destination Clock Delay (DCD):    3.474ns = ( 13.474 - 10.000 ) 
    Source Clock Delay      (SCD):    4.185ns
    Clock Pessimism Removal (CPR):    0.429ns
  Clock Uncertainty:      0.035ns  ((TSJ^2 + TIJ^2)^1/2 + DJ) / 2 + PE
    Total System Jitter     (TSJ):    0.071ns
    Total Input Jitter      (TIJ):    0.000ns
    Discrete Jitter          (DJ):    0.000ns
    Phase Error              (PE):    0.000ns
  Inter-SLR Compensation: 0.231ns  ((DCD - CCD) * PF)
    Destination Clock Delay (DCD):    3.474ns
    Common Clock Delay      (CCD):    1.937ns
    Prorating Factor         (PF):    0.150
  Clock Net Delay (Source):      3.328ns (routing 1.413ns, distribution 1.915ns)
  Clock Net Delay (Destination): 2.907ns (routing 1.282ns, distribution 1.625ns)

    Location             Delay type                Incr(ns)  Path(ns)    PBlock               Netlist Resource(s)
  -------------------------------------------------------------------    ----------------------------------------
                         (clock sys_clk rise edge)    0.000     0.000 r                       
    AV33                                              0.000     0.000 r                       clk (IN)
                         net (fo=0)                   0.000     0.000                         clk_IBUF_inst/I
    AV33                 INBUF (Prop_INBUF_HPIOB_M_PAD_O)
                                                      0.506     0.506 r                       clk_IBUF_inst/INBUF_INST/O
                         net (fo=1, routed)           0.000     0.506                         clk_IBUF_inst/OUT
    AV33                 IBUFCTRL (Prop_IBUFCTRL_HPIOB_M_I_O)
                                                      0.000     0.506 r                       clk_IBUF_inst/IBUFCTRL_INST/O
                         net (fo=1, routed)           0.323     0.829                         clk_IBUF
    BUFGCE_X0Y26         BUFGCE (Prop_BUFCE_BUFGCE_I_O)
                                                      0.028     0.857 r                       clk_IBUF_BUFG_inst/O
    X2Y6 (CLOCK_ROOT)    net (fo=134803, routed)      3.328     4.185                         u_l2_cache/clk_IBUF_BUFG
    SLR Crossing[0->1]   
    SLICE_X116Y431       FDCE                                         r  pblock_l2_cache      u_l2_cache/req_addr_reg[12]/C
  -------------------------------------------------------------------    ----------------------------------------
    SLICE_X116Y431       FDCE (Prop_EFF2_SLICEM_C_Q)
                                                      0.079     4.264 r  pblock_l2_cache      u_l2_cache/req_addr_reg[12]/Q
                         net (fo=1153, routed)        8.841    13.104                         u_l2_cache/get_index_return[6]
    SLR Crossing[1->2]   
    RAMB36_X3Y128        RAMB36E2                                     r  pblock_l2_cache      u_l2_cache/gen_data_way[2].gen_data_bank[3].data_mem_bank_reg_bram_4/ADDRARDADDR[10]
  -------------------------------------------------------------------    ----------------------------------------

                         (clock sys_clk rise edge)   10.000    10.000 r                       
    AV33                                              0.000    10.000 r                       clk (IN)
                         net (fo=0)                   0.000    10.000                         clk_IBUF_inst/I
    AV33                 INBUF (Prop_INBUF_HPIOB_M_PAD_O)
                                                      0.256    10.256 r                       clk_IBUF_inst/INBUF_INST/O
                         net (fo=1, routed)           0.000    10.256                         clk_IBUF_inst/OUT
    AV33                 IBUFCTRL (Prop_IBUFCTRL_HPIOB_M_I_O)
                                                      0.000    10.256 r                       clk_IBUF_inst/IBUFCTRL_INST/O
                         net (fo=1, routed)           0.287    10.543                         clk_IBUF
    BUFGCE_X0Y26         BUFGCE (Prop_BUFCE_BUFGCE_I_O)
                                                      0.024    10.567 r                       clk_IBUF_BUFG_inst/O
    X2Y6 (CLOCK_ROOT)    net (fo=134803, routed)      2.907    13.474                         u_l2_cache/clk_IBUF_BUFG
    SLR Crossing[0->2]   
    RAMB36_X3Y128        RAMB36E2                                     r  pblock_l2_cache      u_l2_cache/gen_data_way[2].gen_data_bank[3].data_mem_bank_reg_bram_4/CLKARDCLK
                         clock pessimism              0.429    13.903                           
                         inter-SLR compensation      -0.231    13.672                           
                         clock uncertainty           -0.035    13.637                           
    RAMB36_X3Y128        RAMB36E2 (Setup_RAMB36E2_RAMB36_CLKARDCLK_ADDRARDADDR[10])
                                                     -0.276    13.361    pblock_l2_cache        u_l2_cache/gen_data_way[2].gen_data_bank[3].data_mem_bank_reg_bram_4
  -------------------------------------------------------------------
                         required time                         13.361                           
                         arrival time                         -13.104                           
  -------------------------------------------------------------------
                         slack                                  0.256                           

Slack (MET) :             0.258ns  (required time - arrival time)
  Source:                 u_l2_cache/req_addr_reg[7]/C
                            (rising edge-triggered cell FDCE clocked by sys_clk  {rise@0.000ns fall@5.000ns period=10.000ns})
  Destination:            u_l2_cache/gen_tag_way[7].tag_mem_way_reg_bram_0/ADDRARDADDR[6]
                            (rising edge-triggered cell RAMB36E2 clocked by sys_clk  {rise@0.000ns fall@5.000ns period=10.000ns})
  Path Group:             sys_clk
  Path Type:              Setup (Max at Slow Process Corner)
  Requirement:            10.000ns  (sys_clk rise@10.000ns - sys_clk rise@0.000ns)
  Data Path Delay:        9.302ns  (logic 0.079ns (0.849%)  route 9.223ns (99.151%))
  Logic Levels:           0  
  Clock Path Skew:        -0.120ns (DCD - SCD + CPR)
    Destination Clock Delay (DCD):    3.603ns = ( 13.603 - 10.000 ) 
    Source Clock Delay      (SCD):    4.144ns
    Clock Pessimism Removal (CPR):    0.421ns
  Clock Uncertainty:      0.035ns  ((TSJ^2 + TIJ^2)^1/2 + DJ) / 2 + PE
    Total System Jitter     (TSJ):    0.071ns
    Total Input Jitter      (TIJ):    0.000ns
    Discrete Jitter          (DJ):    0.000ns
    Phase Error              (PE):    0.000ns
  Clock Net Delay (Source):      3.287ns (routing 1.413ns, distribution 1.874ns)
  Clock Net Delay (Destination): 3.036ns (routing 1.282ns, distribution 1.754ns)

    Location             Delay type                Incr(ns)  Path(ns)    PBlock               Netlist Resource(s)
  -------------------------------------------------------------------    ----------------------------------------
                         (clock sys_clk rise edge)    0.000     0.000 r                       
    AV33                                              0.000     0.000 r                       clk (IN)
                         net (fo=0)                   0.000     0.000                         clk_IBUF_inst/I
    AV33                 INBUF (Prop_INBUF_HPIOB_M_PAD_O)
                                                      0.506     0.506 r                       clk_IBUF_inst/INBUF_INST/O
                         net (fo=1, routed)           0.000     0.506                         clk_IBUF_inst/OUT
    AV33                 IBUFCTRL (Prop_IBUFCTRL_HPIOB_M_I_O)
                                                      0.000     0.506 r                       clk_IBUF_inst/IBUFCTRL_INST/O
                         net (fo=1, routed)           0.323     0.829                         clk_IBUF
    BUFGCE_X0Y26         BUFGCE (Prop_BUFCE_BUFGCE_I_O)
                                                      0.028     0.857 r                       clk_IBUF_BUFG_inst/O
    X2Y6 (CLOCK_ROOT)    net (fo=134803, routed)      3.287     4.144                         u_l2_cache/clk_IBUF_BUFG
    SLR Crossing[0->1]   
    SLICE_X117Y418       FDCE                                         r  pblock_l2_cache      u_l2_cache/req_addr_reg[7]/C
  -------------------------------------------------------------------    ----------------------------------------
    SLICE_X117Y418       FDCE (Prop_GFF2_SLICEM_C_Q)
                                                      0.079     4.223 r  pblock_l2_cache      u_l2_cache/req_addr_reg[7]/Q
                         net (fo=1153, routed)        9.223    13.446                         u_l2_cache/get_index_return[1]
    RAMB36_X0Y100        RAMB36E2                                     r  pblock_l2_cache      u_l2_cache/gen_tag_way[7].tag_mem_way_reg_bram_0/ADDRARDADDR[6]
  -------------------------------------------------------------------    ----------------------------------------

                         (clock sys_clk rise edge)   10.000    10.000 r                       
    AV33                                              0.000    10.000 r                       clk (IN)
                         net (fo=0)                   0.000    10.000                         clk_IBUF_inst/I
    AV33                 INBUF (Prop_INBUF_HPIOB_M_PAD_O)
                                                      0.256    10.256 r                       clk_IBUF_inst/INBUF_INST/O
                         net (fo=1, routed)           0.000    10.256                         clk_IBUF_inst/OUT
    AV33                 IBUFCTRL (Prop_IBUFCTRL_HPIOB_M_I_O)
                                                      0.000    10.256 r                       clk_IBUF_inst/IBUFCTRL_INST/O
                         net (fo=1, routed)           0.287    10.543                         clk_IBUF
    BUFGCE_X0Y26         BUFGCE (Prop_BUFCE_BUFGCE_I_O)
                                                      0.024    10.567 r                       clk_IBUF_BUFG_inst/O
    X2Y6 (CLOCK_ROOT)    net (fo=134803, routed)      3.036    13.603                         u_l2_cache/clk_IBUF_BUFG
    SLR Crossing[0->1]   
    RAMB36_X0Y100        RAMB36E2                                     r  pblock_l2_cache      u_l2_cache/gen_tag_way[7].tag_mem_way_reg_bram_0/CLKARDCLK
                         clock pessimism              0.421    14.024                           
                         clock uncertainty           -0.035    13.988                           
    RAMB36_X0Y100        RAMB36E2 (Setup_RAMB36E2_RAMB36_CLKARDCLK_ADDRARDADDR[6])
                                                     -0.285    13.703    pblock_l2_cache        u_l2_cache/gen_tag_way[7].tag_mem_way_reg_bram_0
  -------------------------------------------------------------------
                         required time                         13.703                           
                         arrival time                         -13.446                           
  -------------------------------------------------------------------
                         slack                                  0.258                           

Slack (MET) :             0.262ns  (required time - arrival time)
  Source:                 u_l2_cache/req_addr_reg[7]/C
                            (rising edge-triggered cell FDCE clocked by sys_clk  {rise@0.000ns fall@5.000ns period=10.000ns})
  Destination:            u_l2_cache/gen_data_way[4].gen_data_bank[4].data_mem_bank_reg_bram_0/ADDRARDADDR[6]
                            (rising edge-triggered cell RAMB36E2 clocked by sys_clk  {rise@0.000ns fall@5.000ns period=10.000ns})
  Path Group:             sys_clk
  Path Type:              Setup (Max at Slow Process Corner)
  Requirement:            10.000ns  (sys_clk rise@10.000ns - sys_clk rise@0.000ns)
  Data Path Delay:        8.846ns  (logic 0.079ns (0.893%)  route 8.767ns (99.107%))
  Logic Levels:           0  
  Clock Path Skew:        -0.350ns (DCD - SCD + CPR)
    Destination Clock Delay (DCD):    3.369ns = ( 13.369 - 10.000 ) 
    Source Clock Delay      (SCD):    4.144ns
    Clock Pessimism Removal (CPR):    0.425ns
  Clock Uncertainty:      0.035ns  ((TSJ^2 + TIJ^2)^1/2 + DJ) / 2 + PE
    Total System Jitter     (TSJ):    0.071ns
    Total Input Jitter      (TIJ):    0.000ns
    Discrete Jitter          (DJ):    0.000ns
    Phase Error              (PE):    0.000ns
  Inter-SLR Compensation: 0.221ns  ((DCD - CCD) * PF)
    Destination Clock Delay (DCD):    3.369ns
    Common Clock Delay      (CCD):    1.894ns
    Prorating Factor         (PF):    0.150
  Clock Net Delay (Source):      3.287ns (routing 1.413ns, distribution 1.874ns)
  Clock Net Delay (Destination): 2.802ns (routing 1.282ns, distribution 1.520ns)

    Location             Delay type                Incr(ns)  Path(ns)    PBlock               Netlist Resource(s)
  -------------------------------------------------------------------    ----------------------------------------
                         (clock sys_clk rise edge)    0.000     0.000 r                       
    AV33                                              0.000     0.000 r                       clk (IN)
                         net (fo=0)                   0.000     0.000                         clk_IBUF_inst/I
    AV33                 INBUF (Prop_INBUF_HPIOB_M_PAD_O)
                                                      0.506     0.506 r                       clk_IBUF_inst/INBUF_INST/O
                         net (fo=1, routed)           0.000     0.506                         clk_IBUF_inst/OUT
    AV33                 IBUFCTRL (Prop_IBUFCTRL_HPIOB_M_I_O)
                                                      0.000     0.506 r                       clk_IBUF_inst/IBUFCTRL_INST/O
                         net (fo=1, routed)           0.323     0.829                         clk_IBUF
    BUFGCE_X0Y26         BUFGCE (Prop_BUFCE_BUFGCE_I_O)
                                                      0.028     0.857 r                       clk_IBUF_BUFG_inst/O
    X2Y6 (CLOCK_ROOT)    net (fo=134803, routed)      3.287     4.144                         u_l2_cache/clk_IBUF_BUFG
    SLR Crossing[0->1]   
    SLICE_X117Y418       FDCE                                         r  pblock_l2_cache      u_l2_cache/req_addr_reg[7]/C
  -------------------------------------------------------------------    ----------------------------------------
    SLICE_X117Y418       FDCE (Prop_GFF2_SLICEM_C_Q)
                                                      0.079     4.223 r  pblock_l2_cache      u_l2_cache/req_addr_reg[7]/Q
                         net (fo=1153, routed)        8.767    12.990                         u_l2_cache/get_index_return[1]
    SLR Crossing[1->0]   
    RAMB36_X6Y44         RAMB36E2                                     r  pblock_l2_cache      u_l2_cache/gen_data_way[4].gen_data_bank[4].data_mem_bank_reg_bram_0/ADDRARDADDR[6]
  -------------------------------------------------------------------    ----------------------------------------

                         (clock sys_clk rise edge)   10.000    10.000 r                       
    AV33                                              0.000    10.000 r                       clk (IN)
                         net (fo=0)                   0.000    10.000                         clk_IBUF_inst/I
    AV33                 INBUF (Prop_INBUF_HPIOB_M_PAD_O)
                                                      0.256    10.256 r                       clk_IBUF_inst/INBUF_INST/O
                         net (fo=1, routed)           0.000    10.256                         clk_IBUF_inst/OUT
    AV33                 IBUFCTRL (Prop_IBUFCTRL_HPIOB_M_I_O)
                                                      0.000    10.256 r                       clk_IBUF_inst/IBUFCTRL_INST/O
                         net (fo=1, routed)           0.287    10.543                         clk_IBUF
    BUFGCE_X0Y26         BUFGCE (Prop_BUFCE_BUFGCE_I_O)
                                                      0.024    10.567 r                       clk_IBUF_BUFG_inst/O
    X2Y6 (CLOCK_ROOT)    net (fo=134803, routed)      2.802    13.369                         u_l2_cache/clk_IBUF_BUFG
    RAMB36_X6Y44         RAMB36E2                                     r  pblock_l2_cache      u_l2_cache/gen_data_way[4].gen_data_bank[4].data_mem_bank_reg_bram_0/CLKARDCLK
                         clock pessimism              0.425    13.794                           
                         inter-SLR compensation      -0.221    13.572                           
                         clock uncertainty           -0.035    13.537                           
    RAMB36_X6Y44         RAMB36E2 (Setup_RAMB36E2_RAMB36_CLKARDCLK_ADDRARDADDR[6])
                                                     -0.285    13.252    pblock_l2_cache        u_l2_cache/gen_data_way[4].gen_data_bank[4].data_mem_bank_reg_bram_0
  -------------------------------------------------------------------
                         required time                         13.252                           
                         arrival time                         -12.990                           
  -------------------------------------------------------------------
                         slack                                  0.262                           

Slack (MET) :             0.263ns  (required time - arrival time)
  Source:                 gen_systolic[2].u_systolic/cycle_count_reg[2]_fret__0__0/C
                            (rising edge-triggered cell FDCE clocked by sys_clk  {rise@0.000ns fall@5.000ns period=10.000ns})
  Destination:            gen_systolic[2].u_systolic/pe_accum_reg[0][1][38]/CE
                            (rising edge-triggered cell FDCE clocked by sys_clk  {rise@0.000ns fall@5.000ns period=10.000ns})
  Path Group:             sys_clk
  Path Type:              Setup (Max at Slow Process Corner)
  Requirement:            10.000ns  (sys_clk rise@10.000ns - sys_clk rise@0.000ns)
  Data Path Delay:        9.452ns  (logic 4.185ns (44.276%)  route 5.267ns (55.724%))
  Logic Levels:           25  (CARRY8=6 DSP_A_B_DATA=1 DSP_ALU=3 DSP_M_DATA=1 DSP_MULTIPLIER=1 DSP_OUTPUT=3 DSP_PREADD_DATA=1 LUT3=1 LUT4=1 LUT5=2 LUT6=5)
  Clock Path Skew:        -0.189ns (DCD - SCD + CPR)
    Destination Clock Delay (DCD):    3.377ns = ( 13.377 - 10.000 ) 
    Source Clock Delay      (SCD):    3.991ns
    Clock Pessimism Removal (CPR):    0.425ns
  Clock Uncertainty:      0.035ns  ((TSJ^2 + TIJ^2)^1/2 + DJ) / 2 + PE
    Total System Jitter     (TSJ):    0.071ns
    Total Input Jitter      (TIJ):    0.000ns
    Discrete Jitter          (DJ):    0.000ns
    Phase Error              (PE):    0.000ns
  Clock Net Delay (Source):      3.134ns (routing 1.413ns, distribution 1.721ns)
  Clock Net Delay (Destination): 2.810ns (routing 1.282ns, distribution 1.528ns)

    Location             Delay type                Incr(ns)  Path(ns)    Netlist Resource(s)
  -------------------------------------------------------------------    -------------------
                         (clock sys_clk rise edge)    0.000     0.000 r  
    AV33                                              0.000     0.000 r  clk (IN)
                         net (fo=0)                   0.000     0.000    clk_IBUF_inst/I
    AV33                 INBUF (Prop_INBUF_HPIOB_M_PAD_O)
                                                      0.506     0.506 r  clk_IBUF_inst/INBUF_INST/O
                         net (fo=1, routed)           0.000     0.506    clk_IBUF_inst/OUT
    AV33                 IBUFCTRL (Prop_IBUFCTRL_HPIOB_M_I_O)
                                                      0.000     0.506 r  clk_IBUF_inst/IBUFCTRL_INST/O
                         net (fo=1, routed)           0.323     0.829    clk_IBUF
    BUFGCE_X0Y26         BUFGCE (Prop_BUFCE_BUFGCE_I_O)
                                                      0.028     0.857 r  clk_IBUF_BUFG_inst/O
    X2Y6 (CLOCK_ROOT)    net (fo=134803, routed)      3.134     3.991    gen_systolic[2].u_systolic/clk
    SLR Crossing[0->1]   
    SLICE_X38Y334        FDCE                                         r  gen_systolic[2].u_systolic/cycle_count_reg[2]_fret__0__0/C
  -------------------------------------------------------------------    -------------------
    SLICE_X38Y334        FDCE (Prop_EFF_SLICEM_C_Q)
                                                      0.076     4.067 r  gen_systolic[2].u_systolic/cycle_count_reg[2]_fret__0__0/Q
                         net (fo=128, routed)         0.668     4.735    gen_systolic[2].u_systolic/cycle_count_reg[2]_fret__0__0_n_0
    SLICE_X49Y337        LUT6 (Prop_D6LUT_SLICEL_I2_O)
                                                      0.099     4.834 f  gen_systolic[2].u_systolic/p_1_out__8_i_22/O
                         net (fo=1, routed)           0.048     4.882    gen_systolic[2].u_systolic/p_1_out__8_i_22_n_0
    SLICE_X49Y337        LUT5 (Prop_B6LUT_SLICEL_I4_O)
                                                      0.124     5.006 f  gen_systolic[2].u_systolic/p_1_out__8_i_4/O
                         net (fo=19, routed)          0.790     5.796    gen_systolic[2].u_systolic/p_1_out__62/A[14]
    DSP48E2_X5Y143       DSP_A_B_DATA (Prop_DSP_A_B_DATA_DSP48E2_A[14]_A2_DATA[14])
                                                      0.192     5.988 r  gen_systolic[2].u_systolic/p_1_out__62/DSP_A_B_DATA_INST/A2_DATA[14]
                         net (fo=1, routed)           0.000     5.988    gen_systolic[2].u_systolic/p_1_out__62/DSP_A_B_DATA.A2_DATA<14>
    DSP48E2_X5Y143       DSP_PREADD_DATA (Prop_DSP_PREADD_DATA_DSP48E2_A2_DATA[14]_A2A1[14])
                                                      0.076     6.064 r  gen_systolic[2].u_systolic/p_1_out__62/DSP_PREADD_DATA_INST/A2A1[14]
                         net (fo=1, routed)           0.000     6.064    gen_systolic[2].u_systolic/p_1_out__62/DSP_PREADD_DATA.A2A1<14>
    DSP48E2_X5Y143       DSP_MULTIPLIER (Prop_DSP_MULTIPLIER_DSP48E2_A2A1[14]_U[34])
                                                      0.505     6.569 f  gen_systolic[2].u_systolic/p_1_out__62/DSP_MULTIPLIER_INST/U[34]
                         net (fo=1, routed)           0.000     6.569    gen_systolic[2].u_systolic/p_1_out__62/DSP_MULTIPLIER.U<34>
    DSP48E2_X5Y143       DSP_M_DATA (Prop_DSP_M_DATA_DSP48E2_U[34]_U_DATA[34])
                                                      0.047     6.616 r  gen_systolic[2].u_systolic/p_1_out__62/DSP_M_DATA_INST/U_DATA[34]
                         net (fo=1, routed)           0.000     6.616    gen_systolic[2].u_systolic/p_1_out__62/DSP_M_DATA.U_DATA<34>
    DSP48E2_X5Y143       DSP_ALU (Prop_DSP_ALU_DSP48E2_U_DATA[34]_ALU_OUT[47])
                                                      0.585     7.201 f  gen_systolic[2].u_systolic/p_1_out__62/DSP_ALU_INST/ALU_OUT[47]
                         net (fo=1, routed)           0.000     7.201    gen_systolic[2].u_systolic/p_1_out__62/DSP_ALU.ALU_OUT<47>
    DSP48E2_X5Y143       DSP_OUTPUT (Prop_DSP_OUTPUT_DSP48E2_ALU_OUT[47]_PCOUT[47])
                                                      0.122     7.323 r  gen_systolic[2].u_systolic/p_1_out__62/DSP_OUTPUT_INST/PCOUT[47]
                         net (fo=1, routed)           0.054     7.377    gen_systolic[2].u_systolic/p_1_out__63/PCIN[47]
    DSP48E2_X5Y144       DSP_ALU (Prop_DSP_ALU_DSP48E2_PCIN[47]_ALU_OUT[47])
                                                      0.546     7.923 f  gen_systolic[2].u_systolic/p_1_out__63/DSP_ALU_INST/ALU_OUT[47]
                         net (fo=1, routed)           0.000     7.923    gen_systolic[2].u_systolic/p_1_out__63/DSP_ALU.ALU_OUT<47>
    DSP48E2_X5Y144       DSP_OUTPUT (Prop_DSP_OUTPUT_DSP48E2_ALU_OUT[47]_PCOUT[47])
                                                      0.122     8.045 r  gen_systolic[2].u_systolic/p_1_out__63/DSP_OUTPUT_INST/PCOUT[47]
                         net (fo=1, routed)           0.014     8.059    gen_systolic[2].u_systolic/p_1_out__64/PCIN[47]
    DSP48E2_X5Y145       DSP_ALU (Prop_DSP_ALU_DSP48E2_PCIN[47]_ALU_OUT[5])
                                                      0.546     8.605 f  gen_systolic[2].u_systolic/p_1_out__64/DSP_ALU_INST/ALU_OUT[5]
                         net (fo=1, routed)           0.000     8.605    gen_systolic[2].u_systolic/p_1_out__64/DSP_ALU.ALU_OUT<5>
    DSP48E2_X5Y145       DSP_OUTPUT (Prop_DSP_OUTPUT_DSP48E2_ALU_OUT[5]_P[5])
                                                      0.109     8.714 r  gen_systolic[2].u_systolic/p_1_out__64/DSP_OUTPUT_INST/P[5]
                         net (fo=5, routed)           0.456     9.170    gen_systolic[2].u_systolic/p_1_out__64_n_100
    SLICE_X30Y357        LUT4 (Prop_F6LUT_SLICEM_I0_O)
                                                      0.123     9.293 r  gen_systolic[2].u_systolic/pe_accum[0][1][28]_i_8/O
                         net (fo=1, routed)           0.323     9.616    gen_systolic[2].u_systolic/pe_accum[0][1][28]_i_8_n_0
    SLICE_X34Y357        CARRY8 (Prop_CARRY8_SLICEL_DI[2]_CO[7])
                                                      0.105     9.721 r  gen_systolic[2].u_systolic/pe_accum_reg[0][1][28]_i_2/CO[7]
                         net (fo=1, routed)           0.026     9.747    gen_systolic[2].u_systolic/pe_accum_reg[0][1][28]_i_2_n_0
    SLICE_X34Y358        CARRY8 (Prop_CARRY8_SLICEL_CI_CO[7])
                                                      0.015     9.762 r  gen_systolic[2].u_systolic/pe_accum_reg[0][1][36]_i_2/CO[7]
                         net (fo=1, routed)           0.026     9.788    gen_systolic[2].u_systolic/pe_accum_reg[0][1][36]_i_2_n_0
    SLICE_X34Y359        CARRY8 (Prop_CARRY8_SLICEL_CI_CO[7])
                                                      0.015     9.803 r  gen_systolic[2].u_systolic/pe_accum_reg[0][1][44]_i_2/CO[7]
                         net (fo=1, routed)           0.026     9.829    gen_systolic[2].u_systolic/pe_accum_reg[0][1][44]_i_2_n_0
    SLICE_X34Y360        CARRY8 (Prop_CARRY8_SLICEL_CI_CO[7])
                                                      0.015     9.844 r  gen_systolic[2].u_systolic/pe_accum_reg[0][1][51]_i_2/CO[7]
                         net (fo=1, routed)           0.026     9.870    gen_systolic[2].u_systolic/pe_accum_reg[0][1][51]_i_2_n_0
    SLICE_X34Y361        CARRY8 (Prop_CARRY8_SLICEL_CI_O[0])
                                                      0.056     9.926 r  gen_systolic[2].u_systolic/pe_accum_reg[0][1][62]_i_3/O[0]
                         net (fo=148, routed)         0.458    10.384    gen_systolic[2].u_systolic/pe_accum_reg[0][1][62]_i_3_n_15
    SLICE_X31Y347        LUT5 (Prop_D5LUT_SLICEM_I3_O)
                                                      0.066    10.450 f  gen_systolic[2].u_systolic/pe_accum[0][1][63]_i_40/O
                         net (fo=1, routed)           0.157    10.607    gen_systolic[2].u_systolic/pe_accum[0][1][63]_i_40_n_0
    SLICE_X31Y346        LUT6 (Prop_H6LUT_SLICEM_I0_O)
                                                      0.152    10.759 f  gen_systolic[2].u_systolic/pe_accum[0][1][63]_i_13/O
                         net (fo=1, routed)           0.268    11.027    gen_systolic[2].u_systolic/pe_accum[0][1][63]_i_13_n_0
    SLICE_X31Y350        CARRY8 (Prop_CARRY8_SLICEM_DI[0]_CO[5])
                                                      0.170    11.197 f  gen_systolic[2].u_systolic/pe_accum_reg[0][1][63]_i_3/CO[5]
                         net (fo=4, routed)           0.275    11.471    gen_systolic[2].u_systolic/pe_accum_reg[0][1][63]_i_3_n_2
    SLICE_X37Y350        LUT3 (Prop_D5LUT_SLICEL_I0_O)
                                                      0.110    11.581 r  gen_systolic[2].u_systolic/i_21_LOPT_REMAP_3/O
                         net (fo=7, routed)           0.471    12.052    gen_systolic[2].u_systolic/i_21/O_n_3
    SLICE_X39Y361        LUT6 (Prop_G6LUT_SLICEL_I4_O)
                                                      0.035    12.087 r  gen_systolic[2].u_systolic/i_13_LOPT_REMAP_4/O
                         net (fo=1, routed)           0.287    12.374    gen_systolic[2].u_systolic/i_13/O_n_4
    SLICE_X38Y361        LUT6 (Prop_C6LUT_SLICEM_I1_O)
                                                      0.051    12.425 r  gen_systolic[2].u_systolic/i_12_LOPT_REMAP_6/O
                         net (fo=1, routed)           0.391    12.816    gen_systolic[2].u_systolic/i_12/O_n_6
    SLICE_X35Y349        LUT6 (Prop_G6LUT_SLICEM_I0_O)
                                                      0.123    12.939 r  gen_systolic[2].u_systolic/i_0_LOPT_REMAP_18/O
                         net (fo=64, routed)          0.504    13.443    gen_systolic[2].u_systolic/pe_accum[0][1][63]_i_1_n_0
    SLICE_X36Y360        FDCE                                         r  gen_systolic[2].u_systolic/pe_accum_reg[0][1][38]/CE
  -------------------------------------------------------------------    -------------------

                         (clock sys_clk rise edge)   10.000    10.000 r  
    AV33                                              0.000    10.000 r  clk (IN)
                         net (fo=0)                   0.000    10.000    clk_IBUF_inst/I
    AV33                 INBUF (Prop_INBUF_HPIOB_M_PAD_O)
                                                      0.256    10.256 r  clk_IBUF_inst/INBUF_INST/O
                         net (fo=1, routed)           0.000    10.256    clk_IBUF_inst/OUT
    AV33                 IBUFCTRL (Prop_IBUFCTRL_HPIOB_M_I_O)
                                                      0.000    10.256 r  clk_IBUF_inst/IBUFCTRL_INST/O
                         net (fo=1, routed)           0.287    10.543    clk_IBUF
    BUFGCE_X0Y26         BUFGCE (Prop_BUFCE_BUFGCE_I_O)
                                                      0.024    10.567 r  clk_IBUF_BUFG_inst/O
    X2Y6 (CLOCK_ROOT)    net (fo=134803, routed)      2.810    13.377    gen_systolic[2].u_systolic/clk
    SLR Crossing[0->1]   
    SLICE_X36Y360        FDCE                                         r  gen_systolic[2].u_systolic/pe_accum_reg[0][1][38]/C
                         clock pessimism              0.425    13.802    
                         clock uncertainty           -0.035    13.766    
    SLICE_X36Y360        FDCE (Setup_EFF2_SLICEM_C_CE)
                                                     -0.061    13.705    gen_systolic[2].u_systolic/pe_accum_reg[0][1][38]
  -------------------------------------------------------------------
                         required time                         13.705    
                         arrival time                         -13.443    
  -------------------------------------------------------------------
                         slack                                  0.263    

Slack (MET) :             0.266ns  (required time - arrival time)
  Source:                 u_l2_cache/req_addr_reg[7]/C
                            (rising edge-triggered cell FDCE clocked by sys_clk  {rise@0.000ns fall@5.000ns period=10.000ns})
  Destination:            u_l2_cache/gen_data_way[10].gen_data_bank[6].data_mem_bank_reg_bram_0/ADDRARDADDR[6]
                            (rising edge-triggered cell RAMB36E2 clocked by sys_clk  {rise@0.000ns fall@5.000ns period=10.000ns})
  Path Group:             sys_clk
  Path Type:              Setup (Max at Slow Process Corner)
  Requirement:            10.000ns  (sys_clk rise@10.000ns - sys_clk rise@0.000ns)
  Data Path Delay:        9.201ns  (logic 0.079ns (0.859%)  route 9.122ns (99.141%))
  Logic Levels:           0  
  Clock Path Skew:        -0.213ns (DCD - SCD + CPR)
    Destination Clock Delay (DCD):    3.510ns = ( 13.510 - 10.000 ) 
    Source Clock Delay      (SCD):    4.144ns
    Clock Pessimism Removal (CPR):    0.421ns
  Clock Uncertainty:      0.035ns  ((TSJ^2 + TIJ^2)^1/2 + DJ) / 2 + PE
    Total System Jitter     (TSJ):    0.071ns
    Total Input Jitter      (TIJ):    0.000ns
    Discrete Jitter          (DJ):    0.000ns
    Phase Error              (PE):    0.000ns
  Clock Net Delay (Source):      3.287ns (routing 1.413ns, distribution 1.874ns)
  Clock Net Delay (Destination): 2.943ns (routing 1.282ns, distribution 1.661ns)

    Location             Delay type                Incr(ns)  Path(ns)    PBlock               Netlist Resource(s)
  -------------------------------------------------------------------    ----------------------------------------
                         (clock sys_clk rise edge)    0.000     0.000 r                       
    AV33                                              0.000     0.000 r                       clk (IN)
                         net (fo=0)                   0.000     0.000                         clk_IBUF_inst/I
    AV33                 INBUF (Prop_INBUF_HPIOB_M_PAD_O)
                                                      0.506     0.506 r                       clk_IBUF_inst/INBUF_INST/O
                         net (fo=1, routed)           0.000     0.506                         clk_IBUF_inst/OUT
    AV33                 IBUFCTRL (Prop_IBUFCTRL_HPIOB_M_I_O)
                                                      0.000     0.506 r                       clk_IBUF_inst/IBUFCTRL_INST/O
                         net (fo=1, routed)           0.323     0.829                         clk_IBUF
    BUFGCE_X0Y26         BUFGCE (Prop_BUFCE_BUFGCE_I_O)
                                                      0.028     0.857 r                       clk_IBUF_BUFG_inst/O
    X2Y6 (CLOCK_ROOT)    net (fo=134803, routed)      3.287     4.144                         u_l2_cache/clk_IBUF_BUFG
    SLR Crossing[0->1]   
    SLICE_X117Y418       FDCE                                         r  pblock_l2_cache      u_l2_cache/req_addr_reg[7]/C
  -------------------------------------------------------------------    ----------------------------------------
    SLICE_X117Y418       FDCE (Prop_GFF2_SLICEM_C_Q)
                                                      0.079     4.223 r  pblock_l2_cache      u_l2_cache/req_addr_reg[7]/Q
                         net (fo=1153, routed)        9.122    13.344                         u_l2_cache/get_index_return[1]
    RAMB36_X2Y100        RAMB36E2                                     r  pblock_l2_cache      u_l2_cache/gen_data_way[10].gen_data_bank[6].data_mem_bank_reg_bram_0/ADDRARDADDR[6]
  -------------------------------------------------------------------    ----------------------------------------

                         (clock sys_clk rise edge)   10.000    10.000 r                       
    AV33                                              0.000    10.000 r                       clk (IN)
                         net (fo=0)                   0.000    10.000                         clk_IBUF_inst/I
    AV33                 INBUF (Prop_INBUF_HPIOB_M_PAD_O)
                                                      0.256    10.256 r                       clk_IBUF_inst/INBUF_INST/O
                         net (fo=1, routed)           0.000    10.256                         clk_IBUF_inst/OUT
    AV33                 IBUFCTRL (Prop_IBUFCTRL_HPIOB_M_I_O)
                                                      0.000    10.256 r                       clk_IBUF_inst/IBUFCTRL_INST/O
                         net (fo=1, routed)           0.287    10.543                         clk_IBUF
    BUFGCE_X0Y26         BUFGCE (Prop_BUFCE_BUFGCE_I_O)
                                                      0.024    10.567 r                       clk_IBUF_BUFG_inst/O
    X2Y6 (CLOCK_ROOT)    net (fo=134803, routed)      2.943    13.510                         u_l2_cache/clk_IBUF_BUFG
    SLR Crossing[0->1]   
    RAMB36_X2Y100        RAMB36E2                                     r  pblock_l2_cache      u_l2_cache/gen_data_way[10].gen_data_bank[6].data_mem_bank_reg_bram_0/CLKARDCLK
                         clock pessimism              0.421    13.931                           
                         clock uncertainty           -0.035    13.895                           
    RAMB36_X2Y100        RAMB36E2 (Setup_RAMB36E2_RAMB36_CLKARDCLK_ADDRARDADDR[6])
                                                     -0.285    13.610    pblock_l2_cache        u_l2_cache/gen_data_way[10].gen_data_bank[6].data_mem_bank_reg_bram_0
  -------------------------------------------------------------------
                         required time                         13.610                           
                         arrival time                         -13.344                           
  -------------------------------------------------------------------
                         slack                                  0.266                           

Slack (MET) :             0.268ns  (required time - arrival time)
  Source:                 u_l2_cache/req_addr_reg[12]/C
                            (rising edge-triggered cell FDCE clocked by sys_clk  {rise@0.000ns fall@5.000ns period=10.000ns})
  Destination:            u_l2_cache/gen_data_way[1].gen_data_bank[7].data_mem_bank_reg_bram_7/ADDRARDADDR[8]
                            (rising edge-triggered cell RAMB18E2 clocked by sys_clk  {rise@0.000ns fall@5.000ns period=10.000ns})
  Path Group:             sys_clk
  Path Type:              Setup (Max at Slow Process Corner)
  Requirement:            10.000ns  (sys_clk rise@10.000ns - sys_clk rise@0.000ns)
  Data Path Delay:        9.127ns  (logic 0.079ns (0.866%)  route 9.048ns (99.134%))
  Logic Levels:           0  
  Clock Path Skew:        -0.035ns (DCD - SCD + CPR)
    Destination Clock Delay (DCD):    3.721ns = ( 13.721 - 10.000 ) 
    Source Clock Delay      (SCD):    4.185ns
    Clock Pessimism Removal (CPR):    0.429ns
  Clock Uncertainty:      0.035ns  ((TSJ^2 + TIJ^2)^1/2 + DJ) / 2 + PE
    Total System Jitter     (TSJ):    0.071ns
    Total Input Jitter      (TIJ):    0.000ns
    Discrete Jitter          (DJ):    0.000ns
    Phase Error              (PE):    0.000ns
  Inter-SLR Compensation: 0.268ns  ((DCD - CCD) * PF)
    Destination Clock Delay (DCD):    3.721ns
    Common Clock Delay      (CCD):    1.937ns
    Prorating Factor         (PF):    0.150
  Clock Net Delay (Source):      3.328ns (routing 1.413ns, distribution 1.915ns)
  Clock Net Delay (Destination): 3.154ns (routing 1.282ns, distribution 1.872ns)

    Location             Delay type                Incr(ns)  Path(ns)    PBlock               Netlist Resource(s)
  -------------------------------------------------------------------    ----------------------------------------
                         (clock sys_clk rise edge)    0.000     0.000 r                       
    AV33                                              0.000     0.000 r                       clk (IN)
                         net (fo=0)                   0.000     0.000                         clk_IBUF_inst/I
    AV33                 INBUF (Prop_INBUF_HPIOB_M_PAD_O)
                                                      0.506     0.506 r                       clk_IBUF_inst/INBUF_INST/O
                         net (fo=1, routed)           0.000     0.506                         clk_IBUF_inst/OUT
    AV33                 IBUFCTRL (Prop_IBUFCTRL_HPIOB_M_I_O)
                                                      0.000     0.506 r                       clk_IBUF_inst/IBUFCTRL_INST/O
                         net (fo=1, routed)           0.323     0.829                         clk_IBUF
    BUFGCE_X0Y26         BUFGCE (Prop_BUFCE_BUFGCE_I_O)
                                                      0.028     0.857 r                       clk_IBUF_BUFG_inst/O
    X2Y6 (CLOCK_ROOT)    net (fo=134803, routed)      3.328     4.185                         u_l2_cache/clk_IBUF_BUFG
    SLR Crossing[0->1]   
    SLICE_X116Y431       FDCE                                         r  pblock_l2_cache      u_l2_cache/req_addr_reg[12]/C
  -------------------------------------------------------------------    ----------------------------------------
    SLICE_X116Y431       FDCE (Prop_EFF2_SLICEM_C_Q)
                                                      0.079     4.264 r  pblock_l2_cache      u_l2_cache/req_addr_reg[12]/Q
                         net (fo=1153, routed)        9.048    13.312                         u_l2_cache/get_index_return[6]
    SLR Crossing[1->2]   
    RAMB18_X9Y268        RAMB18E2                                     r  pblock_l2_cache      u_l2_cache/gen_data_way[1].gen_data_bank[7].data_mem_bank_reg_bram_7/ADDRARDADDR[8]
  -------------------------------------------------------------------    ----------------------------------------

                         (clock sys_clk rise edge)   10.000    10.000 r                       
    AV33                                              0.000    10.000 r                       clk (IN)
                         net (fo=0)                   0.000    10.000                         clk_IBUF_inst/I
    AV33                 INBUF (Prop_INBUF_HPIOB_M_PAD_O)
                                                      0.256    10.256 r                       clk_IBUF_inst/INBUF_INST/O
                         net (fo=1, routed)           0.000    10.256                         clk_IBUF_inst/OUT
    AV33                 IBUFCTRL (Prop_IBUFCTRL_HPIOB_M_I_O)
                                                      0.000    10.256 r                       clk_IBUF_inst/IBUFCTRL_INST/O
                         net (fo=1, routed)           0.287    10.543                         clk_IBUF
    BUFGCE_X0Y26         BUFGCE (Prop_BUFCE_BUFGCE_I_O)
                                                      0.024    10.567 r                       clk_IBUF_BUFG_inst/O
    X2Y6 (CLOCK_ROOT)    net (fo=134803, routed)      3.154    13.721                         u_l2_cache/clk_IBUF_BUFG
    SLR Crossing[0->2]   
    RAMB18_X9Y268        RAMB18E2                                     r  pblock_l2_cache      u_l2_cache/gen_data_way[1].gen_data_bank[7].data_mem_bank_reg_bram_7/CLKARDCLK
                         clock pessimism              0.429    14.150                           
                         inter-SLR compensation      -0.268    13.882                           
                         clock uncertainty           -0.035    13.847                           
    RAMB18_X9Y268        RAMB18E2 (Setup_RAMB18E2_L_RAMB180_CLKARDCLK_ADDRARDADDR[8])
                                                     -0.267    13.580    pblock_l2_cache        u_l2_cache/gen_data_way[1].gen_data_bank[7].data_mem_bank_reg_bram_7
  -------------------------------------------------------------------
                         required time                         13.580                           
                         arrival time                         -13.312                           
  -------------------------------------------------------------------
                         slack                                  0.268                           





Min Delay Paths
--------------------------------------------------------------------------------------
Slack (MET) :             0.010ns  (arrival time - required time)
  Source:                 gen_dls_pairs[1].u_dls_pair/u_primary/pc_reg[44]/C
                            (rising edge-triggered cell FDCE clocked by sys_clk  {rise@0.000ns fall@5.000ns period=10.000ns})
  Destination:            gen_dls_pairs[1].u_dls_pair/u_primary/imem_addr_reg[44]/D
                            (rising edge-triggered cell FDRE clocked by sys_clk  {rise@0.000ns fall@5.000ns period=10.000ns})
  Path Group:             sys_clk
  Path Type:              Hold (Min at Slow Process Corner)
  Requirement:            0.000ns  (sys_clk rise@0.000ns - sys_clk rise@0.000ns)
  Data Path Delay:        0.254ns  (logic 0.059ns (23.185%)  route 0.195ns (76.815%))
  Logic Levels:           0  
  Clock Path Skew:        0.184ns (DCD - SCD - CPR)
    Destination Clock Delay (DCD):    4.180ns
    Source Clock Delay      (SCD):    3.570ns
    Clock Pessimism Removal (CPR):    0.425ns
  Clock Net Delay (Source):      3.004ns (routing 1.282ns, distribution 1.722ns)
  Clock Net Delay (Destination): 3.323ns (routing 1.413ns, distribution 1.910ns)

    Location             Delay type                Incr(ns)  Path(ns)    Netlist Resource(s)
  -------------------------------------------------------------------    -------------------
                         (clock sys_clk rise edge)    0.000     0.000 r  
    AV33                                              0.000     0.000 r  clk (IN)
                         net (fo=0)                   0.000     0.000    clk_IBUF_inst/I
    AV33                 INBUF (Prop_INBUF_HPIOB_M_PAD_O)
                                                      0.256     0.256 r  clk_IBUF_inst/INBUF_INST/O
                         net (fo=1, routed)           0.000     0.256    clk_IBUF_inst/OUT
    AV33                 IBUFCTRL (Prop_IBUFCTRL_HPIOB_M_I_O)
                                                      0.000     0.256 r  clk_IBUF_inst/IBUFCTRL_INST/O
                         net (fo=1, routed)           0.287     0.543    clk_IBUF
    BUFGCE_X0Y26         BUFGCE (Prop_BUFCE_BUFGCE_I_O)
                                                      0.024     0.567 r  clk_IBUF_BUFG_inst/O
    X2Y6 (CLOCK_ROOT)    net (fo=134803, routed)      3.004     3.570    gen_dls_pairs[1].u_dls_pair/u_primary/clk_IBUF_BUFG
    SLR Crossing[0->1]   
    SLICE_X136Y353       FDCE                                         r  gen_dls_pairs[1].u_dls_pair/u_primary/pc_reg[44]/C
  -------------------------------------------------------------------    -------------------
    SLICE_X136Y353       FDCE (Prop_EFF_SLICEL_C_Q)
                                                      0.059     3.629 r  gen_dls_pairs[1].u_dls_pair/u_primary/pc_reg[44]/Q
                         net (fo=5, routed)           0.195     3.825    gen_dls_pairs[1].u_dls_pair/u_primary/debug_pc[44]
    SLICE_X136Y361       FDRE                                         r  gen_dls_pairs[1].u_dls_pair/u_primary/imem_addr_reg[44]/D
  -------------------------------------------------------------------    -------------------

                         (clock sys_clk rise edge)    0.000     0.000 r  
    AV33                                              0.000     0.000 r  clk (IN)
                         net (fo=0)                   0.000     0.000    clk_IBUF_inst/I
    AV33                 INBUF (Prop_INBUF_HPIOB_M_PAD_O)
                                                      0.506     0.506 r  clk_IBUF_inst/INBUF_INST/O
                         net (fo=1, routed)           0.000     0.506    clk_IBUF_inst/OUT
    AV33                 IBUFCTRL (Prop_IBUFCTRL_HPIOB_M_I_O)
                                                      0.000     0.506 r  clk_IBUF_inst/IBUFCTRL_INST/O
                         net (fo=1, routed)           0.323     0.829    clk_IBUF
    BUFGCE_X0Y26         BUFGCE (Prop_BUFCE_BUFGCE_I_O)
                                                      0.028     0.857 r  clk_IBUF_BUFG_inst/O
    X2Y6 (CLOCK_ROOT)    net (fo=134803, routed)      3.323     4.180    gen_dls_pairs[1].u_dls_pair/u_primary/clk_IBUF_BUFG
    SLR Crossing[0->1]   
    SLICE_X136Y361       FDRE                                         r  gen_dls_pairs[1].u_dls_pair/u_primary/imem_addr_reg[44]/C
                         clock pessimism             -0.425     3.755    
    SLICE_X136Y361       FDRE (Hold_AFF_SLICEL_C_D)
                                                      0.060     3.815    gen_dls_pairs[1].u_dls_pair/u_primary/imem_addr_reg[44]
  -------------------------------------------------------------------
                         required time                         -3.815    
                         arrival time                           3.825    
  -------------------------------------------------------------------
                         slack                                  0.010    

Slack (MET) :             0.010ns  (arrival time - required time)
  Source:                 gen_dls_pairs[1].u_dls_pair/u_primary/pc_reg[15]/C
                            (rising edge-triggered cell FDCE clocked by sys_clk  {rise@0.000ns fall@5.000ns period=10.000ns})
  Destination:            gen_dls_pairs[1].u_dls_pair/u_primary/imem_addr_reg[15]/D
                            (rising edge-triggered cell FDRE clocked by sys_clk  {rise@0.000ns fall@5.000ns period=10.000ns})
  Path Group:             sys_clk
  Path Type:              Hold (Min at Slow Process Corner)
  Requirement:            0.000ns  (sys_clk rise@0.000ns - sys_clk rise@0.000ns)
  Data Path Delay:        0.263ns  (logic 0.058ns (22.074%)  route 0.205ns (77.926%))
  Logic Levels:           0  
  Clock Path Skew:        0.190ns (DCD - SCD - CPR)
    Destination Clock Delay (DCD):    4.185ns
    Source Clock Delay      (SCD):    3.569ns
    Clock Pessimism Removal (CPR):    0.425ns
  Clock Net Delay (Source):      3.003ns (routing 1.282ns, distribution 1.721ns)
  Clock Net Delay (Destination): 3.328ns (routing 1.413ns, distribution 1.915ns)

    Location             Delay type                Incr(ns)  Path(ns)    Netlist Resource(s)
  -------------------------------------------------------------------    -------------------
                         (clock sys_clk rise edge)    0.000     0.000 r  
    AV33                                              0.000     0.000 r  clk (IN)
                         net (fo=0)                   0.000     0.000    clk_IBUF_inst/I
    AV33                 INBUF (Prop_INBUF_HPIOB_M_PAD_O)
                                                      0.256     0.256 r  clk_IBUF_inst/INBUF_INST/O
                         net (fo=1, routed)           0.000     0.256    clk_IBUF_inst/OUT
    AV33                 IBUFCTRL (Prop_IBUFCTRL_HPIOB_M_I_O)
                                                      0.000     0.256 r  clk_IBUF_inst/IBUFCTRL_INST/O
                         net (fo=1, routed)           0.287     0.543    clk_IBUF
    BUFGCE_X0Y26         BUFGCE (Prop_BUFCE_BUFGCE_I_O)
                                                      0.024     0.567 r  clk_IBUF_BUFG_inst/O
    X2Y6 (CLOCK_ROOT)    net (fo=134803, routed)      3.003     3.569    gen_dls_pairs[1].u_dls_pair/u_primary/clk_IBUF_BUFG
    SLR Crossing[0->1]   
    SLICE_X136Y349       FDCE                                         r  gen_dls_pairs[1].u_dls_pair/u_primary/pc_reg[15]/C
  -------------------------------------------------------------------    -------------------
    SLICE_X136Y349       FDCE (Prop_HFF_SLICEL_C_Q)
                                                      0.058     3.627 r  gen_dls_pairs[1].u_dls_pair/u_primary/pc_reg[15]/Q
                         net (fo=5, routed)           0.205     3.832    gen_dls_pairs[1].u_dls_pair/u_primary/debug_pc[15]
    SLICE_X136Y360       FDRE                                         r  gen_dls_pairs[1].u_dls_pair/u_primary/imem_addr_reg[15]/D
  -------------------------------------------------------------------    -------------------

                         (clock sys_clk rise edge)    0.000     0.000 r  
    AV33                                              0.000     0.000 r  clk (IN)
                         net (fo=0)                   0.000     0.000    clk_IBUF_inst/I
    AV33                 INBUF (Prop_INBUF_HPIOB_M_PAD_O)
                                                      0.506     0.506 r  clk_IBUF_inst/INBUF_INST/O
                         net (fo=1, routed)           0.000     0.506    clk_IBUF_inst/OUT
    AV33                 IBUFCTRL (Prop_IBUFCTRL_HPIOB_M_I_O)
                                                      0.000     0.506 r  clk_IBUF_inst/IBUFCTRL_INST/O
                         net (fo=1, routed)           0.323     0.829    clk_IBUF
    BUFGCE_X0Y26         BUFGCE (Prop_BUFCE_BUFGCE_I_O)
                                                      0.028     0.857 r  clk_IBUF_BUFG_inst/O
    X2Y6 (CLOCK_ROOT)    net (fo=134803, routed)      3.328     4.185    gen_dls_pairs[1].u_dls_pair/u_primary/clk_IBUF_BUFG
    SLR Crossing[0->1]   
    SLICE_X136Y360       FDRE                                         r  gen_dls_pairs[1].u_dls_pair/u_primary/imem_addr_reg[15]/C
                         clock pessimism             -0.425     3.760    
    SLICE_X136Y360       FDRE (Hold_EFF2_SLICEL_C_D)
                                                      0.062     3.822    gen_dls_pairs[1].u_dls_pair/u_primary/imem_addr_reg[15]
  -------------------------------------------------------------------
                         required time                         -3.822    
                         arrival time                           3.832    
  -------------------------------------------------------------------
                         slack                                  0.010    

Slack (MET) :             0.011ns  (arrival time - required time)
  Source:                 gen_dls_pairs[1].u_dls_pair/u_primary/pc_reg[17]/C
                            (rising edge-triggered cell FDCE clocked by sys_clk  {rise@0.000ns fall@5.000ns period=10.000ns})
  Destination:            gen_dls_pairs[1].u_dls_pair/u_primary/imem_addr_reg[17]/D
                            (rising edge-triggered cell FDRE clocked by sys_clk  {rise@0.000ns fall@5.000ns period=10.000ns})
  Path Group:             sys_clk
  Path Type:              Hold (Min at Slow Process Corner)
  Requirement:            0.000ns  (sys_clk rise@0.000ns - sys_clk rise@0.000ns)
  Data Path Delay:        0.261ns  (logic 0.059ns (22.634%)  route 0.202ns (77.366%))
  Logic Levels:           0  
  Clock Path Skew:        0.187ns (DCD - SCD - CPR)
    Destination Clock Delay (DCD):    4.180ns
    Source Clock Delay      (SCD):    3.567ns
    Clock Pessimism Removal (CPR):    0.425ns
  Clock Net Delay (Source):      3.001ns (routing 1.282ns, distribution 1.719ns)
  Clock Net Delay (Destination): 3.323ns (routing 1.413ns, distribution 1.910ns)

    Location             Delay type                Incr(ns)  Path(ns)    Netlist Resource(s)
  -------------------------------------------------------------------    -------------------
                         (clock sys_clk rise edge)    0.000     0.000 r  
    AV33                                              0.000     0.000 r  clk (IN)
                         net (fo=0)                   0.000     0.000    clk_IBUF_inst/I
    AV33                 INBUF (Prop_INBUF_HPIOB_M_PAD_O)
                                                      0.256     0.256 r  clk_IBUF_inst/INBUF_INST/O
                         net (fo=1, routed)           0.000     0.256    clk_IBUF_inst/OUT
    AV33                 IBUFCTRL (Prop_IBUFCTRL_HPIOB_M_I_O)
                                                      0.000     0.256 r  clk_IBUF_inst/IBUFCTRL_INST/O
                         net (fo=1, routed)           0.287     0.543    clk_IBUF
    BUFGCE_X0Y26         BUFGCE (Prop_BUFCE_BUFGCE_I_O)
                                                      0.024     0.567 r  clk_IBUF_BUFG_inst/O
    X2Y6 (CLOCK_ROOT)    net (fo=134803, routed)      3.001     3.567    gen_dls_pairs[1].u_dls_pair/u_primary/clk_IBUF_BUFG
    SLR Crossing[0->1]   
    SLICE_X136Y350       FDCE                                         r  gen_dls_pairs[1].u_dls_pair/u_primary/pc_reg[17]/C
  -------------------------------------------------------------------    -------------------
    SLICE_X136Y350       FDCE (Prop_BFF_SLICEL_C_Q)
                                                      0.059     3.626 r  gen_dls_pairs[1].u_dls_pair/u_primary/pc_reg[17]/Q
                         net (fo=5, routed)           0.202     3.828    gen_dls_pairs[1].u_dls_pair/u_primary/debug_pc[17]
    SLICE_X136Y360       FDRE                                         r  gen_dls_pairs[1].u_dls_pair/u_primary/imem_addr_reg[17]/D
  -------------------------------------------------------------------    -------------------

                         (clock sys_clk rise edge)    0.000     0.000 r  
    AV33                                              0.000     0.000 r  clk (IN)
                         net (fo=0)                   0.000     0.000    clk_IBUF_inst/I
    AV33                 INBUF (Prop_INBUF_HPIOB_M_PAD_O)
                                                      0.506     0.506 r  clk_IBUF_inst/INBUF_INST/O
                         net (fo=1, routed)           0.000     0.506    clk_IBUF_inst/OUT
    AV33                 IBUFCTRL (Prop_IBUFCTRL_HPIOB_M_I_O)
                                                      0.000     0.506 r  clk_IBUF_inst/IBUFCTRL_INST/O
                         net (fo=1, routed)           0.323     0.829    clk_IBUF
    BUFGCE_X0Y26         BUFGCE (Prop_BUFCE_BUFGCE_I_O)
                                                      0.028     0.857 r  clk_IBUF_BUFG_inst/O
    X2Y6 (CLOCK_ROOT)    net (fo=134803, routed)      3.323     4.180    gen_dls_pairs[1].u_dls_pair/u_primary/clk_IBUF_BUFG
    SLR Crossing[0->1]   
    SLICE_X136Y360       FDRE                                         r  gen_dls_pairs[1].u_dls_pair/u_primary/imem_addr_reg[17]/C
                         clock pessimism             -0.425     3.755    
    SLICE_X136Y360       FDRE (Hold_CFF2_SLICEL_C_D)
                                                      0.062     3.817    gen_dls_pairs[1].u_dls_pair/u_primary/imem_addr_reg[17]
  -------------------------------------------------------------------
                         required time                         -3.817    
                         arrival time                           3.828    
  -------------------------------------------------------------------
                         slack                                  0.011    

Slack (MET) :             0.012ns  (arrival time - required time)
  Source:                 gen_cxl[1].u_cxl/cycle_counter_reg[4]_rep__0/C
                            (rising edge-triggered cell FDRE clocked by sys_clk  {rise@0.000ns fall@5.000ns period=10.000ns})
  Destination:            gen_cxl[1].u_cxl/pending_table_reg[117][start_cycle][4]/D
                            (rising edge-triggered cell FDRE clocked by sys_clk  {rise@0.000ns fall@5.000ns period=10.000ns})
  Path Group:             sys_clk
  Path Type:              Hold (Min at Slow Process Corner)
  Requirement:            0.000ns  (sys_clk rise@0.000ns - sys_clk rise@0.000ns)
  Data Path Delay:        0.175ns  (logic 0.059ns (33.623%)  route 0.116ns (66.377%))
  Logic Levels:           0  
  Clock Path Skew:        0.102ns (DCD - SCD - CPR)
    Destination Clock Delay (DCD):    3.880ns
    Source Clock Delay      (SCD):    3.266ns
    Clock Pessimism Removal (CPR):    0.512ns
  Clock Net Delay (Source):      2.699ns (routing 1.282ns, distribution 1.417ns)
  Clock Net Delay (Destination): 3.023ns (routing 1.413ns, distribution 1.610ns)

    Location             Delay type                Incr(ns)  Path(ns)    Netlist Resource(s)
  -------------------------------------------------------------------    -------------------
                         (clock sys_clk rise edge)    0.000     0.000 r  
    AV33                                              0.000     0.000 r  clk (IN)
                         net (fo=0)                   0.000     0.000    clk_IBUF_inst/I
    AV33                 INBUF (Prop_INBUF_HPIOB_M_PAD_O)
                                                      0.256     0.256 r  clk_IBUF_inst/INBUF_INST/O
                         net (fo=1, routed)           0.000     0.256    clk_IBUF_inst/OUT
    AV33                 IBUFCTRL (Prop_IBUFCTRL_HPIOB_M_I_O)
                                                      0.000     0.256 r  clk_IBUF_inst/IBUFCTRL_INST/O
                         net (fo=1, routed)           0.287     0.543    clk_IBUF
    BUFGCE_X0Y26         BUFGCE (Prop_BUFCE_BUFGCE_I_O)
                                                      0.024     0.567 r  clk_IBUF_BUFG_inst/O
    X2Y6 (CLOCK_ROOT)    net (fo=134803, routed)      2.699     3.266    gen_cxl[1].u_cxl/clk
    SLR Crossing[0->1]   
    SLICE_X70Y375        FDRE                                         r  gen_cxl[1].u_cxl/cycle_counter_reg[4]_rep__0/C
  -------------------------------------------------------------------    -------------------
    SLICE_X70Y375        FDRE (Prop_HFF2_SLICEM_C_Q)
                                                      0.059     3.325 r  gen_cxl[1].u_cxl/cycle_counter_reg[4]_rep__0/Q
                         net (fo=64, routed)          0.116     3.441    gen_cxl[1].u_cxl/cycle_counter_reg[4]_rep__0_n_0
    SLICE_X73Y375        FDRE                                         r  gen_cxl[1].u_cxl/pending_table_reg[117][start_cycle][4]/D
  -------------------------------------------------------------------    -------------------

                         (clock sys_clk rise edge)    0.000     0.000 r  
    AV33                                              0.000     0.000 r  clk (IN)
                         net (fo=0)                   0.000     0.000    clk_IBUF_inst/I
    AV33                 INBUF (Prop_INBUF_HPIOB_M_PAD_O)
                                                      0.506     0.506 r  clk_IBUF_inst/INBUF_INST/O
                         net (fo=1, routed)           0.000     0.506    clk_IBUF_inst/OUT
    AV33                 IBUFCTRL (Prop_IBUFCTRL_HPIOB_M_I_O)
                                                      0.000     0.506 r  clk_IBUF_inst/IBUFCTRL_INST/O
                         net (fo=1, routed)           0.323     0.829    clk_IBUF
    BUFGCE_X0Y26         BUFGCE (Prop_BUFCE_BUFGCE_I_O)
                                                      0.028     0.857 r  clk_IBUF_BUFG_inst/O
    X2Y6 (CLOCK_ROOT)    net (fo=134803, routed)      3.023     3.880    gen_cxl[1].u_cxl/clk
    SLR Crossing[0->1]   
    SLICE_X73Y375        FDRE                                         r  gen_cxl[1].u_cxl/pending_table_reg[117][start_cycle][4]/C
                         clock pessimism             -0.512     3.368    
    SLICE_X73Y375        FDRE (Hold_DFF2_SLICEL_C_D)
                                                      0.062     3.430    gen_cxl[1].u_cxl/pending_table_reg[117][start_cycle][4]
  -------------------------------------------------------------------
                         required time                         -3.430    
                         arrival time                           3.441    
  -------------------------------------------------------------------
                         slack                                  0.012    

Slack (MET) :             0.012ns  (arrival time - required time)
  Source:                 u_tsn/mac_table_age_reg[3][7]/C
                            (rising edge-triggered cell FDRE clocked by sys_clk  {rise@0.000ns fall@5.000ns period=10.000ns})
  Destination:            u_tsn/mac_table_age_reg[3][9]/D
                            (rising edge-triggered cell FDRE clocked by sys_clk  {rise@0.000ns fall@5.000ns period=10.000ns})
  Path Group:             sys_clk
  Path Type:              Hold (Min at Slow Process Corner)
  Requirement:            0.000ns  (sys_clk rise@0.000ns - sys_clk rise@0.000ns)
  Data Path Delay:        0.216ns  (logic 0.115ns (53.362%)  route 0.101ns (46.638%))
  Logic Levels:           1  (LUT6=1)
  Clock Path Skew:        0.143ns (DCD - SCD - CPR)
    Destination Clock Delay (DCD):    4.060ns
    Source Clock Delay      (SCD):    3.391ns
    Clock Pessimism Removal (CPR):    0.525ns
  Clock Net Delay (Source):      2.824ns (routing 1.282ns, distribution 1.542ns)
  Clock Net Delay (Destination): 3.203ns (routing 1.413ns, distribution 1.790ns)

    Location             Delay type                Incr(ns)  Path(ns)    Netlist Resource(s)
  -------------------------------------------------------------------    -------------------
                         (clock sys_clk rise edge)    0.000     0.000 r  
    AV33                                              0.000     0.000 r  clk (IN)
                         net (fo=0)                   0.000     0.000    clk_IBUF_inst/I
    AV33                 INBUF (Prop_INBUF_HPIOB_M_PAD_O)
                                                      0.256     0.256 r  clk_IBUF_inst/INBUF_INST/O
                         net (fo=1, routed)           0.000     0.256    clk_IBUF_inst/OUT
    AV33                 IBUFCTRL (Prop_IBUFCTRL_HPIOB_M_I_O)
                                                      0.000     0.256 r  clk_IBUF_inst/IBUFCTRL_INST/O
                         net (fo=1, routed)           0.287     0.543    clk_IBUF
    BUFGCE_X0Y26         BUFGCE (Prop_BUFCE_BUFGCE_I_O)
                                                      0.024     0.567 r  clk_IBUF_BUFG_inst/O
    X2Y6 (CLOCK_ROOT)    net (fo=134803, routed)      2.824     3.391    u_tsn/clk_IBUF_BUFG
    SLR Crossing[0->1]   
    SLICE_X31Y325        FDRE                                         r  u_tsn/mac_table_age_reg[3][7]/C
  -------------------------------------------------------------------    -------------------
    SLICE_X31Y325        FDRE (Prop_DFF_SLICEM_C_Q)
                                                      0.058     3.449 r  u_tsn/mac_table_age_reg[3][7]/Q
                         net (fo=5, routed)           0.072     3.520    u_tsn/mac_table_age_reg[3]_29[7]
    SLICE_X30Y325        LUT6 (Prop_B6LUT_SLICEM_I1_O)
                                                      0.057     3.577 r  u_tsn/mac_table_age[3][9]_i_1/O
                         net (fo=1, routed)           0.029     3.606    u_tsn/mac_table_age[3][9]_i_1_n_0
    SLICE_X30Y325        FDRE                                         r  u_tsn/mac_table_age_reg[3][9]/D
  -------------------------------------------------------------------    -------------------

                         (clock sys_clk rise edge)    0.000     0.000 r  
    AV33                                              0.000     0.000 r  clk (IN)
                         net (fo=0)                   0.000     0.000    clk_IBUF_inst/I
    AV33                 INBUF (Prop_INBUF_HPIOB_M_PAD_O)
                                                      0.506     0.506 r  clk_IBUF_inst/INBUF_INST/O
                         net (fo=1, routed)           0.000     0.506    clk_IBUF_inst/OUT
    AV33                 IBUFCTRL (Prop_IBUFCTRL_HPIOB_M_I_O)
                                                      0.000     0.506 r  clk_IBUF_inst/IBUFCTRL_INST/O
                         net (fo=1, routed)           0.323     0.829    clk_IBUF
    BUFGCE_X0Y26         BUFGCE (Prop_BUFCE_BUFGCE_I_O)
                                                      0.028     0.857 r  clk_IBUF_BUFG_inst/O
    X2Y6 (CLOCK_ROOT)    net (fo=134803, routed)      3.203     4.060    u_tsn/clk_IBUF_BUFG
    SLR Crossing[0->1]   
    SLICE_X30Y325        FDRE                                         r  u_tsn/mac_table_age_reg[3][9]/C
                         clock pessimism             -0.525     3.534    
    SLICE_X30Y325        FDRE (Hold_BFF_SLICEM_C_D)
                                                      0.060     3.594    u_tsn/mac_table_age_reg[3][9]
  -------------------------------------------------------------------
                         required time                         -3.594    
                         arrival time                           3.606    
  -------------------------------------------------------------------
                         slack                                  0.012    

Slack (MET) :             0.013ns  (arrival time - required time)
  Source:                 gen_dls_pairs[1].u_dls_pair/u_primary/pc_reg[7]/C
                            (rising edge-triggered cell FDCE clocked by sys_clk  {rise@0.000ns fall@5.000ns period=10.000ns})
  Destination:            gen_dls_pairs[1].u_dls_pair/u_primary/imem_addr_reg[7]/D
                            (rising edge-triggered cell FDRE clocked by sys_clk  {rise@0.000ns fall@5.000ns period=10.000ns})
  Path Group:             sys_clk
  Path Type:              Hold (Min at Slow Process Corner)
  Requirement:            0.000ns  (sys_clk rise@0.000ns - sys_clk rise@0.000ns)
  Data Path Delay:        0.288ns  (logic 0.058ns (20.169%)  route 0.230ns (79.831%))
  Logic Levels:           0  
  Clock Path Skew:        0.212ns (DCD - SCD - CPR)
    Destination Clock Delay (DCD):    4.206ns
    Source Clock Delay      (SCD):    3.568ns
    Clock Pessimism Removal (CPR):    0.425ns
  Clock Net Delay (Source):      3.002ns (routing 1.282ns, distribution 1.720ns)
  Clock Net Delay (Destination): 3.349ns (routing 1.413ns, distribution 1.936ns)

    Location             Delay type                Incr(ns)  Path(ns)    Netlist Resource(s)
  -------------------------------------------------------------------    -------------------
                         (clock sys_clk rise edge)    0.000     0.000 r  
    AV33                                              0.000     0.000 r  clk (IN)
                         net (fo=0)                   0.000     0.000    clk_IBUF_inst/I
    AV33                 INBUF (Prop_INBUF_HPIOB_M_PAD_O)
                                                      0.256     0.256 r  clk_IBUF_inst/INBUF_INST/O
                         net (fo=1, routed)           0.000     0.256    clk_IBUF_inst/OUT
    AV33                 IBUFCTRL (Prop_IBUFCTRL_HPIOB_M_I_O)
                                                      0.000     0.256 r  clk_IBUF_inst/IBUFCTRL_INST/O
                         net (fo=1, routed)           0.287     0.543    clk_IBUF
    BUFGCE_X0Y26         BUFGCE (Prop_BUFCE_BUFGCE_I_O)
                                                      0.024     0.567 r  clk_IBUF_BUFG_inst/O
    X2Y6 (CLOCK_ROOT)    net (fo=134803, routed)      3.002     3.568    gen_dls_pairs[1].u_dls_pair/u_primary/clk_IBUF_BUFG
    SLR Crossing[0->1]   
    SLICE_X136Y348       FDCE                                         r  gen_dls_pairs[1].u_dls_pair/u_primary/pc_reg[7]/C
  -------------------------------------------------------------------    -------------------
    SLICE_X136Y348       FDCE (Prop_HFF_SLICEL_C_Q)
                                                      0.058     3.626 r  gen_dls_pairs[1].u_dls_pair/u_primary/pc_reg[7]/Q
                         net (fo=5, routed)           0.230     3.856    gen_dls_pairs[1].u_dls_pair/u_primary/debug_pc[7]
    SLICE_X134Y363       FDRE                                         r  gen_dls_pairs[1].u_dls_pair/u_primary/imem_addr_reg[7]/D
  -------------------------------------------------------------------    -------------------

                         (clock sys_clk rise edge)    0.000     0.000 r  
    AV33                                              0.000     0.000 r  clk (IN)
                         net (fo=0)                   0.000     0.000    clk_IBUF_inst/I
    AV33                 INBUF (Prop_INBUF_HPIOB_M_PAD_O)
                                                      0.506     0.506 r  clk_IBUF_inst/INBUF_INST/O
                         net (fo=1, routed)           0.000     0.506    clk_IBUF_inst/OUT
    AV33                 IBUFCTRL (Prop_IBUFCTRL_HPIOB_M_I_O)
                                                      0.000     0.506 r  clk_IBUF_inst/IBUFCTRL_INST/O
                         net (fo=1, routed)           0.323     0.829    clk_IBUF
    BUFGCE_X0Y26         BUFGCE (Prop_BUFCE_BUFGCE_I_O)
                                                      0.028     0.857 r  clk_IBUF_BUFG_inst/O
    X2Y6 (CLOCK_ROOT)    net (fo=134803, routed)      3.349     4.206    gen_dls_pairs[1].u_dls_pair/u_primary/clk_IBUF_BUFG
    SLR Crossing[0->1]   
    SLICE_X134Y363       FDRE                                         r  gen_dls_pairs[1].u_dls_pair/u_primary/imem_addr_reg[7]/C
                         clock pessimism             -0.425     3.781    
    SLICE_X134Y363       FDRE (Hold_EFF2_SLICEL_C_D)
                                                      0.062     3.843    gen_dls_pairs[1].u_dls_pair/u_primary/imem_addr_reg[7]
  -------------------------------------------------------------------
                         required time                         -3.843    
                         arrival time                           3.856    
  -------------------------------------------------------------------
                         slack                                  0.013    

Slack (MET) :             0.014ns  (arrival time - required time)
  Source:                 gen_cxl[1].u_cxl/cycle_counter_reg[9]_rep/C
                            (rising edge-triggered cell FDRE clocked by sys_clk  {rise@0.000ns fall@5.000ns period=10.000ns})
  Destination:            gen_cxl[1].u_cxl/pending_table_reg[113][start_cycle][9]/D
                            (rising edge-triggered cell FDRE clocked by sys_clk  {rise@0.000ns fall@5.000ns period=10.000ns})
  Path Group:             sys_clk
  Path Type:              Hold (Min at Slow Process Corner)
  Requirement:            0.000ns  (sys_clk rise@0.000ns - sys_clk rise@0.000ns)
  Data Path Delay:        0.188ns  (logic 0.060ns (31.892%)  route 0.128ns (68.108%))
  Logic Levels:           0  
  Clock Path Skew:        0.112ns (DCD - SCD - CPR)
    Destination Clock Delay (DCD):    3.893ns
    Source Clock Delay      (SCD):    3.265ns
    Clock Pessimism Removal (CPR):    0.515ns
  Clock Net Delay (Source):      2.699ns (routing 1.282ns, distribution 1.417ns)
  Clock Net Delay (Destination): 3.036ns (routing 1.413ns, distribution 1.623ns)

    Location             Delay type                Incr(ns)  Path(ns)    Netlist Resource(s)
  -------------------------------------------------------------------    -------------------
                         (clock sys_clk rise edge)    0.000     0.000 r  
    AV33                                              0.000     0.000 r  clk (IN)
                         net (fo=0)                   0.000     0.000    clk_IBUF_inst/I
    AV33                 INBUF (Prop_INBUF_HPIOB_M_PAD_O)
                                                      0.256     0.256 r  clk_IBUF_inst/INBUF_INST/O
                         net (fo=1, routed)           0.000     0.256    clk_IBUF_inst/OUT
    AV33                 IBUFCTRL (Prop_IBUFCTRL_HPIOB_M_I_O)
                                                      0.000     0.256 r  clk_IBUF_inst/IBUFCTRL_INST/O
                         net (fo=1, routed)           0.287     0.543    clk_IBUF
    BUFGCE_X0Y26         BUFGCE (Prop_BUFCE_BUFGCE_I_O)
                                                      0.024     0.567 r  clk_IBUF_BUFG_inst/O
    X2Y6 (CLOCK_ROOT)    net (fo=134803, routed)      2.699     3.265    gen_cxl[1].u_cxl/clk
    SLR Crossing[0->1]   
    SLICE_X65Y344        FDRE                                         r  gen_cxl[1].u_cxl/cycle_counter_reg[9]_rep/C
  -------------------------------------------------------------------    -------------------
    SLICE_X65Y344        FDRE (Prop_BFF2_SLICEL_C_Q)
                                                      0.060     3.325 r  gen_cxl[1].u_cxl/cycle_counter_reg[9]_rep/Q
                         net (fo=64, routed)          0.128     3.453    gen_cxl[1].u_cxl/cycle_counter_reg[9]_rep_n_0
    SLICE_X69Y346        FDRE                                         r  gen_cxl[1].u_cxl/pending_table_reg[113][start_cycle][9]/D
  -------------------------------------------------------------------    -------------------

                         (clock sys_clk rise edge)    0.000     0.000 r  
    AV33                                              0.000     0.000 r  clk (IN)
                         net (fo=0)                   0.000     0.000    clk_IBUF_inst/I
    AV33                 INBUF (Prop_INBUF_HPIOB_M_PAD_O)
                                                      0.506     0.506 r  clk_IBUF_inst/INBUF_INST/O
                         net (fo=1, routed)           0.000     0.506    clk_IBUF_inst/OUT
    AV33                 IBUFCTRL (Prop_IBUFCTRL_HPIOB_M_I_O)
                                                      0.000     0.506 r  clk_IBUF_inst/IBUFCTRL_INST/O
                         net (fo=1, routed)           0.323     0.829    clk_IBUF
    BUFGCE_X0Y26         BUFGCE (Prop_BUFCE_BUFGCE_I_O)
                                                      0.028     0.857 r  clk_IBUF_BUFG_inst/O
    X2Y6 (CLOCK_ROOT)    net (fo=134803, routed)      3.036     3.893    gen_cxl[1].u_cxl/clk
    SLR Crossing[0->1]   
    SLICE_X69Y346        FDRE                                         r  gen_cxl[1].u_cxl/pending_table_reg[113][start_cycle][9]/C
                         clock pessimism             -0.515     3.378    
    SLICE_X69Y346        FDRE (Hold_DFF2_SLICEL_C_D)
                                                      0.062     3.440    gen_cxl[1].u_cxl/pending_table_reg[113][start_cycle][9]
  -------------------------------------------------------------------
                         required time                         -3.440    
                         arrival time                           3.453    
  -------------------------------------------------------------------
                         slack                                  0.014    

Slack (MET) :             0.014ns  (arrival time - required time)
  Source:                 u_debug/req_data_reg[23]/C
                            (rising edge-triggered cell FDRE clocked by sys_clk  {rise@0.000ns fall@5.000ns period=10.000ns})
  Destination:            u_debug/progbuf_reg[0][23]/D
                            (rising edge-triggered cell FDCE clocked by sys_clk  {rise@0.000ns fall@5.000ns period=10.000ns})
  Path Group:             sys_clk
  Path Type:              Hold (Min at Slow Process Corner)
  Requirement:            0.000ns  (sys_clk rise@0.000ns - sys_clk rise@0.000ns)
  Data Path Delay:        0.185ns  (logic 0.059ns (31.858%)  route 0.126ns (68.142%))
  Logic Levels:           0  
  Clock Path Skew:        0.109ns (DCD - SCD - CPR)
    Destination Clock Delay (DCD):    4.011ns
    Source Clock Delay      (SCD):    3.378ns
    Clock Pessimism Removal (CPR):    0.524ns
  Clock Net Delay (Source):      2.811ns (routing 1.282ns, distribution 1.529ns)
  Clock Net Delay (Destination): 3.154ns (routing 1.413ns, distribution 1.741ns)

    Location             Delay type                Incr(ns)  Path(ns)    Netlist Resource(s)
  -------------------------------------------------------------------    -------------------
                         (clock sys_clk rise edge)    0.000     0.000 r  
    AV33                                              0.000     0.000 r  clk (IN)
                         net (fo=0)                   0.000     0.000    clk_IBUF_inst/I
    AV33                 INBUF (Prop_INBUF_HPIOB_M_PAD_O)
                                                      0.256     0.256 r  clk_IBUF_inst/INBUF_INST/O
                         net (fo=1, routed)           0.000     0.256    clk_IBUF_inst/OUT
    AV33                 IBUFCTRL (Prop_IBUFCTRL_HPIOB_M_I_O)
                                                      0.000     0.256 r  clk_IBUF_inst/IBUFCTRL_INST/O
                         net (fo=1, routed)           0.287     0.543    clk_IBUF
    BUFGCE_X0Y26         BUFGCE (Prop_BUFCE_BUFGCE_I_O)
                                                      0.024     0.567 r  clk_IBUF_BUFG_inst/O
    X2Y6 (CLOCK_ROOT)    net (fo=134803, routed)      2.811     3.378    u_debug/clk
    SLR Crossing[0->1]   
    SLICE_X54Y428        FDRE                                         r  u_debug/req_data_reg[23]/C
  -------------------------------------------------------------------    -------------------
    SLICE_X54Y428        FDRE (Prop_CFF2_SLICEL_C_Q)
                                                      0.059     3.437 r  u_debug/req_data_reg[23]/Q
                         net (fo=11, routed)          0.126     3.563    u_debug/req_data[23]
    SLICE_X52Y429        FDCE                                         r  u_debug/progbuf_reg[0][23]/D
  -------------------------------------------------------------------    -------------------

                         (clock sys_clk rise edge)    0.000     0.000 r  
    AV33                                              0.000     0.000 r  clk (IN)
                         net (fo=0)                   0.000     0.000    clk_IBUF_inst/I
    AV33                 INBUF (Prop_INBUF_HPIOB_M_PAD_O)
                                                      0.506     0.506 r  clk_IBUF_inst/INBUF_INST/O
                         net (fo=1, routed)           0.000     0.506    clk_IBUF_inst/OUT
    AV33                 IBUFCTRL (Prop_IBUFCTRL_HPIOB_M_I_O)
                                                      0.000     0.506 r  clk_IBUF_inst/IBUFCTRL_INST/O
                         net (fo=1, routed)           0.323     0.829    clk_IBUF
    BUFGCE_X0Y26         BUFGCE (Prop_BUFCE_BUFGCE_I_O)
                                                      0.028     0.857 r  clk_IBUF_BUFG_inst/O
    X2Y6 (CLOCK_ROOT)    net (fo=134803, routed)      3.154     4.011    u_debug/clk
    SLR Crossing[0->1]   
    SLICE_X52Y429        FDCE                                         r  u_debug/progbuf_reg[0][23]/C
                         clock pessimism             -0.524     3.487    
    SLICE_X52Y429        FDCE (Hold_FFF2_SLICEL_C_D)
                                                      0.062     3.549    u_debug/progbuf_reg[0][23]
  -------------------------------------------------------------------
                         required time                         -3.549    
                         arrival time                           3.563    
  -------------------------------------------------------------------
                         slack                                  0.014    

Slack (MET) :             0.015ns  (arrival time - required time)
  Source:                 gen_dls_pairs[0].u_dls_pair/u_primary/id_ex_frs3_data_reg[18]/C
                            (rising edge-triggered cell FDRE clocked by sys_clk  {rise@0.000ns fall@5.000ns period=10.000ns})
  Destination:            gen_dls_pairs[0].u_dls_pair/u_primary/gen_fpu.u_fpu/rs3_reg_reg[18]/D
                            (rising edge-triggered cell FDRE clocked by sys_clk  {rise@0.000ns fall@5.000ns period=10.000ns})
  Path Group:             sys_clk
  Path Type:              Hold (Min at Slow Process Corner)
  Requirement:            0.000ns  (sys_clk rise@0.000ns - sys_clk rise@0.000ns)
  Data Path Delay:        0.354ns  (logic 0.057ns (16.102%)  route 0.297ns (83.898%))
  Logic Levels:           0  
  Clock Path Skew:        0.277ns (DCD - SCD - CPR)
    Destination Clock Delay (DCD):    4.090ns
    Source Clock Delay      (SCD):    3.384ns
    Clock Pessimism Removal (CPR):    0.429ns
  Clock Net Delay (Source):      2.817ns (routing 1.282ns, distribution 1.535ns)
  Clock Net Delay (Destination): 3.233ns (routing 1.413ns, distribution 1.820ns)

    Location             Delay type                Incr(ns)  Path(ns)    Netlist Resource(s)
  -------------------------------------------------------------------    -------------------
                         (clock sys_clk rise edge)    0.000     0.000 r  
    AV33                                              0.000     0.000 r  clk (IN)
                         net (fo=0)                   0.000     0.000    clk_IBUF_inst/I
    AV33                 INBUF (Prop_INBUF_HPIOB_M_PAD_O)
                                                      0.256     0.256 r  clk_IBUF_inst/INBUF_INST/O
                         net (fo=1, routed)           0.000     0.256    clk_IBUF_inst/OUT
    AV33                 IBUFCTRL (Prop_IBUFCTRL_HPIOB_M_I_O)
                                                      0.000     0.256 r  clk_IBUF_inst/IBUFCTRL_INST/O
                         net (fo=1, routed)           0.287     0.543    clk_IBUF
    BUFGCE_X0Y26         BUFGCE (Prop_BUFCE_BUFGCE_I_O)
                                                      0.024     0.567 r  clk_IBUF_BUFG_inst/O
    X2Y6 (CLOCK_ROOT)    net (fo=134803, routed)      2.817     3.384    gen_dls_pairs[0].u_dls_pair/u_primary/clk_IBUF_BUFG
    SLR Crossing[0->1]   
    SLICE_X88Y478        FDRE                                         r  gen_dls_pairs[0].u_dls_pair/u_primary/id_ex_frs3_data_reg[18]/C
  -------------------------------------------------------------------    -------------------
    SLICE_X88Y478        FDRE (Prop_FFF_SLICEM_C_Q)
                                                      0.057     3.441 r  gen_dls_pairs[0].u_dls_pair/u_primary/id_ex_frs3_data_reg[18]/Q
                         net (fo=1, routed)           0.297     3.738    gen_dls_pairs[0].u_dls_pair/u_primary/gen_fpu.u_fpu/rs3_reg_reg[63]_0[18]
    SLICE_X100Y482       FDRE                                         r  gen_dls_pairs[0].u_dls_pair/u_primary/gen_fpu.u_fpu/rs3_reg_reg[18]/D
  -------------------------------------------------------------------    -------------------

                         (clock sys_clk rise edge)    0.000     0.000 r  
    AV33                                              0.000     0.000 r  clk (IN)
                         net (fo=0)                   0.000     0.000    clk_IBUF_inst/I
    AV33                 INBUF (Prop_INBUF_HPIOB_M_PAD_O)
                                                      0.506     0.506 r  clk_IBUF_inst/INBUF_INST/O
                         net (fo=1, routed)           0.000     0.506    clk_IBUF_inst/OUT
    AV33                 IBUFCTRL (Prop_IBUFCTRL_HPIOB_M_I_O)
                                                      0.000     0.506 r  clk_IBUF_inst/IBUFCTRL_INST/O
                         net (fo=1, routed)           0.323     0.829    clk_IBUF
    BUFGCE_X0Y26         BUFGCE (Prop_BUFCE_BUFGCE_I_O)
                                                      0.028     0.857 r  clk_IBUF_BUFG_inst/O
    X2Y6 (CLOCK_ROOT)    net (fo=134803, routed)      3.233     4.090    gen_dls_pairs[0].u_dls_pair/u_primary/gen_fpu.u_fpu/clk_IBUF_BUFG
    SLR Crossing[0->1]   
    SLICE_X100Y482       FDRE                                         r  gen_dls_pairs[0].u_dls_pair/u_primary/gen_fpu.u_fpu/rs3_reg_reg[18]/C
                         clock pessimism             -0.429     3.661    
    SLICE_X100Y482       FDRE (Hold_EFF2_SLICEM_C_D)
                                                      0.062     3.723    gen_dls_pairs[0].u_dls_pair/u_primary/gen_fpu.u_fpu/rs3_reg_reg[18]
  -------------------------------------------------------------------
                         required time                         -3.723    
                         arrival time                           3.738    
  -------------------------------------------------------------------
                         slack                                  0.015    

Slack (MET) :             0.016ns  (arrival time - required time)
  Source:                 u_tsn/port_macs[3].mac_inst/rx_src_mac_reg[22]/C
                            (rising edge-triggered cell FDRE clocked by sys_clk  {rise@0.000ns fall@5.000ns period=10.000ns})
  Destination:            u_tsn/mac_table_addr_reg[3][22]/D
                            (rising edge-triggered cell FDRE clocked by sys_clk  {rise@0.000ns fall@5.000ns period=10.000ns})
  Path Group:             sys_clk
  Path Type:              Hold (Min at Slow Process Corner)
  Requirement:            0.000ns  (sys_clk rise@0.000ns - sys_clk rise@0.000ns)
  Data Path Delay:        0.181ns  (logic 0.082ns (45.203%)  route 0.099ns (54.797%))
  Logic Levels:           1  (LUT5=1)
  Clock Path Skew:        0.106ns (DCD - SCD - CPR)
    Destination Clock Delay (DCD):    4.013ns
    Source Clock Delay      (SCD):    3.385ns
    Clock Pessimism Removal (CPR):    0.522ns
  Clock Net Delay (Source):      2.818ns (routing 1.282ns, distribution 1.536ns)
  Clock Net Delay (Destination): 3.156ns (routing 1.413ns, distribution 1.743ns)

    Location             Delay type                Incr(ns)  Path(ns)    Netlist Resource(s)
  -------------------------------------------------------------------    -------------------
                         (clock sys_clk rise edge)    0.000     0.000 r  
    AV33                                              0.000     0.000 r  clk (IN)
                         net (fo=0)                   0.000     0.000    clk_IBUF_inst/I
    AV33                 INBUF (Prop_INBUF_HPIOB_M_PAD_O)
                                                      0.256     0.256 r  clk_IBUF_inst/INBUF_INST/O
                         net (fo=1, routed)           0.000     0.256    clk_IBUF_inst/OUT
    AV33                 IBUFCTRL (Prop_IBUFCTRL_HPIOB_M_I_O)
                                                      0.000     0.256 r  clk_IBUF_inst/IBUFCTRL_INST/O
                         net (fo=1, routed)           0.287     0.543    clk_IBUF
    BUFGCE_X0Y26         BUFGCE (Prop_BUFCE_BUFGCE_I_O)
                                                      0.024     0.567 r  clk_IBUF_BUFG_inst/O
    X2Y6 (CLOCK_ROOT)    net (fo=134803, routed)      2.818     3.385    u_tsn/port_macs[3].mac_inst/clk_IBUF_BUFG
    SLR Crossing[0->1]   
    SLICE_X45Y311        FDRE                                         r  u_tsn/port_macs[3].mac_inst/rx_src_mac_reg[22]/C
  -------------------------------------------------------------------    -------------------
    SLICE_X45Y311        FDRE (Prop_CFF2_SLICEM_C_Q)
                                                      0.059     3.444 r  u_tsn/port_macs[3].mac_inst/rx_src_mac_reg[22]/Q
                         net (fo=32, routed)          0.075     3.519    u_tsn/port_macs[3].mac_inst/rx_src_mac_reg[47]_0[17]
    SLICE_X44Y311        LUT5 (Prop_H6LUT_SLICEL_I0_O)
                                                      0.023     3.542 r  u_tsn/port_macs[3].mac_inst/mac_table_addr[3][22]_i_1/O
                         net (fo=1, routed)           0.024     3.566    u_tsn/mac_table_addr__0[22]
    SLICE_X44Y311        FDRE                                         r  u_tsn/mac_table_addr_reg[3][22]/D
  -------------------------------------------------------------------    -------------------

                         (clock sys_clk rise edge)    0.000     0.000 r  
    AV33                                              0.000     0.000 r  clk (IN)
                         net (fo=0)                   0.000     0.000    clk_IBUF_inst/I
    AV33                 INBUF (Prop_INBUF_HPIOB_M_PAD_O)
                                                      0.506     0.506 r  clk_IBUF_inst/INBUF_INST/O
                         net (fo=1, routed)           0.000     0.506    clk_IBUF_inst/OUT
    AV33                 IBUFCTRL (Prop_IBUFCTRL_HPIOB_M_I_O)
                                                      0.000     0.506 r  clk_IBUF_inst/IBUFCTRL_INST/O
                         net (fo=1, routed)           0.323     0.829    clk_IBUF
    BUFGCE_X0Y26         BUFGCE (Prop_BUFCE_BUFGCE_I_O)
                                                      0.028     0.857 r  clk_IBUF_BUFG_inst/O
    X2Y6 (CLOCK_ROOT)    net (fo=134803, routed)      3.156     4.013    u_tsn/clk_IBUF_BUFG
    SLR Crossing[0->1]   
    SLICE_X44Y311        FDRE                                         r  u_tsn/mac_table_addr_reg[3][22]/C
                         clock pessimism             -0.522     3.490    
    SLICE_X44Y311        FDRE (Hold_HFF_SLICEL_C_D)
                                                      0.060     3.550    u_tsn/mac_table_addr_reg[3][22]
  -------------------------------------------------------------------
                         required time                         -3.550    
                         arrival time                           3.566    
  -------------------------------------------------------------------
                         slack                                  0.016    

Slack (MET) :             0.016ns  (arrival time - required time)
  Source:                 gen_dls_pairs[2].u_dls_pair/u_primary/ex_mem_rd_reg[0]_rep__7/C
                            (rising edge-triggered cell FDRE clocked by sys_clk  {rise@0.000ns fall@5.000ns period=10.000ns})
  Destination:            gen_dls_pairs[2].u_dls_pair/u_primary/fpregfile_reg[16][58]/D
                            (rising edge-triggered cell FDCE clocked by sys_clk  {rise@0.000ns fall@5.000ns period=10.000ns})
  Path Group:             sys_clk
  Path Type:              Hold (Min at Slow Process Corner)
  Requirement:            0.000ns  (sys_clk rise@0.000ns - sys_clk rise@0.000ns)
  Data Path Delay:        0.182ns  (logic 0.081ns (44.448%)  route 0.101ns (55.552%))
  Logic Levels:           1  (LUT6=1)
  Clock Path Skew:        0.106ns (DCD - SCD - CPR)
    Destination Clock Delay (DCD):    3.956ns
    Source Clock Delay      (SCD):    3.330ns
    Clock Pessimism Removal (CPR):    0.520ns
  Clock Net Delay (Source):      2.763ns (routing 1.282ns, distribution 1.481ns)
  Clock Net Delay (Destination): 3.099ns (routing 1.413ns, distribution 1.686ns)

    Location             Delay type                Incr(ns)  Path(ns)    Netlist Resource(s)
  -------------------------------------------------------------------    -------------------
                         (clock sys_clk rise edge)    0.000     0.000 r  
    AV33                                              0.000     0.000 r  clk (IN)
                         net (fo=0)                   0.000     0.000    clk_IBUF_inst/I
    AV33                 INBUF (Prop_INBUF_HPIOB_M_PAD_O)
                                                      0.256     0.256 r  clk_IBUF_inst/INBUF_INST/O
                         net (fo=1, routed)           0.000     0.256    clk_IBUF_inst/OUT
    AV33                 IBUFCTRL (Prop_IBUFCTRL_HPIOB_M_I_O)
                                                      0.000     0.256 r  clk_IBUF_inst/IBUFCTRL_INST/O
                         net (fo=1, routed)           0.287     0.543    clk_IBUF
    BUFGCE_X0Y26         BUFGCE (Prop_BUFCE_BUFGCE_I_O)
                                                      0.024     0.567 r  clk_IBUF_BUFG_inst/O
    X2Y6 (CLOCK_ROOT)    net (fo=134803, routed)      2.763     3.330    gen_dls_pairs[2].u_dls_pair/u_primary/clk_IBUF_BUFG
    SLR Crossing[0->1]   
    SLICE_X53Y404        FDRE                                         r  gen_dls_pairs[2].u_dls_pair/u_primary/ex_mem_rd_reg[0]_rep__7/C
  -------------------------------------------------------------------    -------------------
    SLICE_X53Y404        FDRE (Prop_HFF_SLICEM_C_Q)
                                                      0.058     3.388 r  gen_dls_pairs[2].u_dls_pair/u_primary/ex_mem_rd_reg[0]_rep__7/Q
                         net (fo=68, routed)          0.077     3.465    gen_dls_pairs[2].u_dls_pair/u_primary/gen_fpu.u_fpu/fpregfile_reg[28][0]
    SLICE_X52Y404        LUT6 (Prop_H6LUT_SLICEL_I3_O)
                                                      0.023     3.488 r  gen_dls_pairs[2].u_dls_pair/u_primary/gen_fpu.u_fpu/fpregfile[16][58]_i_1__3/O
                         net (fo=1, routed)           0.024     3.512    gen_dls_pairs[2].u_dls_pair/u_primary/gen_fpu.u_fpu_n_968
    SLICE_X52Y404        FDCE                                         r  gen_dls_pairs[2].u_dls_pair/u_primary/fpregfile_reg[16][58]/D
  -------------------------------------------------------------------    -------------------

                         (clock sys_clk rise edge)    0.000     0.000 r  
    AV33                                              0.000     0.000 r  clk (IN)
                         net (fo=0)                   0.000     0.000    clk_IBUF_inst/I
    AV33                 INBUF (Prop_INBUF_HPIOB_M_PAD_O)
                                                      0.506     0.506 r  clk_IBUF_inst/INBUF_INST/O
                         net (fo=1, routed)           0.000     0.506    clk_IBUF_inst/OUT
    AV33                 IBUFCTRL (Prop_IBUFCTRL_HPIOB_M_I_O)
                                                      0.000     0.506 r  clk_IBUF_inst/IBUFCTRL_INST/O
                         net (fo=1, routed)           0.323     0.829    clk_IBUF
    BUFGCE_X0Y26         BUFGCE (Prop_BUFCE_BUFGCE_I_O)
                                                      0.028     0.857 r  clk_IBUF_BUFG_inst/O
    X2Y6 (CLOCK_ROOT)    net (fo=134803, routed)      3.099     3.956    gen_dls_pairs[2].u_dls_pair/u_primary/clk_IBUF_BUFG
    SLR Crossing[0->1]   
    SLICE_X52Y404        FDCE                                         r  gen_dls_pairs[2].u_dls_pair/u_primary/fpregfile_reg[16][58]/C
                         clock pessimism             -0.520     3.436    
    SLICE_X52Y404        FDCE (Hold_HFF_SLICEL_C_D)
                                                      0.060     3.496    gen_dls_pairs[2].u_dls_pair/u_primary/fpregfile_reg[16][58]
  -------------------------------------------------------------------
                         required time                         -3.496    
                         arrival time                           3.512    
  -------------------------------------------------------------------
                         slack                                  0.016    

Slack (MET) :             0.016ns  (arrival time - required time)
  Source:                 gen_dls_pairs[3].u_dls_pair/u_primary/ex_mem_rd_reg[0]_rep__1/C
                            (rising edge-triggered cell FDRE clocked by sys_clk  {rise@0.000ns fall@5.000ns period=10.000ns})
  Destination:            gen_dls_pairs[3].u_dls_pair/u_primary/fpregfile_reg[26][10]/D
                            (rising edge-triggered cell FDCE clocked by sys_clk  {rise@0.000ns fall@5.000ns period=10.000ns})
  Path Group:             sys_clk
  Path Type:              Hold (Min at Slow Process Corner)
  Requirement:            0.000ns  (sys_clk rise@0.000ns - sys_clk rise@0.000ns)
  Data Path Delay:        0.174ns  (logic 0.083ns (47.579%)  route 0.091ns (52.421%))
  Logic Levels:           1  (LUT6=1)
  Clock Path Skew:        0.098ns (DCD - SCD - CPR)
    Destination Clock Delay (DCD):    4.073ns
    Source Clock Delay      (SCD):    3.448ns
    Clock Pessimism Removal (CPR):    0.527ns
  Clock Net Delay (Source):      2.881ns (routing 1.282ns, distribution 1.599ns)
  Clock Net Delay (Destination): 3.216ns (routing 1.413ns, distribution 1.803ns)

    Location             Delay type                Incr(ns)  Path(ns)    Netlist Resource(s)
  -------------------------------------------------------------------    -------------------
                         (clock sys_clk rise edge)    0.000     0.000 r  
    AV33                                              0.000     0.000 r  clk (IN)
                         net (fo=0)                   0.000     0.000    clk_IBUF_inst/I
    AV33                 INBUF (Prop_INBUF_HPIOB_M_PAD_O)
                                                      0.256     0.256 r  clk_IBUF_inst/INBUF_INST/O
                         net (fo=1, routed)           0.000     0.256    clk_IBUF_inst/OUT
    AV33                 IBUFCTRL (Prop_IBUFCTRL_HPIOB_M_I_O)
                                                      0.000     0.256 r  clk_IBUF_inst/IBUFCTRL_INST/O
                         net (fo=1, routed)           0.287     0.543    clk_IBUF
    BUFGCE_X0Y26         BUFGCE (Prop_BUFCE_BUFGCE_I_O)
                                                      0.024     0.567 r  clk_IBUF_BUFG_inst/O
    X2Y6 (CLOCK_ROOT)    net (fo=134803, routed)      2.881     3.448    gen_dls_pairs[3].u_dls_pair/u_primary/clk_IBUF_BUFG
    SLR Crossing[0->1]   
    SLICE_X110Y446       FDRE                                         r  gen_dls_pairs[3].u_dls_pair/u_primary/ex_mem_rd_reg[0]_rep__1/C
  -------------------------------------------------------------------    -------------------
    SLICE_X110Y446       FDRE (Prop_AFF2_SLICEM_C_Q)
                                                      0.060     3.508 r  gen_dls_pairs[3].u_dls_pair/u_primary/ex_mem_rd_reg[0]_rep__1/Q
                         net (fo=166, routed)         0.067     3.575    gen_dls_pairs[3].u_dls_pair/u_primary/gen_fpu.u_fpu/fpregfile_reg[24][0]
    SLICE_X109Y446       LUT6 (Prop_H6LUT_SLICEL_I2_O)
                                                      0.023     3.598 r  gen_dls_pairs[3].u_dls_pair/u_primary/gen_fpu.u_fpu/fpregfile[26][10]_i_1__5/O
                         net (fo=1, routed)           0.024     3.622    gen_dls_pairs[3].u_dls_pair/u_primary/gen_fpu.u_fpu_n_375
    SLICE_X109Y446       FDCE                                         r  gen_dls_pairs[3].u_dls_pair/u_primary/fpregfile_reg[26][10]/D
  -------------------------------------------------------------------    -------------------

                         (clock sys_clk rise edge)    0.000     0.000 r  
    AV33                                              0.000     0.000 r  clk (IN)
                         net (fo=0)                   0.000     0.000    clk_IBUF_inst/I
    AV33                 INBUF (Prop_INBUF_HPIOB_M_PAD_O)
                                                      0.506     0.506 r  clk_IBUF_inst/INBUF_INST/O
                         net (fo=1, routed)           0.000     0.506    clk_IBUF_inst/OUT
    AV33                 IBUFCTRL (Prop_IBUFCTRL_HPIOB_M_I_O)
                                                      0.000     0.506 r  clk_IBUF_inst/IBUFCTRL_INST/O
                         net (fo=1, routed)           0.323     0.829    clk_IBUF
    BUFGCE_X0Y26         BUFGCE (Prop_BUFCE_BUFGCE_I_O)
                                                      0.028     0.857 r  clk_IBUF_BUFG_inst/O
    X2Y6 (CLOCK_ROOT)    net (fo=134803, routed)      3.216     4.073    gen_dls_pairs[3].u_dls_pair/u_primary/clk_IBUF_BUFG
    SLR Crossing[0->1]   
    SLICE_X109Y446       FDCE                                         r  gen_dls_pairs[3].u_dls_pair/u_primary/fpregfile_reg[26][10]/C
                         clock pessimism             -0.527     3.546    
    SLICE_X109Y446       FDCE (Hold_HFF_SLICEL_C_D)
                                                      0.060     3.606    gen_dls_pairs[3].u_dls_pair/u_primary/fpregfile_reg[26][10]
  -------------------------------------------------------------------
                         required time                         -3.606    
                         arrival time                           3.622    
  -------------------------------------------------------------------
                         slack                                  0.016    

Slack (MET) :             0.016ns  (arrival time - required time)
  Source:                 gen_cordic[3].u_cordic/pipe_reg[0][y][28]/C
                            (rising edge-triggered cell FDRE clocked by sys_clk  {rise@0.000ns fall@5.000ns period=10.000ns})
  Destination:            gen_cordic[3].u_cordic/stage_y_reg[0][28]/D
                            (rising edge-triggered cell FDRE clocked by sys_clk  {rise@0.000ns fall@5.000ns period=10.000ns})
  Path Group:             sys_clk
  Path Type:              Hold (Min at Slow Process Corner)
  Requirement:            0.000ns  (sys_clk rise@0.000ns - sys_clk rise@0.000ns)
  Data Path Delay:        0.125ns  (logic 0.058ns (46.400%)  route 0.067ns (53.600%))
  Logic Levels:           0  
  Clock Path Skew:        0.047ns (DCD - SCD - CPR)
    Destination Clock Delay (DCD):    4.185ns
    Source Clock Delay      (SCD):    3.550ns
    Clock Pessimism Removal (CPR):    0.588ns
  Clock Net Delay (Source):      2.983ns (routing 1.282ns, distribution 1.701ns)
  Clock Net Delay (Destination): 3.328ns (routing 1.413ns, distribution 1.915ns)

    Location             Delay type                Incr(ns)  Path(ns)    Netlist Resource(s)
  -------------------------------------------------------------------    -------------------
                         (clock sys_clk rise edge)    0.000     0.000 r  
    AV33                                              0.000     0.000 r  clk (IN)
                         net (fo=0)                   0.000     0.000    clk_IBUF_inst/I
    AV33                 INBUF (Prop_INBUF_HPIOB_M_PAD_O)
                                                      0.256     0.256 r  clk_IBUF_inst/INBUF_INST/O
                         net (fo=1, routed)           0.000     0.256    clk_IBUF_inst/OUT
    AV33                 IBUFCTRL (Prop_IBUFCTRL_HPIOB_M_I_O)
                                                      0.000     0.256 r  clk_IBUF_inst/IBUFCTRL_INST/O
                         net (fo=1, routed)           0.287     0.543    clk_IBUF
    BUFGCE_X0Y26         BUFGCE (Prop_BUFCE_BUFGCE_I_O)
                                                      0.024     0.567 r  clk_IBUF_BUFG_inst/O
    X2Y6 (CLOCK_ROOT)    net (fo=134803, routed)      2.983     3.550    gen_cordic[3].u_cordic/clk_IBUF_BUFG
    SLR Crossing[0->1]   
    SLICE_X130Y399       FDRE                                         r  gen_cordic[3].u_cordic/pipe_reg[0][y][28]/C
  -------------------------------------------------------------------    -------------------
    SLICE_X130Y399       FDRE (Prop_FFF_SLICEL_C_Q)
                                                      0.058     3.608 r  gen_cordic[3].u_cordic/pipe_reg[0][y][28]/Q
                         net (fo=1, routed)           0.067     3.675    gen_cordic[3].u_cordic/pipe_reg[0][y_n_0_][28]
    SLICE_X130Y398       FDRE                                         r  gen_cordic[3].u_cordic/stage_y_reg[0][28]/D
  -------------------------------------------------------------------    -------------------

                         (clock sys_clk rise edge)    0.000     0.000 r  
    AV33                                              0.000     0.000 r  clk (IN)
                         net (fo=0)                   0.000     0.000    clk_IBUF_inst/I
    AV33                 INBUF (Prop_INBUF_HPIOB_M_PAD_O)
                                                      0.506     0.506 r  clk_IBUF_inst/INBUF_INST/O
                         net (fo=1, routed)           0.000     0.506    clk_IBUF_inst/OUT
    AV33                 IBUFCTRL (Prop_IBUFCTRL_HPIOB_M_I_O)
                                                      0.000     0.506 r  clk_IBUF_inst/IBUFCTRL_INST/O
                         net (fo=1, routed)           0.323     0.829    clk_IBUF
    BUFGCE_X0Y26         BUFGCE (Prop_BUFCE_BUFGCE_I_O)
                                                      0.028     0.857 r  clk_IBUF_BUFG_inst/O
    X2Y6 (CLOCK_ROOT)    net (fo=134803, routed)      3.328     4.185    gen_cordic[3].u_cordic/clk_IBUF_BUFG
    SLR Crossing[0->1]   
    SLICE_X130Y398       FDRE                                         r  gen_cordic[3].u_cordic/stage_y_reg[0][28]/C
                         clock pessimism             -0.588     3.596    
    SLICE_X130Y398       FDRE (Hold_EFF2_SLICEL_C_D)
                                                      0.062     3.658    gen_cordic[3].u_cordic/stage_y_reg[0][28]
  -------------------------------------------------------------------
                         required time                         -3.658    
                         arrival time                           3.675    
  -------------------------------------------------------------------
                         slack                                  0.016    

Slack (MET) :             0.016ns  (arrival time - required time)
  Source:                 gen_cxl[1].u_cxl/cycle_counter_reg[13]_rep__0/C
                            (rising edge-triggered cell FDRE clocked by sys_clk  {rise@0.000ns fall@5.000ns period=10.000ns})
  Destination:            gen_cxl[1].u_cxl/pending_table_reg[73][start_cycle][13]/D
                            (rising edge-triggered cell FDRE clocked by sys_clk  {rise@0.000ns fall@5.000ns period=10.000ns})
  Path Group:             sys_clk
  Path Type:              Hold (Min at Slow Process Corner)
  Requirement:            0.000ns  (sys_clk rise@0.000ns - sys_clk rise@0.000ns)
  Data Path Delay:        0.267ns  (logic 0.058ns (21.692%)  route 0.209ns (78.308%))
  Logic Levels:           0  
  Clock Path Skew:        0.190ns (DCD - SCD - CPR)
    Destination Clock Delay (DCD):    3.865ns
    Source Clock Delay      (SCD):    3.250ns
    Clock Pessimism Removal (CPR):    0.425ns
  Clock Net Delay (Source):      2.683ns (routing 1.282ns, distribution 1.401ns)
  Clock Net Delay (Destination): 3.008ns (routing 1.413ns, distribution 1.595ns)

    Location             Delay type                Incr(ns)  Path(ns)    Netlist Resource(s)
  -------------------------------------------------------------------    -------------------
                         (clock sys_clk rise edge)    0.000     0.000 r  
    AV33                                              0.000     0.000 r  clk (IN)
                         net (fo=0)                   0.000     0.000    clk_IBUF_inst/I
    AV33                 INBUF (Prop_INBUF_HPIOB_M_PAD_O)
                                                      0.256     0.256 r  clk_IBUF_inst/INBUF_INST/O
                         net (fo=1, routed)           0.000     0.256    clk_IBUF_inst/OUT
    AV33                 IBUFCTRL (Prop_IBUFCTRL_HPIOB_M_I_O)
                                                      0.000     0.256 r  clk_IBUF_inst/IBUFCTRL_INST/O
                         net (fo=1, routed)           0.287     0.543    clk_IBUF
    BUFGCE_X0Y26         BUFGCE (Prop_BUFCE_BUFGCE_I_O)
                                                      0.024     0.567 r  clk_IBUF_BUFG_inst/O
    X2Y6 (CLOCK_ROOT)    net (fo=134803, routed)      2.683     3.250    gen_cxl[1].u_cxl/clk
    SLR Crossing[0->1]   
    SLICE_X63Y354        FDRE                                         r  gen_cxl[1].u_cxl/cycle_counter_reg[13]_rep__0/C
  -------------------------------------------------------------------    -------------------
    SLICE_X63Y354        FDRE (Prop_AFF_SLICEL_C_Q)
                                                      0.058     3.308 r  gen_cxl[1].u_cxl/cycle_counter_reg[13]_rep__0/Q
                         net (fo=64, routed)          0.209     3.517    gen_cxl[1].u_cxl/cycle_counter_reg[13]_rep__0_n_0
    SLICE_X62Y368        FDRE                                         r  gen_cxl[1].u_cxl/pending_table_reg[73][start_cycle][13]/D
  -------------------------------------------------------------------    -------------------

                         (clock sys_clk rise edge)    0.000     0.000 r  
    AV33                                              0.000     0.000 r  clk (IN)
                         net (fo=0)                   0.000     0.000    clk_IBUF_inst/I
    AV33                 INBUF (Prop_INBUF_HPIOB_M_PAD_O)
                                                      0.506     0.506 r  clk_IBUF_inst/INBUF_INST/O
                         net (fo=1, routed)           0.000     0.506    clk_IBUF_inst/OUT
    AV33                 IBUFCTRL (Prop_IBUFCTRL_HPIOB_M_I_O)
                                                      0.000     0.506 r  clk_IBUF_inst/IBUFCTRL_INST/O
                         net (fo=1, routed)           0.323     0.829    clk_IBUF
    BUFGCE_X0Y26         BUFGCE (Prop_BUFCE_BUFGCE_I_O)
                                                      0.028     0.857 r  clk_IBUF_BUFG_inst/O
    X2Y6 (CLOCK_ROOT)    net (fo=134803, routed)      3.008     3.865    gen_cxl[1].u_cxl/clk
    SLR Crossing[0->1]   
    SLICE_X62Y368        FDRE                                         r  gen_cxl[1].u_cxl/pending_table_reg[73][start_cycle][13]/C
                         clock pessimism             -0.425     3.440    
    SLICE_X62Y368        FDRE (Hold_DFF2_SLICEM_C_D)
                                                      0.061     3.501    gen_cxl[1].u_cxl/pending_table_reg[73][start_cycle][13]
  -------------------------------------------------------------------
                         required time                         -3.501    
                         arrival time                           3.517    
  -------------------------------------------------------------------
                         slack                                  0.016    

Slack (MET) :             0.017ns  (arrival time - required time)
  Source:                 gen_dls_pairs[2].u_dls_pair/u_pcpi_router/sa_b_reg_reg[5][57]/C
                            (rising edge-triggered cell FDCE clocked by sys_clk  {rise@0.000ns fall@5.000ns period=10.000ns})
  Destination:            gen_systolic[2].u_systolic/b_reg_reg[5][57]/D
                            (rising edge-triggered cell FDCE clocked by sys_clk  {rise@0.000ns fall@5.000ns period=10.000ns})
  Path Group:             sys_clk
  Path Type:              Hold (Min at Slow Process Corner)
  Requirement:            0.000ns  (sys_clk rise@0.000ns - sys_clk rise@0.000ns)
  Data Path Delay:        0.269ns  (logic 0.058ns (21.561%)  route 0.211ns (78.439%))
  Logic Levels:           0  
  Clock Path Skew:        0.192ns (DCD - SCD - CPR)
    Destination Clock Delay (DCD):    4.090ns
    Source Clock Delay      (SCD):    3.473ns
    Clock Pessimism Removal (CPR):    0.425ns
  Clock Net Delay (Source):      2.906ns (routing 1.282ns, distribution 1.624ns)
  Clock Net Delay (Destination): 3.233ns (routing 1.413ns, distribution 1.820ns)

    Location             Delay type                Incr(ns)  Path(ns)    Netlist Resource(s)
  -------------------------------------------------------------------    -------------------
                         (clock sys_clk rise edge)    0.000     0.000 r  
    AV33                                              0.000     0.000 r  clk (IN)
                         net (fo=0)                   0.000     0.000    clk_IBUF_inst/I
    AV33                 INBUF (Prop_INBUF_HPIOB_M_PAD_O)
                                                      0.256     0.256 r  clk_IBUF_inst/INBUF_INST/O
                         net (fo=1, routed)           0.000     0.256    clk_IBUF_inst/OUT
    AV33                 IBUFCTRL (Prop_IBUFCTRL_HPIOB_M_I_O)
                                                      0.000     0.256 r  clk_IBUF_inst/IBUFCTRL_INST/O
                         net (fo=1, routed)           0.287     0.543    clk_IBUF
    BUFGCE_X0Y26         BUFGCE (Prop_BUFCE_BUFGCE_I_O)
                                                      0.024     0.567 r  clk_IBUF_BUFG_inst/O
    X2Y6 (CLOCK_ROOT)    net (fo=134803, routed)      2.906     3.473    gen_dls_pairs[2].u_dls_pair/u_pcpi_router/clk_IBUF_BUFG
    SLR Crossing[0->1]   
    SLICE_X25Y359        FDCE                                         r  gen_dls_pairs[2].u_dls_pair/u_pcpi_router/sa_b_reg_reg[5][57]/C
  -------------------------------------------------------------------    -------------------
    SLICE_X25Y359        FDCE (Prop_DFF_SLICEM_C_Q)
                                                      0.058     3.531 r  gen_dls_pairs[2].u_dls_pair/u_pcpi_router/sa_b_reg_reg[5][57]/Q
                         net (fo=1, routed)           0.211     3.742    gen_systolic[2].u_systolic/b[5][57]
    SLICE_X25Y360        FDCE                                         r  gen_systolic[2].u_systolic/b_reg_reg[5][57]/D
  -------------------------------------------------------------------    -------------------

                         (clock sys_clk rise edge)    0.000     0.000 r  
    AV33                                              0.000     0.000 r  clk (IN)
                         net (fo=0)                   0.000     0.000    clk_IBUF_inst/I
    AV33                 INBUF (Prop_INBUF_HPIOB_M_PAD_O)
                                                      0.506     0.506 r  clk_IBUF_inst/INBUF_INST/O
                         net (fo=1, routed)           0.000     0.506    clk_IBUF_inst/OUT
    AV33                 IBUFCTRL (Prop_IBUFCTRL_HPIOB_M_I_O)
                                                      0.000     0.506 r  clk_IBUF_inst/IBUFCTRL_INST/O
                         net (fo=1, routed)           0.323     0.829    clk_IBUF
    BUFGCE_X0Y26         BUFGCE (Prop_BUFCE_BUFGCE_I_O)
                                                      0.028     0.857 r  clk_IBUF_BUFG_inst/O
    X2Y6 (CLOCK_ROOT)    net (fo=134803, routed)      3.233     4.090    gen_systolic[2].u_systolic/clk
    SLR Crossing[0->1]   
    SLICE_X25Y360        FDCE                                         r  gen_systolic[2].u_systolic/b_reg_reg[5][57]/C
                         clock pessimism             -0.425     3.665    
    SLICE_X25Y360        FDCE (Hold_GFF_SLICEM_C_D)
                                                      0.060     3.725    gen_systolic[2].u_systolic/b_reg_reg[5][57]
  -------------------------------------------------------------------
                         required time                         -3.725    
                         arrival time                           3.742    
  -------------------------------------------------------------------
                         slack                                  0.017    

Slack (MET) :             0.017ns  (arrival time - required time)
  Source:                 gen_dls_pairs[0].u_dls_pair/u_primary/FSM_sequential_mem_state_reg/C
                            (rising edge-triggered cell FDCE clocked by sys_clk  {rise@0.000ns fall@5.000ns period=10.000ns})
  Destination:            gen_dls_pairs[0].u_dls_pair/u_primary/ex_mem_alu_result_reg[54]/D
                            (rising edge-triggered cell FDRE clocked by sys_clk  {rise@0.000ns fall@5.000ns period=10.000ns})
  Path Group:             sys_clk
  Path Type:              Hold (Min at Slow Process Corner)
  Requirement:            0.000ns  (sys_clk rise@0.000ns - sys_clk rise@0.000ns)
  Data Path Delay:        0.256ns  (logic 0.141ns (55.023%)  route 0.115ns (44.977%))
  Logic Levels:           1  (LUT6=1)
  Clock Path Skew:        0.179ns (DCD - SCD - CPR)
    Destination Clock Delay (DCD):    4.201ns
    Source Clock Delay      (SCD):    3.592ns
    Clock Pessimism Removal (CPR):    0.429ns
  Clock Net Delay (Source):      3.026ns (routing 1.282ns, distribution 1.744ns)
  Clock Net Delay (Destination): 3.344ns (routing 1.413ns, distribution 1.931ns)

    Location             Delay type                Incr(ns)  Path(ns)    Netlist Resource(s)
  -------------------------------------------------------------------    -------------------
                         (clock sys_clk rise edge)    0.000     0.000 r  
    AV33                                              0.000     0.000 r  clk (IN)
                         net (fo=0)                   0.000     0.000    clk_IBUF_inst/I
    AV33                 INBUF (Prop_INBUF_HPIOB_M_PAD_O)
                                                      0.256     0.256 r  clk_IBUF_inst/INBUF_INST/O
                         net (fo=1, routed)           0.000     0.256    clk_IBUF_inst/OUT
    AV33                 IBUFCTRL (Prop_IBUFCTRL_HPIOB_M_I_O)
                                                      0.000     0.256 r  clk_IBUF_inst/IBUFCTRL_INST/O
                         net (fo=1, routed)           0.287     0.543    clk_IBUF
    BUFGCE_X0Y26         BUFGCE (Prop_BUFCE_BUFGCE_I_O)
                                                      0.024     0.567 r  clk_IBUF_BUFG_inst/O
    X2Y6 (CLOCK_ROOT)    net (fo=134803, routed)      3.026     3.592    gen_dls_pairs[0].u_dls_pair/u_primary/clk_IBUF_BUFG
    SLR Crossing[0->1]   
    SLICE_X121Y480       FDCE                                         r  gen_dls_pairs[0].u_dls_pair/u_primary/FSM_sequential_mem_state_reg/C
  -------------------------------------------------------------------    -------------------
    SLICE_X121Y480       FDCE (Prop_HFF2_SLICEM_C_Q)
                                                      0.059     3.651 r  gen_dls_pairs[0].u_dls_pair/u_primary/FSM_sequential_mem_state_reg/Q
                         net (fo=77, routed)          0.086     3.738    gen_dls_pairs[0].u_dls_pair/u_primary/mem_state
    SLICE_X121Y478       LUT6 (Prop_B6LUT_SLICEM_I1_O)
                                                      0.082     3.820 r  gen_dls_pairs[0].u_dls_pair/u_primary/ex_mem_alu_result[54]_i_1/O
                         net (fo=1, routed)           0.029     3.849    gen_dls_pairs[0].u_dls_pair/u_primary/ex_mem_alu_result0_in[54]
    SLICE_X121Y478       FDRE                                         r  gen_dls_pairs[0].u_dls_pair/u_primary/ex_mem_alu_result_reg[54]/D
  -------------------------------------------------------------------    -------------------

                         (clock sys_clk rise edge)    0.000     0.000 r  
    AV33                                              0.000     0.000 r  clk (IN)
                         net (fo=0)                   0.000     0.000    clk_IBUF_inst/I
    AV33                 INBUF (Prop_INBUF_HPIOB_M_PAD_O)
                                                      0.506     0.506 r  clk_IBUF_inst/INBUF_INST/O
                         net (fo=1, routed)           0.000     0.506    clk_IBUF_inst/OUT
    AV33                 IBUFCTRL (Prop_IBUFCTRL_HPIOB_M_I_O)
                                                      0.000     0.506 r  clk_IBUF_inst/IBUFCTRL_INST/O
                         net (fo=1, routed)           0.323     0.829    clk_IBUF
    BUFGCE_X0Y26         BUFGCE (Prop_BUFCE_BUFGCE_I_O)
                                                      0.028     0.857 r  clk_IBUF_BUFG_inst/O
    X2Y6 (CLOCK_ROOT)    net (fo=134803, routed)      3.344     4.201    gen_dls_pairs[0].u_dls_pair/u_primary/clk_IBUF_BUFG
    SLR Crossing[0->1]   
    SLICE_X121Y478       FDRE                                         r  gen_dls_pairs[0].u_dls_pair/u_primary/ex_mem_alu_result_reg[54]/C
                         clock pessimism             -0.429     3.772    
    SLICE_X121Y478       FDRE (Hold_BFF_SLICEM_C_D)
                                                      0.060     3.832    gen_dls_pairs[0].u_dls_pair/u_primary/ex_mem_alu_result_reg[54]
  -------------------------------------------------------------------
                         required time                         -3.832    
                         arrival time                           3.849    
  -------------------------------------------------------------------
                         slack                                  0.017    

Slack (MET) :             0.017ns  (arrival time - required time)
  Source:                 gen_cxl[0].u_cxl/cycle_counter_reg[27]/C
                            (rising edge-triggered cell FDRE clocked by sys_clk  {rise@0.000ns fall@5.000ns period=10.000ns})
  Destination:            gen_cxl[0].u_cxl/read_latency_sum_reg[27]/D
                            (rising edge-triggered cell FDRE clocked by sys_clk  {rise@0.000ns fall@5.000ns period=10.000ns})
  Path Group:             sys_clk
  Path Type:              Hold (Min at Slow Process Corner)
  Requirement:            0.000ns  (sys_clk rise@0.000ns - sys_clk rise@0.000ns)
  Data Path Delay:        0.304ns  (logic 0.124ns (40.735%)  route 0.180ns (59.265%))
  Logic Levels:           2  (CARRY8=1 LUT4=1)
  Clock Path Skew:        0.227ns (DCD - SCD - CPR)
    Destination Clock Delay (DCD):    4.155ns
    Source Clock Delay      (SCD):    3.499ns
    Clock Pessimism Removal (CPR):    0.429ns
  Clock Net Delay (Source):      2.932ns (routing 1.282ns, distribution 1.650ns)
  Clock Net Delay (Destination): 3.298ns (routing 1.413ns, distribution 1.885ns)

    Location             Delay type                Incr(ns)  Path(ns)    Netlist Resource(s)
  -------------------------------------------------------------------    -------------------
                         (clock sys_clk rise edge)    0.000     0.000 r  
    AV33                                              0.000     0.000 r  clk (IN)
                         net (fo=0)                   0.000     0.000    clk_IBUF_inst/I
    AV33                 INBUF (Prop_INBUF_HPIOB_M_PAD_O)
                                                      0.256     0.256 r  clk_IBUF_inst/INBUF_INST/O
                         net (fo=1, routed)           0.000     0.256    clk_IBUF_inst/OUT
    AV33                 IBUFCTRL (Prop_IBUFCTRL_HPIOB_M_I_O)
                                                      0.000     0.256 r  clk_IBUF_inst/IBUFCTRL_INST/O
                         net (fo=1, routed)           0.287     0.543    clk_IBUF
    BUFGCE_X0Y26         BUFGCE (Prop_BUFCE_BUFGCE_I_O)
                                                      0.024     0.567 r  clk_IBUF_BUFG_inst/O
    X2Y6 (CLOCK_ROOT)    net (fo=134803, routed)      2.932     3.499    gen_cxl[0].u_cxl/clk
    SLR Crossing[0->1]   
    SLICE_X25Y476        FDRE                                         r  gen_cxl[0].u_cxl/cycle_counter_reg[27]/C
  -------------------------------------------------------------------    -------------------
    SLICE_X25Y476        FDRE (Prop_DFF_SLICEM_C_Q)
                                                      0.058     3.557 r  gen_cxl[0].u_cxl/cycle_counter_reg[27]/Q
                         net (fo=5, routed)           0.150     3.707    gen_cxl[0].u_cxl/cycle_counter_reg[27]
    SLICE_X27Y482        LUT4 (Prop_D6LUT_SLICEM_I0_O)
                                                      0.035     3.742 r  gen_cxl[0].u_cxl/read_latency_sum[31]_i_14/O
                         net (fo=1, routed)           0.020     3.762    gen_cxl[0].u_cxl/read_latency_sum[31]_i_14_n_0
    SLICE_X27Y482        CARRY8 (Prop_CARRY8_SLICEM_S[3]_O[3])
                                                      0.031     3.793 r  gen_cxl[0].u_cxl/read_latency_sum_reg[31]_i_1/O[3]
                         net (fo=1, routed)           0.010     3.803    gen_cxl[0].u_cxl/p_1_in[27]
    SLICE_X27Y482        FDRE                                         r  gen_cxl[0].u_cxl/read_latency_sum_reg[27]/D
  -------------------------------------------------------------------    -------------------

                         (clock sys_clk rise edge)    0.000     0.000 r  
    AV33                                              0.000     0.000 r  clk (IN)
                         net (fo=0)                   0.000     0.000    clk_IBUF_inst/I
    AV33                 INBUF (Prop_INBUF_HPIOB_M_PAD_O)
                                                      0.506     0.506 r  clk_IBUF_inst/INBUF_INST/O
                         net (fo=1, routed)           0.000     0.506    clk_IBUF_inst/OUT
    AV33                 IBUFCTRL (Prop_IBUFCTRL_HPIOB_M_I_O)
                                                      0.000     0.506 r  clk_IBUF_inst/IBUFCTRL_INST/O
                         net (fo=1, routed)           0.323     0.829    clk_IBUF
    BUFGCE_X0Y26         BUFGCE (Prop_BUFCE_BUFGCE_I_O)
                                                      0.028     0.857 r  clk_IBUF_BUFG_inst/O
    X2Y6 (CLOCK_ROOT)    net (fo=134803, routed)      3.298     4.155    gen_cxl[0].u_cxl/clk
    SLR Crossing[0->1]   
    SLICE_X27Y482        FDRE                                         r  gen_cxl[0].u_cxl/read_latency_sum_reg[27]/C
                         clock pessimism             -0.429     3.726    
    SLICE_X27Y482        FDRE (Hold_DFF_SLICEM_C_D)
                                                      0.060     3.786    gen_cxl[0].u_cxl/read_latency_sum_reg[27]
  -------------------------------------------------------------------
                         required time                         -3.786    
                         arrival time                           3.803    
  -------------------------------------------------------------------
                         slack                                  0.017    

Slack (MET) :             0.018ns  (arrival time - required time)
  Source:                 gen_cordic[2].u_cordic/pipe_reg[0][x][7]/C
                            (rising edge-triggered cell FDSE clocked by sys_clk  {rise@0.000ns fall@5.000ns period=10.000ns})
  Destination:            gen_cordic[2].u_cordic/stage_x_reg[0][7]/D
                            (rising edge-triggered cell FDRE clocked by sys_clk  {rise@0.000ns fall@5.000ns period=10.000ns})
  Path Group:             sys_clk
  Path Type:              Hold (Min at Slow Process Corner)
  Requirement:            0.000ns  (sys_clk rise@0.000ns - sys_clk rise@0.000ns)
  Data Path Delay:        0.126ns  (logic 0.060ns (47.619%)  route 0.066ns (52.381%))
  Logic Levels:           0  
  Clock Path Skew:        0.046ns (DCD - SCD - CPR)
    Destination Clock Delay (DCD):    4.058ns
    Source Clock Delay      (SCD):    3.430ns
    Clock Pessimism Removal (CPR):    0.582ns
  Clock Net Delay (Source):      2.863ns (routing 1.282ns, distribution 1.581ns)
  Clock Net Delay (Destination): 3.201ns (routing 1.413ns, distribution 1.788ns)

    Location             Delay type                Incr(ns)  Path(ns)    Netlist Resource(s)
  -------------------------------------------------------------------    -------------------
                         (clock sys_clk rise edge)    0.000     0.000 r  
    AV33                                              0.000     0.000 r  clk (IN)
                         net (fo=0)                   0.000     0.000    clk_IBUF_inst/I
    AV33                 INBUF (Prop_INBUF_HPIOB_M_PAD_O)
                                                      0.256     0.256 r  clk_IBUF_inst/INBUF_INST/O
                         net (fo=1, routed)           0.000     0.256    clk_IBUF_inst/OUT
    AV33                 IBUFCTRL (Prop_IBUFCTRL_HPIOB_M_I_O)
                                                      0.000     0.256 r  clk_IBUF_inst/IBUFCTRL_INST/O
                         net (fo=1, routed)           0.287     0.543    clk_IBUF
    BUFGCE_X0Y26         BUFGCE (Prop_BUFCE_BUFGCE_I_O)
                                                      0.024     0.567 r  clk_IBUF_BUFG_inst/O
    X2Y6 (CLOCK_ROOT)    net (fo=134803, routed)      2.863     3.430    gen_cordic[2].u_cordic/clk_IBUF_BUFG
    SLR Crossing[0->1]   
    SLICE_X28Y392        FDSE                                         r  gen_cordic[2].u_cordic/pipe_reg[0][x][7]/C
  -------------------------------------------------------------------    -------------------
    SLICE_X28Y392        FDSE (Prop_BFF2_SLICEL_C_Q)
                                                      0.060     3.490 r  gen_cordic[2].u_cordic/pipe_reg[0][x][7]/Q
                         net (fo=1, routed)           0.066     3.556    gen_cordic[2].u_cordic/pipe_reg[0][x][7]
    SLICE_X28Y393        FDRE                                         r  gen_cordic[2].u_cordic/stage_x_reg[0][7]/D
  -------------------------------------------------------------------    -------------------

                         (clock sys_clk rise edge)    0.000     0.000 r  
    AV33                                              0.000     0.000 r  clk (IN)
                         net (fo=0)                   0.000     0.000    clk_IBUF_inst/I
    AV33                 INBUF (Prop_INBUF_HPIOB_M_PAD_O)
                                                      0.506     0.506 r  clk_IBUF_inst/INBUF_INST/O
                         net (fo=1, routed)           0.000     0.506    clk_IBUF_inst/OUT
    AV33                 IBUFCTRL (Prop_IBUFCTRL_HPIOB_M_I_O)
                                                      0.000     0.506 r  clk_IBUF_inst/IBUFCTRL_INST/O
                         net (fo=1, routed)           0.323     0.829    clk_IBUF
    BUFGCE_X0Y26         BUFGCE (Prop_BUFCE_BUFGCE_I_O)
                                                      0.028     0.857 r  clk_IBUF_BUFG_inst/O
    X2Y6 (CLOCK_ROOT)    net (fo=134803, routed)      3.201     4.058    gen_cordic[2].u_cordic/clk_IBUF_BUFG
    SLR Crossing[0->1]   
    SLICE_X28Y393        FDRE                                         r  gen_cordic[2].u_cordic/stage_x_reg[0][7]/C
                         clock pessimism             -0.582     3.476    
    SLICE_X28Y393        FDRE (Hold_BFF2_SLICEL_C_D)
                                                      0.062     3.538    gen_cordic[2].u_cordic/stage_x_reg[0][7]
  -------------------------------------------------------------------
                         required time                         -3.538    
                         arrival time                           3.556    
  -------------------------------------------------------------------
                         slack                                  0.018    

Slack (MET) :             0.019ns  (arrival time - required time)
  Source:                 u_debug/req_data_reg[2]/C
                            (rising edge-triggered cell FDRE clocked by sys_clk  {rise@0.000ns fall@5.000ns period=10.000ns})
  Destination:            u_debug/progbuf_reg[0][2]/D
                            (rising edge-triggered cell FDCE clocked by sys_clk  {rise@0.000ns fall@5.000ns period=10.000ns})
  Path Group:             sys_clk
  Path Type:              Hold (Min at Slow Process Corner)
  Requirement:            0.000ns  (sys_clk rise@0.000ns - sys_clk rise@0.000ns)
  Data Path Delay:        0.187ns  (logic 0.061ns (32.635%)  route 0.126ns (67.365%))
  Logic Levels:           0  
  Clock Path Skew:        0.108ns (DCD - SCD - CPR)
    Destination Clock Delay (DCD):    3.899ns
    Source Clock Delay      (SCD):    3.274ns
    Clock Pessimism Removal (CPR):    0.516ns
  Clock Net Delay (Source):      2.708ns (routing 1.282ns, distribution 1.426ns)
  Clock Net Delay (Destination): 3.042ns (routing 1.413ns, distribution 1.629ns)

    Location             Delay type                Incr(ns)  Path(ns)    Netlist Resource(s)
  -------------------------------------------------------------------    -------------------
                         (clock sys_clk rise edge)    0.000     0.000 r  
    AV33                                              0.000     0.000 r  clk (IN)
                         net (fo=0)                   0.000     0.000    clk_IBUF_inst/I
    AV33                 INBUF (Prop_INBUF_HPIOB_M_PAD_O)
                                                      0.256     0.256 r  clk_IBUF_inst/INBUF_INST/O
                         net (fo=1, routed)           0.000     0.256    clk_IBUF_inst/OUT
    AV33                 IBUFCTRL (Prop_IBUFCTRL_HPIOB_M_I_O)
                                                      0.000     0.256 r  clk_IBUF_inst/IBUFCTRL_INST/O
                         net (fo=1, routed)           0.287     0.543    clk_IBUF
    BUFGCE_X0Y26         BUFGCE (Prop_BUFCE_BUFGCE_I_O)
                                                      0.024     0.567 r  clk_IBUF_BUFG_inst/O
    X2Y6 (CLOCK_ROOT)    net (fo=134803, routed)      2.708     3.274    u_debug/clk
    SLR Crossing[0->1]   
    SLICE_X55Y427        FDRE                                         r  u_debug/req_data_reg[2]/C
  -------------------------------------------------------------------    -------------------
    SLICE_X55Y427        FDRE (Prop_DFF2_SLICEL_C_Q)
                                                      0.061     3.335 r  u_debug/req_data_reg[2]/Q
                         net (fo=11, routed)          0.126     3.461    u_debug/req_data[2]
    SLICE_X56Y425        FDCE                                         r  u_debug/progbuf_reg[0][2]/D
  -------------------------------------------------------------------    -------------------

                         (clock sys_clk rise edge)    0.000     0.000 r  
    AV33                                              0.000     0.000 r  clk (IN)
                         net (fo=0)                   0.000     0.000    clk_IBUF_inst/I
    AV33                 INBUF (Prop_INBUF_HPIOB_M_PAD_O)
                                                      0.506     0.506 r  clk_IBUF_inst/INBUF_INST/O
                         net (fo=1, routed)           0.000     0.506    clk_IBUF_inst/OUT
    AV33                 IBUFCTRL (Prop_IBUFCTRL_HPIOB_M_I_O)
                                                      0.000     0.506 r  clk_IBUF_inst/IBUFCTRL_INST/O
                         net (fo=1, routed)           0.323     0.829    clk_IBUF
    BUFGCE_X0Y26         BUFGCE (Prop_BUFCE_BUFGCE_I_O)
                                                      0.028     0.857 r  clk_IBUF_BUFG_inst/O
    X2Y6 (CLOCK_ROOT)    net (fo=134803, routed)      3.042     3.899    u_debug/clk
    SLR Crossing[0->1]   
    SLICE_X56Y425        FDCE                                         r  u_debug/progbuf_reg[0][2]/C
                         clock pessimism             -0.516     3.383    
    SLICE_X56Y425        FDCE (Hold_GFF_SLICEM_C_D)
                                                      0.060     3.443    u_debug/progbuf_reg[0][2]
  -------------------------------------------------------------------
                         required time                         -3.443    
                         arrival time                           3.461    
  -------------------------------------------------------------------
                         slack                                  0.019    

Slack (MET) :             0.019ns  (arrival time - required time)
  Source:                 gen_dls_pairs[1].u_dls_pair/u_primary/if_id_pc_reg[33]/C
                            (rising edge-triggered cell FDRE clocked by sys_clk  {rise@0.000ns fall@5.000ns period=10.000ns})
  Destination:            gen_dls_pairs[1].u_dls_pair/u_primary/id_ex_pc_reg[33]/D
                            (rising edge-triggered cell FDRE clocked by sys_clk  {rise@0.000ns fall@5.000ns period=10.000ns})
  Path Group:             sys_clk
  Path Type:              Hold (Min at Slow Process Corner)
  Requirement:            0.000ns  (sys_clk rise@0.000ns - sys_clk rise@0.000ns)
  Data Path Delay:        0.128ns  (logic 0.059ns (46.094%)  route 0.069ns (53.906%))
  Logic Levels:           0  
  Clock Path Skew:        0.047ns (DCD - SCD - CPR)
    Destination Clock Delay (DCD):    4.214ns
    Source Clock Delay      (SCD):    3.574ns
    Clock Pessimism Removal (CPR):    0.592ns
  Clock Net Delay (Source):      3.008ns (routing 1.282ns, distribution 1.726ns)
  Clock Net Delay (Destination): 3.357ns (routing 1.413ns, distribution 1.944ns)

    Location             Delay type                Incr(ns)  Path(ns)    Netlist Resource(s)
  -------------------------------------------------------------------    -------------------
                         (clock sys_clk rise edge)    0.000     0.000 r  
    AV33                                              0.000     0.000 r  clk (IN)
                         net (fo=0)                   0.000     0.000    clk_IBUF_inst/I
    AV33                 INBUF (Prop_INBUF_HPIOB_M_PAD_O)
                                                      0.256     0.256 r  clk_IBUF_inst/INBUF_INST/O
                         net (fo=1, routed)           0.000     0.256    clk_IBUF_inst/OUT
    AV33                 IBUFCTRL (Prop_IBUFCTRL_HPIOB_M_I_O)
                                                      0.000     0.256 r  clk_IBUF_inst/IBUFCTRL_INST/O
                         net (fo=1, routed)           0.287     0.543    clk_IBUF
    BUFGCE_X0Y26         BUFGCE (Prop_BUFCE_BUFGCE_I_O)
                                                      0.024     0.567 r  clk_IBUF_BUFG_inst/O
    X2Y6 (CLOCK_ROOT)    net (fo=134803, routed)      3.008     3.574    gen_dls_pairs[1].u_dls_pair/u_primary/clk_IBUF_BUFG
    SLR Crossing[0->1]   
    SLICE_X140Y352       FDRE                                         r  gen_dls_pairs[1].u_dls_pair/u_primary/if_id_pc_reg[33]/C
  -------------------------------------------------------------------    -------------------
    SLICE_X140Y352       FDRE (Prop_EFF_SLICEL_C_Q)
                                                      0.059     3.633 r  gen_dls_pairs[1].u_dls_pair/u_primary/if_id_pc_reg[33]/Q
                         net (fo=1, routed)           0.069     3.702    gen_dls_pairs[1].u_dls_pair/u_primary/if_id_pc_reg_n_0_[33]
    SLICE_X140Y351       FDRE                                         r  gen_dls_pairs[1].u_dls_pair/u_primary/id_ex_pc_reg[33]/D
  -------------------------------------------------------------------    -------------------

                         (clock sys_clk rise edge)    0.000     0.000 r  
    AV33                                              0.000     0.000 r  clk (IN)
                         net (fo=0)                   0.000     0.000    clk_IBUF_inst/I
    AV33                 INBUF (Prop_INBUF_HPIOB_M_PAD_O)
                                                      0.506     0.506 r  clk_IBUF_inst/INBUF_INST/O
                         net (fo=1, routed)           0.000     0.506    clk_IBUF_inst/OUT
    AV33                 IBUFCTRL (Prop_IBUFCTRL_HPIOB_M_I_O)
                                                      0.000     0.506 r  clk_IBUF_inst/IBUFCTRL_INST/O
                         net (fo=1, routed)           0.323     0.829    clk_IBUF
    BUFGCE_X0Y26         BUFGCE (Prop_BUFCE_BUFGCE_I_O)
                                                      0.028     0.857 r  clk_IBUF_BUFG_inst/O
    X2Y6 (CLOCK_ROOT)    net (fo=134803, routed)      3.357     4.214    gen_dls_pairs[1].u_dls_pair/u_primary/clk_IBUF_BUFG
    SLR Crossing[0->1]   
    SLICE_X140Y351       FDRE                                         r  gen_dls_pairs[1].u_dls_pair/u_primary/id_ex_pc_reg[33]/C
                         clock pessimism             -0.592     3.621    
    SLICE_X140Y351       FDRE (Hold_GFF2_SLICEL_C_D)
                                                      0.062     3.683    gen_dls_pairs[1].u_dls_pair/u_primary/id_ex_pc_reg[33]
  -------------------------------------------------------------------
                         required time                         -3.683    
                         arrival time                           3.702    
  -------------------------------------------------------------------
                         slack                                  0.019    





Pulse Width Checks
--------------------------------------------------------------------------------------
Clock Name:         sys_clk
Waveform(ns):       { 0.000 5.000 }
Period(ns):         10.000
Sources:            { clk }

Check Type        Corner  Lib Pin             Reference Pin  Required(ns)  Actual(ns)  Slack(ns)  Location       Pin
Min Period        n/a     RAMB36E2/CLKARDCLK  n/a            1.569         10.000      8.431      RAMB36_X10Y93  gen_mem[0].data_ram_p_reg_0/CLKARDCLK
Min Period        n/a     RAMB36E2/CLKARDCLK  n/a            1.569         10.000      8.431      RAMB36_X10Y96  gen_mem[0].data_ram_p_reg_1/CLKARDCLK
Min Period        n/a     RAMB36E2/CLKARDCLK  n/a            1.569         10.000      8.431      RAMB36_X9Y57   gen_mem[1].data_ram_p_reg_0/CLKARDCLK
Min Period        n/a     RAMB36E2/CLKARDCLK  n/a            1.569         10.000      8.431      RAMB36_X10Y59  gen_mem[1].data_ram_p_reg_1/CLKARDCLK
Min Period        n/a     RAMB36E2/CLKARDCLK  n/a            1.569         10.000      8.431      RAMB36_X4Y87   gen_mem[2].data_ram_p_reg_0/CLKARDCLK
Min Period        n/a     RAMB36E2/CLKARDCLK  n/a            1.569         10.000      8.431      RAMB36_X4Y53   gen_mem[2].data_ram_p_reg_1/CLKARDCLK
Min Period        n/a     RAMB36E2/CLKARDCLK  n/a            1.569         10.000      8.431      RAMB36_X8Y84   gen_mem[3].data_ram_p_reg_0/CLKARDCLK
Min Period        n/a     RAMB36E2/CLKARDCLK  n/a            1.569         10.000      8.431      RAMB36_X10Y85  gen_mem[3].data_ram_p_reg_1/CLKARDCLK
Min Period        n/a     RAMB36E2/CLKARDCLK  n/a            1.569         10.000      8.431      RAMB36_X6Y87   u_l2_cache/gen_data_way[0].gen_data_bank[0].data_mem_bank_reg_bram_0/CLKARDCLK
Min Period        n/a     RAMB36E2/CLKARDCLK  n/a            1.569         10.000      8.431      RAMB36_X6Y88   u_l2_cache/gen_data_way[0].gen_data_bank[0].data_mem_bank_reg_bram_1/CLKARDCLK
Min Period        n/a     RAMB36E2/CLKARDCLK  n/a            1.569         10.000      8.431      RAMB36_X6Y89   u_l2_cache/gen_data_way[0].gen_data_bank[0].data_mem_bank_reg_bram_2/CLKARDCLK
Min Period        n/a     RAMB36E2/CLKARDCLK  n/a            1.569         10.000      8.431      RAMB36_X6Y90   u_l2_cache/gen_data_way[0].gen_data_bank[0].data_mem_bank_reg_bram_3/CLKARDCLK
Min Period        n/a     RAMB36E2/CLKARDCLK  n/a            1.569         10.000      8.431      RAMB36_X10Y98  u_l2_cache/gen_data_way[0].gen_data_bank[0].data_mem_bank_reg_bram_4/CLKARDCLK
Min Period        n/a     RAMB36E2/CLKARDCLK  n/a            1.569         10.000      8.431      RAMB36_X10Y99  u_l2_cache/gen_data_way[0].gen_data_bank[0].data_mem_bank_reg_bram_5/CLKARDCLK
Min Period        n/a     RAMB36E2/CLKARDCLK  n/a            1.569         10.000      8.431      RAMB36_X7Y108  u_l2_cache/gen_data_way[0].gen_data_bank[0].data_mem_bank_reg_bram_6/CLKARDCLK
Min Period        n/a     RAMB18E2/CLKARDCLK  n/a            1.569         10.000      8.431      RAMB18_X5Y280  u_l2_cache/gen_data_way[0].gen_data_bank[0].data_mem_bank_reg_bram_7/CLKARDCLK
Min Period        n/a     RAMB36E2/CLKARDCLK  n/a            1.569         10.000      8.431      RAMB36_X10Y77  u_l2_cache/gen_data_way[0].gen_data_bank[1].data_mem_bank_reg_bram_0/CLKARDCLK
Min Period        n/a     RAMB36E2/CLKARDCLK  n/a            1.569         10.000      8.431      RAMB36_X10Y78  u_l2_cache/gen_data_way[0].gen_data_bank[1].data_mem_bank_reg_bram_1/CLKARDCLK
Min Period        n/a     RAMB36E2/CLKARDCLK  n/a            1.569         10.000      8.431      RAMB36_X10Y79  u_l2_cache/gen_data_way[0].gen_data_bank[1].data_mem_bank_reg_bram_2/CLKARDCLK
Min Period        n/a     RAMB36E2/CLKARDCLK  n/a            1.569         10.000      8.431      RAMB36_X10Y80  u_l2_cache/gen_data_way[0].gen_data_bank[1].data_mem_bank_reg_bram_3/CLKARDCLK
Low Pulse Width   Slow    RAMB36E2/CLKARDCLK  n/a            0.542         5.000       4.458      RAMB36_X10Y93  gen_mem[0].data_ram_p_reg_0/CLKARDCLK
Low Pulse Width   Fast    RAMB36E2/CLKARDCLK  n/a            0.542         5.000       4.458      RAMB36_X10Y93  gen_mem[0].data_ram_p_reg_0/CLKARDCLK
Low Pulse Width   Slow    RAMB36E2/CLKBWRCLK  n/a            0.542         5.000       4.458      RAMB36_X10Y93  gen_mem[0].data_ram_p_reg_0/CLKBWRCLK
Low Pulse Width   Fast    RAMB36E2/CLKBWRCLK  n/a            0.542         5.000       4.458      RAMB36_X10Y93  gen_mem[0].data_ram_p_reg_0/CLKBWRCLK
Low Pulse Width   Slow    RAMB36E2/CLKARDCLK  n/a            0.542         5.000       4.458      RAMB36_X10Y96  gen_mem[0].data_ram_p_reg_1/CLKARDCLK
Low Pulse Width   Fast    RAMB36E2/CLKARDCLK  n/a            0.542         5.000       4.458      RAMB36_X10Y96  gen_mem[0].data_ram_p_reg_1/CLKARDCLK
Low Pulse Width   Slow    RAMB36E2/CLKBWRCLK  n/a            0.542         5.000       4.458      RAMB36_X10Y96  gen_mem[0].data_ram_p_reg_1/CLKBWRCLK
Low Pulse Width   Fast    RAMB36E2/CLKBWRCLK  n/a            0.542         5.000       4.458      RAMB36_X10Y96  gen_mem[0].data_ram_p_reg_1/CLKBWRCLK
Low Pulse Width   Slow    RAMB18E2/CLKARDCLK  n/a            0.542         5.000       4.458      RAMB18_X4Y226  gen_mem[0].dls_imem_data_reg[0]/CLKARDCLK
Low Pulse Width   Fast    RAMB18E2/CLKARDCLK  n/a            0.542         5.000       4.458      RAMB18_X4Y226  gen_mem[0].dls_imem_data_reg[0]/CLKARDCLK
Low Pulse Width   Slow    RAMB18E2/CLKBWRCLK  n/a            0.542         5.000       4.458      RAMB18_X4Y226  gen_mem[0].dls_imem_data_reg[0]/CLKBWRCLK
Low Pulse Width   Fast    RAMB18E2/CLKBWRCLK  n/a            0.542         5.000       4.458      RAMB18_X4Y226  gen_mem[0].dls_imem_data_reg[0]/CLKBWRCLK
Low Pulse Width   Slow    RAMB36E2/CLKARDCLK  n/a            0.542         5.000       4.458      RAMB36_X9Y57   gen_mem[1].data_ram_p_reg_0/CLKARDCLK
Low Pulse Width   Fast    RAMB36E2/CLKARDCLK  n/a            0.542         5.000       4.458      RAMB36_X9Y57   gen_mem[1].data_ram_p_reg_0/CLKARDCLK
Low Pulse Width   Slow    RAMB36E2/CLKBWRCLK  n/a            0.542         5.000       4.458      RAMB36_X9Y57   gen_mem[1].data_ram_p_reg_0/CLKBWRCLK
Low Pulse Width   Fast    RAMB36E2/CLKBWRCLK  n/a            0.542         5.000       4.458      RAMB36_X9Y57   gen_mem[1].data_ram_p_reg_0/CLKBWRCLK
Low Pulse Width   Slow    RAMB36E2/CLKARDCLK  n/a            0.542         5.000       4.458      RAMB36_X10Y59  gen_mem[1].data_ram_p_reg_1/CLKARDCLK
Low Pulse Width   Fast    RAMB36E2/CLKARDCLK  n/a            0.542         5.000       4.458      RAMB36_X10Y59  gen_mem[1].data_ram_p_reg_1/CLKARDCLK
Low Pulse Width   Slow    RAMB36E2/CLKBWRCLK  n/a            0.542         5.000       4.458      RAMB36_X10Y59  gen_mem[1].data_ram_p_reg_1/CLKBWRCLK
Low Pulse Width   Fast    RAMB36E2/CLKBWRCLK  n/a            0.542         5.000       4.458      RAMB36_X10Y59  gen_mem[1].data_ram_p_reg_1/CLKBWRCLK
High Pulse Width  Slow    RAMB36E2/CLKARDCLK  n/a            0.542         5.000       4.458      RAMB36_X10Y93  gen_mem[0].data_ram_p_reg_0/CLKARDCLK
High Pulse Width  Fast    RAMB36E2/CLKARDCLK  n/a            0.542         5.000       4.458      RAMB36_X10Y93  gen_mem[0].data_ram_p_reg_0/CLKARDCLK
High Pulse Width  Slow    RAMB36E2/CLKBWRCLK  n/a            0.542         5.000       4.458      RAMB36_X10Y93  gen_mem[0].data_ram_p_reg_0/CLKBWRCLK
High Pulse Width  Fast    RAMB36E2/CLKBWRCLK  n/a            0.542         5.000       4.458      RAMB36_X10Y93  gen_mem[0].data_ram_p_reg_0/CLKBWRCLK
High Pulse Width  Slow    RAMB36E2/CLKARDCLK  n/a            0.542         5.000       4.458      RAMB36_X10Y96  gen_mem[0].data_ram_p_reg_1/CLKARDCLK
High Pulse Width  Fast    RAMB36E2/CLKARDCLK  n/a            0.542         5.000       4.458      RAMB36_X10Y96  gen_mem[0].data_ram_p_reg_1/CLKARDCLK
High Pulse Width  Slow    RAMB36E2/CLKBWRCLK  n/a            0.542         5.000       4.458      RAMB36_X10Y96  gen_mem[0].data_ram_p_reg_1/CLKBWRCLK
High Pulse Width  Fast    RAMB36E2/CLKBWRCLK  n/a            0.542         5.000       4.458      RAMB36_X10Y96  gen_mem[0].data_ram_p_reg_1/CLKBWRCLK
High Pulse Width  Slow    RAMB18E2/CLKARDCLK  n/a            0.542         5.000       4.458      RAMB18_X4Y226  gen_mem[0].dls_imem_data_reg[0]/CLKARDCLK
High Pulse Width  Fast    RAMB18E2/CLKARDCLK  n/a            0.542         5.000       4.458      RAMB18_X4Y226  gen_mem[0].dls_imem_data_reg[0]/CLKARDCLK
High Pulse Width  Slow    RAMB18E2/CLKBWRCLK  n/a            0.542         5.000       4.458      RAMB18_X4Y226  gen_mem[0].dls_imem_data_reg[0]/CLKBWRCLK
High Pulse Width  Fast    RAMB18E2/CLKBWRCLK  n/a            0.542         5.000       4.458      RAMB18_X4Y226  gen_mem[0].dls_imem_data_reg[0]/CLKBWRCLK
High Pulse Width  Slow    RAMB36E2/CLKARDCLK  n/a            0.542         5.000       4.458      RAMB36_X9Y57   gen_mem[1].data_ram_p_reg_0/CLKARDCLK
High Pulse Width  Fast    RAMB36E2/CLKARDCLK  n/a            0.542         5.000       4.458      RAMB36_X9Y57   gen_mem[1].data_ram_p_reg_0/CLKARDCLK
High Pulse Width  Slow    RAMB36E2/CLKBWRCLK  n/a            0.542         5.000       4.458      RAMB36_X9Y57   gen_mem[1].data_ram_p_reg_0/CLKBWRCLK
High Pulse Width  Fast    RAMB36E2/CLKBWRCLK  n/a            0.542         5.000       4.458      RAMB36_X9Y57   gen_mem[1].data_ram_p_reg_0/CLKBWRCLK
High Pulse Width  Slow    RAMB36E2/CLKARDCLK  n/a            0.542         5.000       4.458      RAMB36_X10Y59  gen_mem[1].data_ram_p_reg_1/CLKARDCLK
High Pulse Width  Fast    RAMB36E2/CLKARDCLK  n/a            0.542         5.000       4.458      RAMB36_X10Y59  gen_mem[1].data_ram_p_reg_1/CLKARDCLK
High Pulse Width  Slow    RAMB36E2/CLKBWRCLK  n/a            0.542         5.000       4.458      RAMB36_X10Y59  gen_mem[1].data_ram_p_reg_1/CLKBWRCLK
High Pulse Width  Fast    RAMB36E2/CLKBWRCLK  n/a            0.542         5.000       4.458      RAMB36_X10Y59  gen_mem[1].data_ram_p_reg_1/CLKBWRCLK



---------------------------------------------------------------------------------------------------
Path Group:  **async_default**
From Clock:  sys_clk
  To Clock:  sys_clk

Setup :            0  Failing Endpoints,  Worst Slack        5.944ns,  Total Violation        0.000ns
Hold  :            0  Failing Endpoints,  Worst Slack        1.178ns,  Total Violation        0.000ns
---------------------------------------------------------------------------------------------------


Max Delay Paths
--------------------------------------------------------------------------------------
Slack (MET) :             5.944ns  (required time - arrival time)
  Source:                 gen_dls_pairs[1].u_dls_pair/FSM_onehot_dls_state_reg[3]/C
                            (rising edge-triggered cell FDCE clocked by sys_clk  {rise@0.000ns fall@5.000ns period=10.000ns})
  Destination:            gen_dls_pairs[1].u_dls_pair/u_primary/fpregfile_reg[9][59]/CLR
                            (recovery check against rising-edge clock sys_clk  {rise@0.000ns fall@5.000ns period=10.000ns})
  Path Group:             **async_default**
  Path Type:              Recovery (Max at Slow Process Corner)
  Requirement:            10.000ns  (sys_clk rise@10.000ns - sys_clk rise@0.000ns)
  Data Path Delay:        3.547ns  (logic 0.175ns (4.934%)  route 3.372ns (95.066%))
  Logic Levels:           2  (BUFGCE=1 LUT2=1)
  Clock Path Skew:        -0.408ns (DCD - SCD + CPR)
    Destination Clock Delay (DCD):    3.276ns = ( 13.276 - 10.000 ) 
    Source Clock Delay      (SCD):    4.202ns
    Clock Pessimism Removal (CPR):    0.518ns
  Clock Uncertainty:      0.035ns  ((TSJ^2 + TIJ^2)^1/2 + DJ) / 2 + PE
    Total System Jitter     (TSJ):    0.071ns
    Total Input Jitter      (TIJ):    0.000ns
    Discrete Jitter          (DJ):    0.000ns
    Phase Error              (PE):    0.000ns
  Clock Net Delay (Source):      3.345ns (routing 1.413ns, distribution 1.932ns)
  Clock Net Delay (Destination): 2.710ns (routing 1.282ns, distribution 1.428ns)

    Location             Delay type                Incr(ns)  Path(ns)    Netlist Resource(s)
  -------------------------------------------------------------------    -------------------
                         (clock sys_clk rise edge)    0.000     0.000 r  
    AV33                                              0.000     0.000 r  clk (IN)
                         net (fo=0)                   0.000     0.000    clk_IBUF_inst/I
    AV33                 INBUF (Prop_INBUF_HPIOB_M_PAD_O)
                                                      0.506     0.506 r  clk_IBUF_inst/INBUF_INST/O
                         net (fo=1, routed)           0.000     0.506    clk_IBUF_inst/OUT
    AV33                 IBUFCTRL (Prop_IBUFCTRL_HPIOB_M_I_O)
                                                      0.000     0.506 r  clk_IBUF_inst/IBUFCTRL_INST/O
                         net (fo=1, routed)           0.323     0.829    clk_IBUF
    BUFGCE_X0Y26         BUFGCE (Prop_BUFCE_BUFGCE_I_O)
                                                      0.028     0.857 r  clk_IBUF_BUFG_inst/O
    X2Y6 (CLOCK_ROOT)    net (fo=134803, routed)      3.345     4.202    gen_dls_pairs[1].u_dls_pair/clk_IBUF_BUFG
    SLR Crossing[0->1]   
    SLICE_X137Y356       FDCE                                         r  gen_dls_pairs[1].u_dls_pair/FSM_onehot_dls_state_reg[3]/C
  -------------------------------------------------------------------    -------------------
    SLICE_X137Y356       FDCE (Prop_FFF2_SLICEM_C_Q)
                                                      0.079     4.281 f  gen_dls_pairs[1].u_dls_pair/FSM_onehot_dls_state_reg[3]/Q
                         net (fo=3, routed)           0.190     4.470    gen_dls_pairs[1].u_dls_pair/u_shadow/gen_fpu.u_fpu/mem_wb_result_reg[63][0]
    SLICE_X137Y356       LUT2 (Prop_C5LUT_SLICEM_I1_O)
                                                      0.068     4.538 r  gen_dls_pairs[1].u_dls_pair/u_shadow/gen_fpu.u_fpu/mem_wb_result[63]_i_1__2/O
                         net (fo=24, routed)          1.777     6.315    gen_dls_pairs[1].u_dls_pair/u_shadow/gen_fpu.u_fpu/FSM_onehot_dls_state_reg[3]_bufg_place
    BUFGCE_X1Y158        BUFGCE (Prop_BUFCE_BUFGCE_I_O)
                                                      0.028     6.343 r  gen_dls_pairs[1].u_dls_pair/u_shadow/gen_fpu.u_fpu/mem_wb_result[63]_i_1__2_bufg_place/O
                         net (fo=8393, routed)        1.405     7.748    gen_dls_pairs[1].u_dls_pair/u_primary/FSM_onehot_dls_state_reg[3]
    SLICE_X82Y325        FDCE                                         f  gen_dls_pairs[1].u_dls_pair/u_primary/fpregfile_reg[9][59]/CLR  (IS_INVERTED)
  -------------------------------------------------------------------    -------------------

                         (clock sys_clk rise edge)   10.000    10.000 r  
    AV33                                              0.000    10.000 r  clk (IN)
                         net (fo=0)                   0.000    10.000    clk_IBUF_inst/I
    AV33                 INBUF (Prop_INBUF_HPIOB_M_PAD_O)
                                                      0.256    10.256 r  clk_IBUF_inst/INBUF_INST/O
                         net (fo=1, routed)           0.000    10.256    clk_IBUF_inst/OUT
    AV33                 IBUFCTRL (Prop_IBUFCTRL_HPIOB_M_I_O)
                                                      0.000    10.256 r  clk_IBUF_inst/IBUFCTRL_INST/O
                         net (fo=1, routed)           0.287    10.543    clk_IBUF
    BUFGCE_X0Y26         BUFGCE (Prop_BUFCE_BUFGCE_I_O)
                                                      0.024    10.567 r  clk_IBUF_BUFG_inst/O
    X2Y6 (CLOCK_ROOT)    net (fo=134803, routed)      2.710    13.276    gen_dls_pairs[1].u_dls_pair/u_primary/clk_IBUF_BUFG
    SLR Crossing[0->1]   
    SLICE_X82Y325        FDCE                                         r  gen_dls_pairs[1].u_dls_pair/u_primary/fpregfile_reg[9][59]/C
                         clock pessimism              0.518    13.794    
                         clock uncertainty           -0.035    13.759    
    SLICE_X82Y325        FDCE (Recov_DFF_SLICEL_C_CLR)
                                                     -0.066    13.693    gen_dls_pairs[1].u_dls_pair/u_primary/fpregfile_reg[9][59]
  -------------------------------------------------------------------
                         required time                         13.693    
                         arrival time                          -7.748    
  -------------------------------------------------------------------
                         slack                                  5.944    

Slack (MET) :             5.944ns  (required time - arrival time)
  Source:                 gen_dls_pairs[1].u_dls_pair/FSM_onehot_dls_state_reg[3]/C
                            (rising edge-triggered cell FDCE clocked by sys_clk  {rise@0.000ns fall@5.000ns period=10.000ns})
  Destination:            gen_dls_pairs[1].u_dls_pair/u_primary/fpregfile_reg[22][59]/CLR
                            (recovery check against rising-edge clock sys_clk  {rise@0.000ns fall@5.000ns period=10.000ns})
  Path Group:             **async_default**
  Path Type:              Recovery (Max at Slow Process Corner)
  Requirement:            10.000ns  (sys_clk rise@10.000ns - sys_clk rise@0.000ns)
  Data Path Delay:        3.544ns  (logic 0.175ns (4.938%)  route 3.369ns (95.062%))
  Logic Levels:           2  (BUFGCE=1 LUT2=1)
  Clock Path Skew:        -0.411ns (DCD - SCD + CPR)
    Destination Clock Delay (DCD):    3.273ns = ( 13.273 - 10.000 ) 
    Source Clock Delay      (SCD):    4.202ns
    Clock Pessimism Removal (CPR):    0.518ns
  Clock Uncertainty:      0.035ns  ((TSJ^2 + TIJ^2)^1/2 + DJ) / 2 + PE
    Total System Jitter     (TSJ):    0.071ns
    Total Input Jitter      (TIJ):    0.000ns
    Discrete Jitter          (DJ):    0.000ns
    Phase Error              (PE):    0.000ns
  Clock Net Delay (Source):      3.345ns (routing 1.413ns, distribution 1.932ns)
  Clock Net Delay (Destination): 2.707ns (routing 1.282ns, distribution 1.425ns)

    Location             Delay type                Incr(ns)  Path(ns)    Netlist Resource(s)
  -------------------------------------------------------------------    -------------------
                         (clock sys_clk rise edge)    0.000     0.000 r  
    AV33                                              0.000     0.000 r  clk (IN)
                         net (fo=0)                   0.000     0.000    clk_IBUF_inst/I
    AV33                 INBUF (Prop_INBUF_HPIOB_M_PAD_O)
                                                      0.506     0.506 r  clk_IBUF_inst/INBUF_INST/O
                         net (fo=1, routed)           0.000     0.506    clk_IBUF_inst/OUT
    AV33                 IBUFCTRL (Prop_IBUFCTRL_HPIOB_M_I_O)
                                                      0.000     0.506 r  clk_IBUF_inst/IBUFCTRL_INST/O
                         net (fo=1, routed)           0.323     0.829    clk_IBUF
    BUFGCE_X0Y26         BUFGCE (Prop_BUFCE_BUFGCE_I_O)
                                                      0.028     0.857 r  clk_IBUF_BUFG_inst/O
    X2Y6 (CLOCK_ROOT)    net (fo=134803, routed)      3.345     4.202    gen_dls_pairs[1].u_dls_pair/clk_IBUF_BUFG
    SLR Crossing[0->1]   
    SLICE_X137Y356       FDCE                                         r  gen_dls_pairs[1].u_dls_pair/FSM_onehot_dls_state_reg[3]/C
  -------------------------------------------------------------------    -------------------
    SLICE_X137Y356       FDCE (Prop_FFF2_SLICEM_C_Q)
                                                      0.079     4.281 f  gen_dls_pairs[1].u_dls_pair/FSM_onehot_dls_state_reg[3]/Q
                         net (fo=3, routed)           0.190     4.470    gen_dls_pairs[1].u_dls_pair/u_shadow/gen_fpu.u_fpu/mem_wb_result_reg[63][0]
    SLICE_X137Y356       LUT2 (Prop_C5LUT_SLICEM_I1_O)
                                                      0.068     4.538 r  gen_dls_pairs[1].u_dls_pair/u_shadow/gen_fpu.u_fpu/mem_wb_result[63]_i_1__2/O
                         net (fo=24, routed)          1.777     6.315    gen_dls_pairs[1].u_dls_pair/u_shadow/gen_fpu.u_fpu/FSM_onehot_dls_state_reg[3]_bufg_place
    BUFGCE_X1Y158        BUFGCE (Prop_BUFCE_BUFGCE_I_O)
                                                      0.028     6.343 r  gen_dls_pairs[1].u_dls_pair/u_shadow/gen_fpu.u_fpu/mem_wb_result[63]_i_1__2_bufg_place/O
                         net (fo=8393, routed)        1.402     7.745    gen_dls_pairs[1].u_dls_pair/u_primary/FSM_onehot_dls_state_reg[3]
    SLICE_X82Y327        FDCE                                         f  gen_dls_pairs[1].u_dls_pair/u_primary/fpregfile_reg[22][59]/CLR  (IS_INVERTED)
  -------------------------------------------------------------------    -------------------

                         (clock sys_clk rise edge)   10.000    10.000 r  
    AV33                                              0.000    10.000 r  clk (IN)
                         net (fo=0)                   0.000    10.000    clk_IBUF_inst/I
    AV33                 INBUF (Prop_INBUF_HPIOB_M_PAD_O)
                                                      0.256    10.256 r  clk_IBUF_inst/INBUF_INST/O
                         net (fo=1, routed)           0.000    10.256    clk_IBUF_inst/OUT
    AV33                 IBUFCTRL (Prop_IBUFCTRL_HPIOB_M_I_O)
                                                      0.000    10.256 r  clk_IBUF_inst/IBUFCTRL_INST/O
                         net (fo=1, routed)           0.287    10.543    clk_IBUF
    BUFGCE_X0Y26         BUFGCE (Prop_BUFCE_BUFGCE_I_O)
                                                      0.024    10.567 r  clk_IBUF_BUFG_inst/O
    X2Y6 (CLOCK_ROOT)    net (fo=134803, routed)      2.707    13.273    gen_dls_pairs[1].u_dls_pair/u_primary/clk_IBUF_BUFG
    SLR Crossing[0->1]   
    SLICE_X82Y327        FDCE                                         r  gen_dls_pairs[1].u_dls_pair/u_primary/fpregfile_reg[22][59]/C
                         clock pessimism              0.518    13.791    
                         clock uncertainty           -0.035    13.756    
    SLICE_X82Y327        FDCE (Recov_DFF_SLICEL_C_CLR)
                                                     -0.066    13.690    gen_dls_pairs[1].u_dls_pair/u_primary/fpregfile_reg[22][59]
  -------------------------------------------------------------------
                         required time                         13.690    
                         arrival time                          -7.745    
  -------------------------------------------------------------------
                         slack                                  5.944    

Slack (MET) :             5.947ns  (required time - arrival time)
  Source:                 gen_dls_pairs[1].u_dls_pair/FSM_onehot_dls_state_reg[3]/C
                            (rising edge-triggered cell FDCE clocked by sys_clk  {rise@0.000ns fall@5.000ns period=10.000ns})
  Destination:            gen_dls_pairs[1].u_dls_pair/u_primary/fpregfile_reg[18][61]/CLR
                            (recovery check against rising-edge clock sys_clk  {rise@0.000ns fall@5.000ns period=10.000ns})
  Path Group:             **async_default**
  Path Type:              Recovery (Max at Slow Process Corner)
  Requirement:            10.000ns  (sys_clk rise@10.000ns - sys_clk rise@0.000ns)
  Data Path Delay:        3.546ns  (logic 0.175ns (4.935%)  route 3.371ns (95.065%))
  Logic Levels:           2  (BUFGCE=1 LUT2=1)
  Clock Path Skew:        -0.406ns (DCD - SCD + CPR)
    Destination Clock Delay (DCD):    3.278ns = ( 13.278 - 10.000 ) 
    Source Clock Delay      (SCD):    4.202ns
    Clock Pessimism Removal (CPR):    0.518ns
  Clock Uncertainty:      0.035ns  ((TSJ^2 + TIJ^2)^1/2 + DJ) / 2 + PE
    Total System Jitter     (TSJ):    0.071ns
    Total Input Jitter      (TIJ):    0.000ns
    Discrete Jitter          (DJ):    0.000ns
    Phase Error              (PE):    0.000ns
  Clock Net Delay (Source):      3.345ns (routing 1.413ns, distribution 1.932ns)
  Clock Net Delay (Destination): 2.712ns (routing 1.282ns, distribution 1.430ns)

    Location             Delay type                Incr(ns)  Path(ns)    Netlist Resource(s)
  -------------------------------------------------------------------    -------------------
                         (clock sys_clk rise edge)    0.000     0.000 r  
    AV33                                              0.000     0.000 r  clk (IN)
                         net (fo=0)                   0.000     0.000    clk_IBUF_inst/I
    AV33                 INBUF (Prop_INBUF_HPIOB_M_PAD_O)
                                                      0.506     0.506 r  clk_IBUF_inst/INBUF_INST/O
                         net (fo=1, routed)           0.000     0.506    clk_IBUF_inst/OUT
    AV33                 IBUFCTRL (Prop_IBUFCTRL_HPIOB_M_I_O)
                                                      0.000     0.506 r  clk_IBUF_inst/IBUFCTRL_INST/O
                         net (fo=1, routed)           0.323     0.829    clk_IBUF
    BUFGCE_X0Y26         BUFGCE (Prop_BUFCE_BUFGCE_I_O)
                                                      0.028     0.857 r  clk_IBUF_BUFG_inst/O
    X2Y6 (CLOCK_ROOT)    net (fo=134803, routed)      3.345     4.202    gen_dls_pairs[1].u_dls_pair/clk_IBUF_BUFG
    SLR Crossing[0->1]   
    SLICE_X137Y356       FDCE                                         r  gen_dls_pairs[1].u_dls_pair/FSM_onehot_dls_state_reg[3]/C
  -------------------------------------------------------------------    -------------------
    SLICE_X137Y356       FDCE (Prop_FFF2_SLICEM_C_Q)
                                                      0.079     4.281 f  gen_dls_pairs[1].u_dls_pair/FSM_onehot_dls_state_reg[3]/Q
                         net (fo=3, routed)           0.190     4.470    gen_dls_pairs[1].u_dls_pair/u_shadow/gen_fpu.u_fpu/mem_wb_result_reg[63][0]
    SLICE_X137Y356       LUT2 (Prop_C5LUT_SLICEM_I1_O)
                                                      0.068     4.538 r  gen_dls_pairs[1].u_dls_pair/u_shadow/gen_fpu.u_fpu/mem_wb_result[63]_i_1__2/O
                         net (fo=24, routed)          1.777     6.315    gen_dls_pairs[1].u_dls_pair/u_shadow/gen_fpu.u_fpu/FSM_onehot_dls_state_reg[3]_bufg_place
    BUFGCE_X1Y158        BUFGCE (Prop_BUFCE_BUFGCE_I_O)
                                                      0.028     6.343 r  gen_dls_pairs[1].u_dls_pair/u_shadow/gen_fpu.u_fpu/mem_wb_result[63]_i_1__2_bufg_place/O
                         net (fo=8393, routed)        1.404     7.747    gen_dls_pairs[1].u_dls_pair/u_primary/FSM_onehot_dls_state_reg[3]
    SLICE_X82Y325        FDCE                                         f  gen_dls_pairs[1].u_dls_pair/u_primary/fpregfile_reg[18][61]/CLR  (IS_INVERTED)
  -------------------------------------------------------------------    -------------------

                         (clock sys_clk rise edge)   10.000    10.000 r  
    AV33                                              0.000    10.000 r  clk (IN)
                         net (fo=0)                   0.000    10.000    clk_IBUF_inst/I
    AV33                 INBUF (Prop_INBUF_HPIOB_M_PAD_O)
                                                      0.256    10.256 r  clk_IBUF_inst/INBUF_INST/O
                         net (fo=1, routed)           0.000    10.256    clk_IBUF_inst/OUT
    AV33                 IBUFCTRL (Prop_IBUFCTRL_HPIOB_M_I_O)
                                                      0.000    10.256 r  clk_IBUF_inst/IBUFCTRL_INST/O
                         net (fo=1, routed)           0.287    10.543    clk_IBUF
    BUFGCE_X0Y26         BUFGCE (Prop_BUFCE_BUFGCE_I_O)
                                                      0.024    10.567 r  clk_IBUF_BUFG_inst/O
    X2Y6 (CLOCK_ROOT)    net (fo=134803, routed)      2.712    13.278    gen_dls_pairs[1].u_dls_pair/u_primary/clk_IBUF_BUFG
    SLR Crossing[0->1]   
    SLICE_X82Y325        FDCE                                         r  gen_dls_pairs[1].u_dls_pair/u_primary/fpregfile_reg[18][61]/C
                         clock pessimism              0.518    13.796    
                         clock uncertainty           -0.035    13.761    
    SLICE_X82Y325        FDCE (Recov_HFF_SLICEL_C_CLR)
                                                     -0.066    13.695    gen_dls_pairs[1].u_dls_pair/u_primary/fpregfile_reg[18][61]
  -------------------------------------------------------------------
                         required time                         13.695    
                         arrival time                          -7.747    
  -------------------------------------------------------------------
                         slack                                  5.947    

Slack (MET) :             5.947ns  (required time - arrival time)
  Source:                 gen_dls_pairs[1].u_dls_pair/FSM_onehot_dls_state_reg[3]/C
                            (rising edge-triggered cell FDCE clocked by sys_clk  {rise@0.000ns fall@5.000ns period=10.000ns})
  Destination:            gen_dls_pairs[1].u_dls_pair/u_primary/fpregfile_reg[20][59]/CLR
                            (recovery check against rising-edge clock sys_clk  {rise@0.000ns fall@5.000ns period=10.000ns})
  Path Group:             **async_default**
  Path Type:              Recovery (Max at Slow Process Corner)
  Requirement:            10.000ns  (sys_clk rise@10.000ns - sys_clk rise@0.000ns)
  Data Path Delay:        3.543ns  (logic 0.175ns (4.940%)  route 3.368ns (95.060%))
  Logic Levels:           2  (BUFGCE=1 LUT2=1)
  Clock Path Skew:        -0.409ns (DCD - SCD + CPR)
    Destination Clock Delay (DCD):    3.275ns = ( 13.275 - 10.000 ) 
    Source Clock Delay      (SCD):    4.202ns
    Clock Pessimism Removal (CPR):    0.518ns
  Clock Uncertainty:      0.035ns  ((TSJ^2 + TIJ^2)^1/2 + DJ) / 2 + PE
    Total System Jitter     (TSJ):    0.071ns
    Total Input Jitter      (TIJ):    0.000ns
    Discrete Jitter          (DJ):    0.000ns
    Phase Error              (PE):    0.000ns
  Clock Net Delay (Source):      3.345ns (routing 1.413ns, distribution 1.932ns)
  Clock Net Delay (Destination): 2.709ns (routing 1.282ns, distribution 1.427ns)

    Location             Delay type                Incr(ns)  Path(ns)    Netlist Resource(s)
  -------------------------------------------------------------------    -------------------
                         (clock sys_clk rise edge)    0.000     0.000 r  
    AV33                                              0.000     0.000 r  clk (IN)
                         net (fo=0)                   0.000     0.000    clk_IBUF_inst/I
    AV33                 INBUF (Prop_INBUF_HPIOB_M_PAD_O)
                                                      0.506     0.506 r  clk_IBUF_inst/INBUF_INST/O
                         net (fo=1, routed)           0.000     0.506    clk_IBUF_inst/OUT
    AV33                 IBUFCTRL (Prop_IBUFCTRL_HPIOB_M_I_O)
                                                      0.000     0.506 r  clk_IBUF_inst/IBUFCTRL_INST/O
                         net (fo=1, routed)           0.323     0.829    clk_IBUF
    BUFGCE_X0Y26         BUFGCE (Prop_BUFCE_BUFGCE_I_O)
                                                      0.028     0.857 r  clk_IBUF_BUFG_inst/O
    X2Y6 (CLOCK_ROOT)    net (fo=134803, routed)      3.345     4.202    gen_dls_pairs[1].u_dls_pair/clk_IBUF_BUFG
    SLR Crossing[0->1]   
    SLICE_X137Y356       FDCE                                         r  gen_dls_pairs[1].u_dls_pair/FSM_onehot_dls_state_reg[3]/C
  -------------------------------------------------------------------    -------------------
    SLICE_X137Y356       FDCE (Prop_FFF2_SLICEM_C_Q)
                                                      0.079     4.281 f  gen_dls_pairs[1].u_dls_pair/FSM_onehot_dls_state_reg[3]/Q
                         net (fo=3, routed)           0.190     4.470    gen_dls_pairs[1].u_dls_pair/u_shadow/gen_fpu.u_fpu/mem_wb_result_reg[63][0]
    SLICE_X137Y356       LUT2 (Prop_C5LUT_SLICEM_I1_O)
                                                      0.068     4.538 r  gen_dls_pairs[1].u_dls_pair/u_shadow/gen_fpu.u_fpu/mem_wb_result[63]_i_1__2/O
                         net (fo=24, routed)          1.777     6.315    gen_dls_pairs[1].u_dls_pair/u_shadow/gen_fpu.u_fpu/FSM_onehot_dls_state_reg[3]_bufg_place
    BUFGCE_X1Y158        BUFGCE (Prop_BUFCE_BUFGCE_I_O)
                                                      0.028     6.343 r  gen_dls_pairs[1].u_dls_pair/u_shadow/gen_fpu.u_fpu/mem_wb_result[63]_i_1__2_bufg_place/O
                         net (fo=8393, routed)        1.401     7.744    gen_dls_pairs[1].u_dls_pair/u_primary/FSM_onehot_dls_state_reg[3]
    SLICE_X82Y327        FDCE                                         f  gen_dls_pairs[1].u_dls_pair/u_primary/fpregfile_reg[20][59]/CLR  (IS_INVERTED)
  -------------------------------------------------------------------    -------------------

                         (clock sys_clk rise edge)   10.000    10.000 r  
    AV33                                              0.000    10.000 r  clk (IN)
                         net (fo=0)                   0.000    10.000    clk_IBUF_inst/I
    AV33                 INBUF (Prop_INBUF_HPIOB_M_PAD_O)
                                                      0.256    10.256 r  clk_IBUF_inst/INBUF_INST/O
                         net (fo=1, routed)           0.000    10.256    clk_IBUF_inst/OUT
    AV33                 IBUFCTRL (Prop_IBUFCTRL_HPIOB_M_I_O)
                                                      0.000    10.256 r  clk_IBUF_inst/IBUFCTRL_INST/O
                         net (fo=1, routed)           0.287    10.543    clk_IBUF
    BUFGCE_X0Y26         BUFGCE (Prop_BUFCE_BUFGCE_I_O)
                                                      0.024    10.567 r  clk_IBUF_BUFG_inst/O
    X2Y6 (CLOCK_ROOT)    net (fo=134803, routed)      2.709    13.275    gen_dls_pairs[1].u_dls_pair/u_primary/clk_IBUF_BUFG
    SLR Crossing[0->1]   
    SLICE_X82Y327        FDCE                                         r  gen_dls_pairs[1].u_dls_pair/u_primary/fpregfile_reg[20][59]/C
                         clock pessimism              0.518    13.793    
                         clock uncertainty           -0.035    13.758    
    SLICE_X82Y327        FDCE (Recov_HFF_SLICEL_C_CLR)
                                                     -0.066    13.692    gen_dls_pairs[1].u_dls_pair/u_primary/fpregfile_reg[20][59]
  -------------------------------------------------------------------
                         required time                         13.692    
                         arrival time                          -7.744    
  -------------------------------------------------------------------
                         slack                                  5.947    

Slack (MET) :             5.948ns  (required time - arrival time)
  Source:                 gen_dls_pairs[1].u_dls_pair/FSM_onehot_dls_state_reg[3]/C
                            (rising edge-triggered cell FDCE clocked by sys_clk  {rise@0.000ns fall@5.000ns period=10.000ns})
  Destination:            gen_dls_pairs[1].u_dls_pair/u_primary/fpregfile_reg[17][38]/CLR
                            (recovery check against rising-edge clock sys_clk  {rise@0.000ns fall@5.000ns period=10.000ns})
  Path Group:             **async_default**
  Path Type:              Recovery (Max at Slow Process Corner)
  Requirement:            10.000ns  (sys_clk rise@10.000ns - sys_clk rise@0.000ns)
  Data Path Delay:        3.567ns  (logic 0.175ns (4.906%)  route 3.392ns (95.094%))
  Logic Levels:           2  (BUFGCE=1 LUT2=1)
  Clock Path Skew:        -0.384ns (DCD - SCD + CPR)
    Destination Clock Delay (DCD):    3.301ns = ( 13.301 - 10.000 ) 
    Source Clock Delay      (SCD):    4.202ns
    Clock Pessimism Removal (CPR):    0.517ns
  Clock Uncertainty:      0.035ns  ((TSJ^2 + TIJ^2)^1/2 + DJ) / 2 + PE
    Total System Jitter     (TSJ):    0.071ns
    Total Input Jitter      (TIJ):    0.000ns
    Discrete Jitter          (DJ):    0.000ns
    Phase Error              (PE):    0.000ns
  Clock Net Delay (Source):      3.345ns (routing 1.413ns, distribution 1.932ns)
  Clock Net Delay (Destination): 2.734ns (routing 1.282ns, distribution 1.452ns)

    Location             Delay type                Incr(ns)  Path(ns)    Netlist Resource(s)
  -------------------------------------------------------------------    -------------------
                         (clock sys_clk rise edge)    0.000     0.000 r  
    AV33                                              0.000     0.000 r  clk (IN)
                         net (fo=0)                   0.000     0.000    clk_IBUF_inst/I
    AV33                 INBUF (Prop_INBUF_HPIOB_M_PAD_O)
                                                      0.506     0.506 r  clk_IBUF_inst/INBUF_INST/O
                         net (fo=1, routed)           0.000     0.506    clk_IBUF_inst/OUT
    AV33                 IBUFCTRL (Prop_IBUFCTRL_HPIOB_M_I_O)
                                                      0.000     0.506 r  clk_IBUF_inst/IBUFCTRL_INST/O
                         net (fo=1, routed)           0.323     0.829    clk_IBUF
    BUFGCE_X0Y26         BUFGCE (Prop_BUFCE_BUFGCE_I_O)
                                                      0.028     0.857 r  clk_IBUF_BUFG_inst/O
    X2Y6 (CLOCK_ROOT)    net (fo=134803, routed)      3.345     4.202    gen_dls_pairs[1].u_dls_pair/clk_IBUF_BUFG
    SLR Crossing[0->1]   
    SLICE_X137Y356       FDCE                                         r  gen_dls_pairs[1].u_dls_pair/FSM_onehot_dls_state_reg[3]/C
  -------------------------------------------------------------------    -------------------
    SLICE_X137Y356       FDCE (Prop_FFF2_SLICEM_C_Q)
                                                      0.079     4.281 f  gen_dls_pairs[1].u_dls_pair/FSM_onehot_dls_state_reg[3]/Q
                         net (fo=3, routed)           0.190     4.470    gen_dls_pairs[1].u_dls_pair/u_shadow/gen_fpu.u_fpu/mem_wb_result_reg[63][0]
    SLICE_X137Y356       LUT2 (Prop_C5LUT_SLICEM_I1_O)
                                                      0.068     4.538 r  gen_dls_pairs[1].u_dls_pair/u_shadow/gen_fpu.u_fpu/mem_wb_result[63]_i_1__2/O
                         net (fo=24, routed)          1.777     6.315    gen_dls_pairs[1].u_dls_pair/u_shadow/gen_fpu.u_fpu/FSM_onehot_dls_state_reg[3]_bufg_place
    BUFGCE_X1Y158        BUFGCE (Prop_BUFCE_BUFGCE_I_O)
                                                      0.028     6.343 r  gen_dls_pairs[1].u_dls_pair/u_shadow/gen_fpu.u_fpu/mem_wb_result[63]_i_1__2_bufg_place/O
                         net (fo=8393, routed)        1.425     7.768    gen_dls_pairs[1].u_dls_pair/u_primary/FSM_onehot_dls_state_reg[3]
    SLICE_X84Y320        FDCE                                         f  gen_dls_pairs[1].u_dls_pair/u_primary/fpregfile_reg[17][38]/CLR  (IS_INVERTED)
  -------------------------------------------------------------------    -------------------

                         (clock sys_clk rise edge)   10.000    10.000 r  
    AV33                                              0.000    10.000 r  clk (IN)
                         net (fo=0)                   0.000    10.000    clk_IBUF_inst/I
    AV33                 INBUF (Prop_INBUF_HPIOB_M_PAD_O)
                                                      0.256    10.256 r  clk_IBUF_inst/INBUF_INST/O
                         net (fo=1, routed)           0.000    10.256    clk_IBUF_inst/OUT
    AV33                 IBUFCTRL (Prop_IBUFCTRL_HPIOB_M_I_O)
                                                      0.000    10.256 r  clk_IBUF_inst/IBUFCTRL_INST/O
                         net (fo=1, routed)           0.287    10.543    clk_IBUF
    BUFGCE_X0Y26         BUFGCE (Prop_BUFCE_BUFGCE_I_O)
                                                      0.024    10.567 r  clk_IBUF_BUFG_inst/O
    X2Y6 (CLOCK_ROOT)    net (fo=134803, routed)      2.734    13.301    gen_dls_pairs[1].u_dls_pair/u_primary/clk_IBUF_BUFG
    SLR Crossing[0->1]   
    SLICE_X84Y320        FDCE                                         r  gen_dls_pairs[1].u_dls_pair/u_primary/fpregfile_reg[17][38]/C
                         clock pessimism              0.517    13.818    
                         clock uncertainty           -0.035    13.783    
    SLICE_X84Y320        FDCE (Recov_BFF_SLICEM_C_CLR)
                                                     -0.066    13.717    gen_dls_pairs[1].u_dls_pair/u_primary/fpregfile_reg[17][38]
  -------------------------------------------------------------------
                         required time                         13.717    
                         arrival time                          -7.768    
  -------------------------------------------------------------------
                         slack                                  5.948    

Slack (MET) :             5.948ns  (required time - arrival time)
  Source:                 gen_dls_pairs[1].u_dls_pair/FSM_onehot_dls_state_reg[3]/C
                            (rising edge-triggered cell FDCE clocked by sys_clk  {rise@0.000ns fall@5.000ns period=10.000ns})
  Destination:            gen_dls_pairs[1].u_dls_pair/u_primary/fpregfile_reg[17][39]/CLR
                            (recovery check against rising-edge clock sys_clk  {rise@0.000ns fall@5.000ns period=10.000ns})
  Path Group:             **async_default**
  Path Type:              Recovery (Max at Slow Process Corner)
  Requirement:            10.000ns  (sys_clk rise@10.000ns - sys_clk rise@0.000ns)
  Data Path Delay:        3.567ns  (logic 0.175ns (4.906%)  route 3.392ns (95.094%))
  Logic Levels:           2  (BUFGCE=1 LUT2=1)
  Clock Path Skew:        -0.384ns (DCD - SCD + CPR)
    Destination Clock Delay (DCD):    3.301ns = ( 13.301 - 10.000 ) 
    Source Clock Delay      (SCD):    4.202ns
    Clock Pessimism Removal (CPR):    0.517ns
  Clock Uncertainty:      0.035ns  ((TSJ^2 + TIJ^2)^1/2 + DJ) / 2 + PE
    Total System Jitter     (TSJ):    0.071ns
    Total Input Jitter      (TIJ):    0.000ns
    Discrete Jitter          (DJ):    0.000ns
    Phase Error              (PE):    0.000ns
  Clock Net Delay (Source):      3.345ns (routing 1.413ns, distribution 1.932ns)
  Clock Net Delay (Destination): 2.734ns (routing 1.282ns, distribution 1.452ns)

    Location             Delay type                Incr(ns)  Path(ns)    Netlist Resource(s)
  -------------------------------------------------------------------    -------------------
                         (clock sys_clk rise edge)    0.000     0.000 r  
    AV33                                              0.000     0.000 r  clk (IN)
                         net (fo=0)                   0.000     0.000    clk_IBUF_inst/I
    AV33                 INBUF (Prop_INBUF_HPIOB_M_PAD_O)
                                                      0.506     0.506 r  clk_IBUF_inst/INBUF_INST/O
                         net (fo=1, routed)           0.000     0.506    clk_IBUF_inst/OUT
    AV33                 IBUFCTRL (Prop_IBUFCTRL_HPIOB_M_I_O)
                                                      0.000     0.506 r  clk_IBUF_inst/IBUFCTRL_INST/O
                         net (fo=1, routed)           0.323     0.829    clk_IBUF
    BUFGCE_X0Y26         BUFGCE (Prop_BUFCE_BUFGCE_I_O)
                                                      0.028     0.857 r  clk_IBUF_BUFG_inst/O
    X2Y6 (CLOCK_ROOT)    net (fo=134803, routed)      3.345     4.202    gen_dls_pairs[1].u_dls_pair/clk_IBUF_BUFG
    SLR Crossing[0->1]   
    SLICE_X137Y356       FDCE                                         r  gen_dls_pairs[1].u_dls_pair/FSM_onehot_dls_state_reg[3]/C
  -------------------------------------------------------------------    -------------------
    SLICE_X137Y356       FDCE (Prop_FFF2_SLICEM_C_Q)
                                                      0.079     4.281 f  gen_dls_pairs[1].u_dls_pair/FSM_onehot_dls_state_reg[3]/Q
                         net (fo=3, routed)           0.190     4.470    gen_dls_pairs[1].u_dls_pair/u_shadow/gen_fpu.u_fpu/mem_wb_result_reg[63][0]
    SLICE_X137Y356       LUT2 (Prop_C5LUT_SLICEM_I1_O)
                                                      0.068     4.538 r  gen_dls_pairs[1].u_dls_pair/u_shadow/gen_fpu.u_fpu/mem_wb_result[63]_i_1__2/O
                         net (fo=24, routed)          1.777     6.315    gen_dls_pairs[1].u_dls_pair/u_shadow/gen_fpu.u_fpu/FSM_onehot_dls_state_reg[3]_bufg_place
    BUFGCE_X1Y158        BUFGCE (Prop_BUFCE_BUFGCE_I_O)
                                                      0.028     6.343 r  gen_dls_pairs[1].u_dls_pair/u_shadow/gen_fpu.u_fpu/mem_wb_result[63]_i_1__2_bufg_place/O
                         net (fo=8393, routed)        1.425     7.768    gen_dls_pairs[1].u_dls_pair/u_primary/FSM_onehot_dls_state_reg[3]
    SLICE_X84Y320        FDCE                                         f  gen_dls_pairs[1].u_dls_pair/u_primary/fpregfile_reg[17][39]/CLR  (IS_INVERTED)
  -------------------------------------------------------------------    -------------------

                         (clock sys_clk rise edge)   10.000    10.000 r  
    AV33                                              0.000    10.000 r  clk (IN)
                         net (fo=0)                   0.000    10.000    clk_IBUF_inst/I
    AV33                 INBUF (Prop_INBUF_HPIOB_M_PAD_O)
                                                      0.256    10.256 r  clk_IBUF_inst/INBUF_INST/O
                         net (fo=1, routed)           0.000    10.256    clk_IBUF_inst/OUT
    AV33                 IBUFCTRL (Prop_IBUFCTRL_HPIOB_M_I_O)
                                                      0.000    10.256 r  clk_IBUF_inst/IBUFCTRL_INST/O
                         net (fo=1, routed)           0.287    10.543    clk_IBUF
    BUFGCE_X0Y26         BUFGCE (Prop_BUFCE_BUFGCE_I_O)
                                                      0.024    10.567 r  clk_IBUF_BUFG_inst/O
    X2Y6 (CLOCK_ROOT)    net (fo=134803, routed)      2.734    13.301    gen_dls_pairs[1].u_dls_pair/u_primary/clk_IBUF_BUFG
    SLR Crossing[0->1]   
    SLICE_X84Y320        FDCE                                         r  gen_dls_pairs[1].u_dls_pair/u_primary/fpregfile_reg[17][39]/C
                         clock pessimism              0.517    13.818    
                         clock uncertainty           -0.035    13.783    
    SLICE_X84Y320        FDCE (Recov_AFF_SLICEM_C_CLR)
                                                     -0.066    13.717    gen_dls_pairs[1].u_dls_pair/u_primary/fpregfile_reg[17][39]
  -------------------------------------------------------------------
                         required time                         13.717    
                         arrival time                          -7.768    
  -------------------------------------------------------------------
                         slack                                  5.948    

Slack (MET) :             5.948ns  (required time - arrival time)
  Source:                 gen_dls_pairs[1].u_dls_pair/FSM_onehot_dls_state_reg[3]/C
                            (rising edge-triggered cell FDCE clocked by sys_clk  {rise@0.000ns fall@5.000ns period=10.000ns})
  Destination:            gen_dls_pairs[1].u_dls_pair/u_primary/fpregfile_reg[14][36]/CLR
                            (recovery check against rising-edge clock sys_clk  {rise@0.000ns fall@5.000ns period=10.000ns})
  Path Group:             **async_default**
  Path Type:              Recovery (Max at Slow Process Corner)
  Requirement:            10.000ns  (sys_clk rise@10.000ns - sys_clk rise@0.000ns)
  Data Path Delay:        3.566ns  (logic 0.175ns (4.908%)  route 3.391ns (95.092%))
  Logic Levels:           2  (BUFGCE=1 LUT2=1)
  Clock Path Skew:        -0.385ns (DCD - SCD + CPR)
    Destination Clock Delay (DCD):    3.300ns = ( 13.300 - 10.000 ) 
    Source Clock Delay      (SCD):    4.202ns
    Clock Pessimism Removal (CPR):    0.517ns
  Clock Uncertainty:      0.035ns  ((TSJ^2 + TIJ^2)^1/2 + DJ) / 2 + PE
    Total System Jitter     (TSJ):    0.071ns
    Total Input Jitter      (TIJ):    0.000ns
    Discrete Jitter          (DJ):    0.000ns
    Phase Error              (PE):    0.000ns
  Clock Net Delay (Source):      3.345ns (routing 1.413ns, distribution 1.932ns)
  Clock Net Delay (Destination): 2.733ns (routing 1.282ns, distribution 1.451ns)

    Location             Delay type                Incr(ns)  Path(ns)    Netlist Resource(s)
  -------------------------------------------------------------------    -------------------
                         (clock sys_clk rise edge)    0.000     0.000 r  
    AV33                                              0.000     0.000 r  clk (IN)
                         net (fo=0)                   0.000     0.000    clk_IBUF_inst/I
    AV33                 INBUF (Prop_INBUF_HPIOB_M_PAD_O)
                                                      0.506     0.506 r  clk_IBUF_inst/INBUF_INST/O
                         net (fo=1, routed)           0.000     0.506    clk_IBUF_inst/OUT
    AV33                 IBUFCTRL (Prop_IBUFCTRL_HPIOB_M_I_O)
                                                      0.000     0.506 r  clk_IBUF_inst/IBUFCTRL_INST/O
                         net (fo=1, routed)           0.323     0.829    clk_IBUF
    BUFGCE_X0Y26         BUFGCE (Prop_BUFCE_BUFGCE_I_O)
                                                      0.028     0.857 r  clk_IBUF_BUFG_inst/O
    X2Y6 (CLOCK_ROOT)    net (fo=134803, routed)      3.345     4.202    gen_dls_pairs[1].u_dls_pair/clk_IBUF_BUFG
    SLR Crossing[0->1]   
    SLICE_X137Y356       FDCE                                         r  gen_dls_pairs[1].u_dls_pair/FSM_onehot_dls_state_reg[3]/C
  -------------------------------------------------------------------    -------------------
    SLICE_X137Y356       FDCE (Prop_FFF2_SLICEM_C_Q)
                                                      0.079     4.281 f  gen_dls_pairs[1].u_dls_pair/FSM_onehot_dls_state_reg[3]/Q
                         net (fo=3, routed)           0.190     4.470    gen_dls_pairs[1].u_dls_pair/u_shadow/gen_fpu.u_fpu/mem_wb_result_reg[63][0]
    SLICE_X137Y356       LUT2 (Prop_C5LUT_SLICEM_I1_O)
                                                      0.068     4.538 r  gen_dls_pairs[1].u_dls_pair/u_shadow/gen_fpu.u_fpu/mem_wb_result[63]_i_1__2/O
                         net (fo=24, routed)          1.777     6.315    gen_dls_pairs[1].u_dls_pair/u_shadow/gen_fpu.u_fpu/FSM_onehot_dls_state_reg[3]_bufg_place
    BUFGCE_X1Y158        BUFGCE (Prop_BUFCE_BUFGCE_I_O)
                                                      0.028     6.343 r  gen_dls_pairs[1].u_dls_pair/u_shadow/gen_fpu.u_fpu/mem_wb_result[63]_i_1__2_bufg_place/O
                         net (fo=8393, routed)        1.424     7.767    gen_dls_pairs[1].u_dls_pair/u_primary/FSM_onehot_dls_state_reg[3]
    SLICE_X84Y321        FDCE                                         f  gen_dls_pairs[1].u_dls_pair/u_primary/fpregfile_reg[14][36]/CLR  (IS_INVERTED)
  -------------------------------------------------------------------    -------------------

                         (clock sys_clk rise edge)   10.000    10.000 r  
    AV33                                              0.000    10.000 r  clk (IN)
                         net (fo=0)                   0.000    10.000    clk_IBUF_inst/I
    AV33                 INBUF (Prop_INBUF_HPIOB_M_PAD_O)
                                                      0.256    10.256 r  clk_IBUF_inst/INBUF_INST/O
                         net (fo=1, routed)           0.000    10.256    clk_IBUF_inst/OUT
    AV33                 IBUFCTRL (Prop_IBUFCTRL_HPIOB_M_I_O)
                                                      0.000    10.256 r  clk_IBUF_inst/IBUFCTRL_INST/O
                         net (fo=1, routed)           0.287    10.543    clk_IBUF
    BUFGCE_X0Y26         BUFGCE (Prop_BUFCE_BUFGCE_I_O)
                                                      0.024    10.567 r  clk_IBUF_BUFG_inst/O
    X2Y6 (CLOCK_ROOT)    net (fo=134803, routed)      2.733    13.300    gen_dls_pairs[1].u_dls_pair/u_primary/clk_IBUF_BUFG
    SLR Crossing[0->1]   
    SLICE_X84Y321        FDCE                                         r  gen_dls_pairs[1].u_dls_pair/u_primary/fpregfile_reg[14][36]/C
                         clock pessimism              0.517    13.817    
                         clock uncertainty           -0.035    13.782    
    SLICE_X84Y321        FDCE (Recov_DFF_SLICEM_C_CLR)
                                                     -0.066    13.716    gen_dls_pairs[1].u_dls_pair/u_primary/fpregfile_reg[14][36]
  -------------------------------------------------------------------
                         required time                         13.716    
                         arrival time                          -7.767    
  -------------------------------------------------------------------
                         slack                                  5.948    

Slack (MET) :             5.948ns  (required time - arrival time)
  Source:                 gen_dls_pairs[1].u_dls_pair/FSM_onehot_dls_state_reg[3]/C
                            (rising edge-triggered cell FDCE clocked by sys_clk  {rise@0.000ns fall@5.000ns period=10.000ns})
  Destination:            gen_dls_pairs[1].u_dls_pair/u_primary/fpregfile_reg[14][37]/CLR
                            (recovery check against rising-edge clock sys_clk  {rise@0.000ns fall@5.000ns period=10.000ns})
  Path Group:             **async_default**
  Path Type:              Recovery (Max at Slow Process Corner)
  Requirement:            10.000ns  (sys_clk rise@10.000ns - sys_clk rise@0.000ns)
  Data Path Delay:        3.566ns  (logic 0.175ns (4.908%)  route 3.391ns (95.092%))
  Logic Levels:           2  (BUFGCE=1 LUT2=1)
  Clock Path Skew:        -0.385ns (DCD - SCD + CPR)
    Destination Clock Delay (DCD):    3.300ns = ( 13.300 - 10.000 ) 
    Source Clock Delay      (SCD):    4.202ns
    Clock Pessimism Removal (CPR):    0.517ns
  Clock Uncertainty:      0.035ns  ((TSJ^2 + TIJ^2)^1/2 + DJ) / 2 + PE
    Total System Jitter     (TSJ):    0.071ns
    Total Input Jitter      (TIJ):    0.000ns
    Discrete Jitter          (DJ):    0.000ns
    Phase Error              (PE):    0.000ns
  Clock Net Delay (Source):      3.345ns (routing 1.413ns, distribution 1.932ns)
  Clock Net Delay (Destination): 2.733ns (routing 1.282ns, distribution 1.451ns)

    Location             Delay type                Incr(ns)  Path(ns)    Netlist Resource(s)
  -------------------------------------------------------------------    -------------------
                         (clock sys_clk rise edge)    0.000     0.000 r  
    AV33                                              0.000     0.000 r  clk (IN)
                         net (fo=0)                   0.000     0.000    clk_IBUF_inst/I
    AV33                 INBUF (Prop_INBUF_HPIOB_M_PAD_O)
                                                      0.506     0.506 r  clk_IBUF_inst/INBUF_INST/O
                         net (fo=1, routed)           0.000     0.506    clk_IBUF_inst/OUT
    AV33                 IBUFCTRL (Prop_IBUFCTRL_HPIOB_M_I_O)
                                                      0.000     0.506 r  clk_IBUF_inst/IBUFCTRL_INST/O
                         net (fo=1, routed)           0.323     0.829    clk_IBUF
    BUFGCE_X0Y26         BUFGCE (Prop_BUFCE_BUFGCE_I_O)
                                                      0.028     0.857 r  clk_IBUF_BUFG_inst/O
    X2Y6 (CLOCK_ROOT)    net (fo=134803, routed)      3.345     4.202    gen_dls_pairs[1].u_dls_pair/clk_IBUF_BUFG
    SLR Crossing[0->1]   
    SLICE_X137Y356       FDCE                                         r  gen_dls_pairs[1].u_dls_pair/FSM_onehot_dls_state_reg[3]/C
  -------------------------------------------------------------------    -------------------
    SLICE_X137Y356       FDCE (Prop_FFF2_SLICEM_C_Q)
                                                      0.079     4.281 f  gen_dls_pairs[1].u_dls_pair/FSM_onehot_dls_state_reg[3]/Q
                         net (fo=3, routed)           0.190     4.470    gen_dls_pairs[1].u_dls_pair/u_shadow/gen_fpu.u_fpu/mem_wb_result_reg[63][0]
    SLICE_X137Y356       LUT2 (Prop_C5LUT_SLICEM_I1_O)
                                                      0.068     4.538 r  gen_dls_pairs[1].u_dls_pair/u_shadow/gen_fpu.u_fpu/mem_wb_result[63]_i_1__2/O
                         net (fo=24, routed)          1.777     6.315    gen_dls_pairs[1].u_dls_pair/u_shadow/gen_fpu.u_fpu/FSM_onehot_dls_state_reg[3]_bufg_place
    BUFGCE_X1Y158        BUFGCE (Prop_BUFCE_BUFGCE_I_O)
                                                      0.028     6.343 r  gen_dls_pairs[1].u_dls_pair/u_shadow/gen_fpu.u_fpu/mem_wb_result[63]_i_1__2_bufg_place/O
                         net (fo=8393, routed)        1.424     7.767    gen_dls_pairs[1].u_dls_pair/u_primary/FSM_onehot_dls_state_reg[3]
    SLICE_X84Y321        FDCE                                         f  gen_dls_pairs[1].u_dls_pair/u_primary/fpregfile_reg[14][37]/CLR  (IS_INVERTED)
  -------------------------------------------------------------------    -------------------

                         (clock sys_clk rise edge)   10.000    10.000 r  
    AV33                                              0.000    10.000 r  clk (IN)
                         net (fo=0)                   0.000    10.000    clk_IBUF_inst/I
    AV33                 INBUF (Prop_INBUF_HPIOB_M_PAD_O)
                                                      0.256    10.256 r  clk_IBUF_inst/INBUF_INST/O
                         net (fo=1, routed)           0.000    10.256    clk_IBUF_inst/OUT
    AV33                 IBUFCTRL (Prop_IBUFCTRL_HPIOB_M_I_O)
                                                      0.000    10.256 r  clk_IBUF_inst/IBUFCTRL_INST/O
                         net (fo=1, routed)           0.287    10.543    clk_IBUF
    BUFGCE_X0Y26         BUFGCE (Prop_BUFCE_BUFGCE_I_O)
                                                      0.024    10.567 r  clk_IBUF_BUFG_inst/O
    X2Y6 (CLOCK_ROOT)    net (fo=134803, routed)      2.733    13.300    gen_dls_pairs[1].u_dls_pair/u_primary/clk_IBUF_BUFG
    SLR Crossing[0->1]   
    SLICE_X84Y321        FDCE                                         r  gen_dls_pairs[1].u_dls_pair/u_primary/fpregfile_reg[14][37]/C
                         clock pessimism              0.517    13.817    
                         clock uncertainty           -0.035    13.782    
    SLICE_X84Y321        FDCE (Recov_CFF_SLICEM_C_CLR)
                                                     -0.066    13.716    gen_dls_pairs[1].u_dls_pair/u_primary/fpregfile_reg[14][37]
  -------------------------------------------------------------------
                         required time                         13.716    
                         arrival time                          -7.767    
  -------------------------------------------------------------------
                         slack                                  5.948    

Slack (MET) :             5.948ns  (required time - arrival time)
  Source:                 gen_dls_pairs[1].u_dls_pair/FSM_onehot_dls_state_reg[3]/C
                            (rising edge-triggered cell FDCE clocked by sys_clk  {rise@0.000ns fall@5.000ns period=10.000ns})
  Destination:            gen_dls_pairs[1].u_dls_pair/u_primary/fpregfile_reg[11][59]/CLR
                            (recovery check against rising-edge clock sys_clk  {rise@0.000ns fall@5.000ns period=10.000ns})
  Path Group:             **async_default**
  Path Type:              Recovery (Max at Slow Process Corner)
  Requirement:            10.000ns  (sys_clk rise@10.000ns - sys_clk rise@0.000ns)
  Data Path Delay:        3.561ns  (logic 0.175ns (4.915%)  route 3.386ns (95.085%))
  Logic Levels:           2  (BUFGCE=1 LUT2=1)
  Clock Path Skew:        -0.390ns (DCD - SCD + CPR)
    Destination Clock Delay (DCD):    3.295ns = ( 13.295 - 10.000 ) 
    Source Clock Delay      (SCD):    4.202ns
    Clock Pessimism Removal (CPR):    0.517ns
  Clock Uncertainty:      0.035ns  ((TSJ^2 + TIJ^2)^1/2 + DJ) / 2 + PE
    Total System Jitter     (TSJ):    0.071ns
    Total Input Jitter      (TIJ):    0.000ns
    Discrete Jitter          (DJ):    0.000ns
    Phase Error              (PE):    0.000ns
  Clock Net Delay (Source):      3.345ns (routing 1.413ns, distribution 1.932ns)
  Clock Net Delay (Destination): 2.728ns (routing 1.282ns, distribution 1.446ns)

    Location             Delay type                Incr(ns)  Path(ns)    Netlist Resource(s)
  -------------------------------------------------------------------    -------------------
                         (clock sys_clk rise edge)    0.000     0.000 r  
    AV33                                              0.000     0.000 r  clk (IN)
                         net (fo=0)                   0.000     0.000    clk_IBUF_inst/I
    AV33                 INBUF (Prop_INBUF_HPIOB_M_PAD_O)
                                                      0.506     0.506 r  clk_IBUF_inst/INBUF_INST/O
                         net (fo=1, routed)           0.000     0.506    clk_IBUF_inst/OUT
    AV33                 IBUFCTRL (Prop_IBUFCTRL_HPIOB_M_I_O)
                                                      0.000     0.506 r  clk_IBUF_inst/IBUFCTRL_INST/O
                         net (fo=1, routed)           0.323     0.829    clk_IBUF
    BUFGCE_X0Y26         BUFGCE (Prop_BUFCE_BUFGCE_I_O)
                                                      0.028     0.857 r  clk_IBUF_BUFG_inst/O
    X2Y6 (CLOCK_ROOT)    net (fo=134803, routed)      3.345     4.202    gen_dls_pairs[1].u_dls_pair/clk_IBUF_BUFG
    SLR Crossing[0->1]   
    SLICE_X137Y356       FDCE                                         r  gen_dls_pairs[1].u_dls_pair/FSM_onehot_dls_state_reg[3]/C
  -------------------------------------------------------------------    -------------------
    SLICE_X137Y356       FDCE (Prop_FFF2_SLICEM_C_Q)
                                                      0.079     4.281 f  gen_dls_pairs[1].u_dls_pair/FSM_onehot_dls_state_reg[3]/Q
                         net (fo=3, routed)           0.190     4.470    gen_dls_pairs[1].u_dls_pair/u_shadow/gen_fpu.u_fpu/mem_wb_result_reg[63][0]
    SLICE_X137Y356       LUT2 (Prop_C5LUT_SLICEM_I1_O)
                                                      0.068     4.538 r  gen_dls_pairs[1].u_dls_pair/u_shadow/gen_fpu.u_fpu/mem_wb_result[63]_i_1__2/O
                         net (fo=24, routed)          1.777     6.315    gen_dls_pairs[1].u_dls_pair/u_shadow/gen_fpu.u_fpu/FSM_onehot_dls_state_reg[3]_bufg_place
    BUFGCE_X1Y158        BUFGCE (Prop_BUFCE_BUFGCE_I_O)
                                                      0.028     6.343 r  gen_dls_pairs[1].u_dls_pair/u_shadow/gen_fpu.u_fpu/mem_wb_result[63]_i_1__2_bufg_place/O
                         net (fo=8393, routed)        1.419     7.762    gen_dls_pairs[1].u_dls_pair/u_primary/FSM_onehot_dls_state_reg[3]
    SLICE_X84Y325        FDCE                                         f  gen_dls_pairs[1].u_dls_pair/u_primary/fpregfile_reg[11][59]/CLR  (IS_INVERTED)
  -------------------------------------------------------------------    -------------------

                         (clock sys_clk rise edge)   10.000    10.000 r  
    AV33                                              0.000    10.000 r  clk (IN)
                         net (fo=0)                   0.000    10.000    clk_IBUF_inst/I
    AV33                 INBUF (Prop_INBUF_HPIOB_M_PAD_O)
                                                      0.256    10.256 r  clk_IBUF_inst/INBUF_INST/O
                         net (fo=1, routed)           0.000    10.256    clk_IBUF_inst/OUT
    AV33                 IBUFCTRL (Prop_IBUFCTRL_HPIOB_M_I_O)
                                                      0.000    10.256 r  clk_IBUF_inst/IBUFCTRL_INST/O
                         net (fo=1, routed)           0.287    10.543    clk_IBUF
    BUFGCE_X0Y26         BUFGCE (Prop_BUFCE_BUFGCE_I_O)
                                                      0.024    10.567 r  clk_IBUF_BUFG_inst/O
    X2Y6 (CLOCK_ROOT)    net (fo=134803, routed)      2.728    13.295    gen_dls_pairs[1].u_dls_pair/u_primary/clk_IBUF_BUFG
    SLR Crossing[0->1]   
    SLICE_X84Y325        FDCE                                         r  gen_dls_pairs[1].u_dls_pair/u_primary/fpregfile_reg[11][59]/C
                         clock pessimism              0.517    13.812    
                         clock uncertainty           -0.035    13.777    
    SLICE_X84Y325        FDCE (Recov_BFF_SLICEM_C_CLR)
                                                     -0.066    13.711    gen_dls_pairs[1].u_dls_pair/u_primary/fpregfile_reg[11][59]
  -------------------------------------------------------------------
                         required time                         13.711    
                         arrival time                          -7.762    
  -------------------------------------------------------------------
                         slack                                  5.948    

Slack (MET) :             5.949ns  (required time - arrival time)
  Source:                 gen_dls_pairs[1].u_dls_pair/FSM_onehot_dls_state_reg[3]/C
                            (rising edge-triggered cell FDCE clocked by sys_clk  {rise@0.000ns fall@5.000ns period=10.000ns})
  Destination:            gen_dls_pairs[1].u_dls_pair/u_primary/fpregfile_reg[17][56]/CLR
                            (recovery check against rising-edge clock sys_clk  {rise@0.000ns fall@5.000ns period=10.000ns})
  Path Group:             **async_default**
  Path Type:              Recovery (Max at Slow Process Corner)
  Requirement:            10.000ns  (sys_clk rise@10.000ns - sys_clk rise@0.000ns)
  Data Path Delay:        3.556ns  (logic 0.175ns (4.921%)  route 3.381ns (95.079%))
  Logic Levels:           2  (BUFGCE=1 LUT2=1)
  Clock Path Skew:        -0.394ns (DCD - SCD + CPR)
    Destination Clock Delay (DCD):    3.291ns = ( 13.291 - 10.000 ) 
    Source Clock Delay      (SCD):    4.202ns
    Clock Pessimism Removal (CPR):    0.517ns
  Clock Uncertainty:      0.035ns  ((TSJ^2 + TIJ^2)^1/2 + DJ) / 2 + PE
    Total System Jitter     (TSJ):    0.071ns
    Total Input Jitter      (TIJ):    0.000ns
    Discrete Jitter          (DJ):    0.000ns
    Phase Error              (PE):    0.000ns
  Clock Net Delay (Source):      3.345ns (routing 1.413ns, distribution 1.932ns)
  Clock Net Delay (Destination): 2.724ns (routing 1.282ns, distribution 1.442ns)

    Location             Delay type                Incr(ns)  Path(ns)    Netlist Resource(s)
  -------------------------------------------------------------------    -------------------
                         (clock sys_clk rise edge)    0.000     0.000 r  
    AV33                                              0.000     0.000 r  clk (IN)
                         net (fo=0)                   0.000     0.000    clk_IBUF_inst/I
    AV33                 INBUF (Prop_INBUF_HPIOB_M_PAD_O)
                                                      0.506     0.506 r  clk_IBUF_inst/INBUF_INST/O
                         net (fo=1, routed)           0.000     0.506    clk_IBUF_inst/OUT
    AV33                 IBUFCTRL (Prop_IBUFCTRL_HPIOB_M_I_O)
                                                      0.000     0.506 r  clk_IBUF_inst/IBUFCTRL_INST/O
                         net (fo=1, routed)           0.323     0.829    clk_IBUF
    BUFGCE_X0Y26         BUFGCE (Prop_BUFCE_BUFGCE_I_O)
                                                      0.028     0.857 r  clk_IBUF_BUFG_inst/O
    X2Y6 (CLOCK_ROOT)    net (fo=134803, routed)      3.345     4.202    gen_dls_pairs[1].u_dls_pair/clk_IBUF_BUFG
    SLR Crossing[0->1]   
    SLICE_X137Y356       FDCE                                         r  gen_dls_pairs[1].u_dls_pair/FSM_onehot_dls_state_reg[3]/C
  -------------------------------------------------------------------    -------------------
    SLICE_X137Y356       FDCE (Prop_FFF2_SLICEM_C_Q)
                                                      0.079     4.281 f  gen_dls_pairs[1].u_dls_pair/FSM_onehot_dls_state_reg[3]/Q
                         net (fo=3, routed)           0.190     4.470    gen_dls_pairs[1].u_dls_pair/u_shadow/gen_fpu.u_fpu/mem_wb_result_reg[63][0]
    SLICE_X137Y356       LUT2 (Prop_C5LUT_SLICEM_I1_O)
                                                      0.068     4.538 r  gen_dls_pairs[1].u_dls_pair/u_shadow/gen_fpu.u_fpu/mem_wb_result[63]_i_1__2/O
                         net (fo=24, routed)          1.777     6.315    gen_dls_pairs[1].u_dls_pair/u_shadow/gen_fpu.u_fpu/FSM_onehot_dls_state_reg[3]_bufg_place
    BUFGCE_X1Y158        BUFGCE (Prop_BUFCE_BUFGCE_I_O)
                                                      0.028     6.343 r  gen_dls_pairs[1].u_dls_pair/u_shadow/gen_fpu.u_fpu/mem_wb_result[63]_i_1__2_bufg_place/O
                         net (fo=8393, routed)        1.414     7.757    gen_dls_pairs[1].u_dls_pair/u_primary/FSM_onehot_dls_state_reg[3]
    SLICE_X84Y328        FDCE                                         f  gen_dls_pairs[1].u_dls_pair/u_primary/fpregfile_reg[17][56]/CLR  (IS_INVERTED)
  -------------------------------------------------------------------    -------------------

                         (clock sys_clk rise edge)   10.000    10.000 r  
    AV33                                              0.000    10.000 r  clk (IN)
                         net (fo=0)                   0.000    10.000    clk_IBUF_inst/I
    AV33                 INBUF (Prop_INBUF_HPIOB_M_PAD_O)
                                                      0.256    10.256 r  clk_IBUF_inst/INBUF_INST/O
                         net (fo=1, routed)           0.000    10.256    clk_IBUF_inst/OUT
    AV33                 IBUFCTRL (Prop_IBUFCTRL_HPIOB_M_I_O)
                                                      0.000    10.256 r  clk_IBUF_inst/IBUFCTRL_INST/O
                         net (fo=1, routed)           0.287    10.543    clk_IBUF
    BUFGCE_X0Y26         BUFGCE (Prop_BUFCE_BUFGCE_I_O)
                                                      0.024    10.567 r  clk_IBUF_BUFG_inst/O
    X2Y6 (CLOCK_ROOT)    net (fo=134803, routed)      2.724    13.291    gen_dls_pairs[1].u_dls_pair/u_primary/clk_IBUF_BUFG
    SLR Crossing[0->1]   
    SLICE_X84Y328        FDCE                                         r  gen_dls_pairs[1].u_dls_pair/u_primary/fpregfile_reg[17][56]/C
                         clock pessimism              0.517    13.808    
                         clock uncertainty           -0.035    13.773    
    SLICE_X84Y328        FDCE (Recov_BFF_SLICEM_C_CLR)
                                                     -0.066    13.707    gen_dls_pairs[1].u_dls_pair/u_primary/fpregfile_reg[17][56]
  -------------------------------------------------------------------
                         required time                         13.707    
                         arrival time                          -7.757    
  -------------------------------------------------------------------
                         slack                                  5.949    

Slack (MET) :             5.949ns  (required time - arrival time)
  Source:                 gen_dls_pairs[1].u_dls_pair/FSM_onehot_dls_state_reg[3]/C
                            (rising edge-triggered cell FDCE clocked by sys_clk  {rise@0.000ns fall@5.000ns period=10.000ns})
  Destination:            gen_dls_pairs[1].u_dls_pair/u_primary/fpregfile_reg[17][59]/CLR
                            (recovery check against rising-edge clock sys_clk  {rise@0.000ns fall@5.000ns period=10.000ns})
  Path Group:             **async_default**
  Path Type:              Recovery (Max at Slow Process Corner)
  Requirement:            10.000ns  (sys_clk rise@10.000ns - sys_clk rise@0.000ns)
  Data Path Delay:        3.556ns  (logic 0.175ns (4.921%)  route 3.381ns (95.079%))
  Logic Levels:           2  (BUFGCE=1 LUT2=1)
  Clock Path Skew:        -0.394ns (DCD - SCD + CPR)
    Destination Clock Delay (DCD):    3.291ns = ( 13.291 - 10.000 ) 
    Source Clock Delay      (SCD):    4.202ns
    Clock Pessimism Removal (CPR):    0.517ns
  Clock Uncertainty:      0.035ns  ((TSJ^2 + TIJ^2)^1/2 + DJ) / 2 + PE
    Total System Jitter     (TSJ):    0.071ns
    Total Input Jitter      (TIJ):    0.000ns
    Discrete Jitter          (DJ):    0.000ns
    Phase Error              (PE):    0.000ns
  Clock Net Delay (Source):      3.345ns (routing 1.413ns, distribution 1.932ns)
  Clock Net Delay (Destination): 2.724ns (routing 1.282ns, distribution 1.442ns)

    Location             Delay type                Incr(ns)  Path(ns)    Netlist Resource(s)
  -------------------------------------------------------------------    -------------------
                         (clock sys_clk rise edge)    0.000     0.000 r  
    AV33                                              0.000     0.000 r  clk (IN)
                         net (fo=0)                   0.000     0.000    clk_IBUF_inst/I
    AV33                 INBUF (Prop_INBUF_HPIOB_M_PAD_O)
                                                      0.506     0.506 r  clk_IBUF_inst/INBUF_INST/O
                         net (fo=1, routed)           0.000     0.506    clk_IBUF_inst/OUT
    AV33                 IBUFCTRL (Prop_IBUFCTRL_HPIOB_M_I_O)
                                                      0.000     0.506 r  clk_IBUF_inst/IBUFCTRL_INST/O
                         net (fo=1, routed)           0.323     0.829    clk_IBUF
    BUFGCE_X0Y26         BUFGCE (Prop_BUFCE_BUFGCE_I_O)
                                                      0.028     0.857 r  clk_IBUF_BUFG_inst/O
    X2Y6 (CLOCK_ROOT)    net (fo=134803, routed)      3.345     4.202    gen_dls_pairs[1].u_dls_pair/clk_IBUF_BUFG
    SLR Crossing[0->1]   
    SLICE_X137Y356       FDCE                                         r  gen_dls_pairs[1].u_dls_pair/FSM_onehot_dls_state_reg[3]/C
  -------------------------------------------------------------------    -------------------
    SLICE_X137Y356       FDCE (Prop_FFF2_SLICEM_C_Q)
                                                      0.079     4.281 f  gen_dls_pairs[1].u_dls_pair/FSM_onehot_dls_state_reg[3]/Q
                         net (fo=3, routed)           0.190     4.470    gen_dls_pairs[1].u_dls_pair/u_shadow/gen_fpu.u_fpu/mem_wb_result_reg[63][0]
    SLICE_X137Y356       LUT2 (Prop_C5LUT_SLICEM_I1_O)
                                                      0.068     4.538 r  gen_dls_pairs[1].u_dls_pair/u_shadow/gen_fpu.u_fpu/mem_wb_result[63]_i_1__2/O
                         net (fo=24, routed)          1.777     6.315    gen_dls_pairs[1].u_dls_pair/u_shadow/gen_fpu.u_fpu/FSM_onehot_dls_state_reg[3]_bufg_place
    BUFGCE_X1Y158        BUFGCE (Prop_BUFCE_BUFGCE_I_O)
                                                      0.028     6.343 r  gen_dls_pairs[1].u_dls_pair/u_shadow/gen_fpu.u_fpu/mem_wb_result[63]_i_1__2_bufg_place/O
                         net (fo=8393, routed)        1.414     7.757    gen_dls_pairs[1].u_dls_pair/u_primary/FSM_onehot_dls_state_reg[3]
    SLICE_X84Y328        FDCE                                         f  gen_dls_pairs[1].u_dls_pair/u_primary/fpregfile_reg[17][59]/CLR  (IS_INVERTED)
  -------------------------------------------------------------------    -------------------

                         (clock sys_clk rise edge)   10.000    10.000 r  
    AV33                                              0.000    10.000 r  clk (IN)
                         net (fo=0)                   0.000    10.000    clk_IBUF_inst/I
    AV33                 INBUF (Prop_INBUF_HPIOB_M_PAD_O)
                                                      0.256    10.256 r  clk_IBUF_inst/INBUF_INST/O
                         net (fo=1, routed)           0.000    10.256    clk_IBUF_inst/OUT
    AV33                 IBUFCTRL (Prop_IBUFCTRL_HPIOB_M_I_O)
                                                      0.000    10.256 r  clk_IBUF_inst/IBUFCTRL_INST/O
                         net (fo=1, routed)           0.287    10.543    clk_IBUF
    BUFGCE_X0Y26         BUFGCE (Prop_BUFCE_BUFGCE_I_O)
                                                      0.024    10.567 r  clk_IBUF_BUFG_inst/O
    X2Y6 (CLOCK_ROOT)    net (fo=134803, routed)      2.724    13.291    gen_dls_pairs[1].u_dls_pair/u_primary/clk_IBUF_BUFG
    SLR Crossing[0->1]   
    SLICE_X84Y328        FDCE                                         r  gen_dls_pairs[1].u_dls_pair/u_primary/fpregfile_reg[17][59]/C
                         clock pessimism              0.517    13.808    
                         clock uncertainty           -0.035    13.773    
    SLICE_X84Y328        FDCE (Recov_AFF_SLICEM_C_CLR)
                                                     -0.066    13.707    gen_dls_pairs[1].u_dls_pair/u_primary/fpregfile_reg[17][59]
  -------------------------------------------------------------------
                         required time                         13.707    
                         arrival time                          -7.757    
  -------------------------------------------------------------------
                         slack                                  5.949    

Slack (MET) :             5.950ns  (required time - arrival time)
  Source:                 gen_dls_pairs[1].u_dls_pair/FSM_onehot_dls_state_reg[3]/C
                            (rising edge-triggered cell FDCE clocked by sys_clk  {rise@0.000ns fall@5.000ns period=10.000ns})
  Destination:            gen_dls_pairs[1].u_dls_pair/u_primary/fpregfile_reg[21][38]/CLR
                            (recovery check against rising-edge clock sys_clk  {rise@0.000ns fall@5.000ns period=10.000ns})
  Path Group:             **async_default**
  Path Type:              Recovery (Max at Slow Process Corner)
  Requirement:            10.000ns  (sys_clk rise@10.000ns - sys_clk rise@0.000ns)
  Data Path Delay:        3.564ns  (logic 0.175ns (4.910%)  route 3.389ns (95.090%))
  Logic Levels:           2  (BUFGCE=1 LUT2=1)
  Clock Path Skew:        -0.385ns (DCD - SCD + CPR)
    Destination Clock Delay (DCD):    3.300ns = ( 13.300 - 10.000 ) 
    Source Clock Delay      (SCD):    4.202ns
    Clock Pessimism Removal (CPR):    0.517ns
  Clock Uncertainty:      0.035ns  ((TSJ^2 + TIJ^2)^1/2 + DJ) / 2 + PE
    Total System Jitter     (TSJ):    0.071ns
    Total Input Jitter      (TIJ):    0.000ns
    Discrete Jitter          (DJ):    0.000ns
    Phase Error              (PE):    0.000ns
  Clock Net Delay (Source):      3.345ns (routing 1.413ns, distribution 1.932ns)
  Clock Net Delay (Destination): 2.733ns (routing 1.282ns, distribution 1.451ns)

    Location             Delay type                Incr(ns)  Path(ns)    Netlist Resource(s)
  -------------------------------------------------------------------    -------------------
                         (clock sys_clk rise edge)    0.000     0.000 r  
    AV33                                              0.000     0.000 r  clk (IN)
                         net (fo=0)                   0.000     0.000    clk_IBUF_inst/I
    AV33                 INBUF (Prop_INBUF_HPIOB_M_PAD_O)
                                                      0.506     0.506 r  clk_IBUF_inst/INBUF_INST/O
                         net (fo=1, routed)           0.000     0.506    clk_IBUF_inst/OUT
    AV33                 IBUFCTRL (Prop_IBUFCTRL_HPIOB_M_I_O)
                                                      0.000     0.506 r  clk_IBUF_inst/IBUFCTRL_INST/O
                         net (fo=1, routed)           0.323     0.829    clk_IBUF
    BUFGCE_X0Y26         BUFGCE (Prop_BUFCE_BUFGCE_I_O)
                                                      0.028     0.857 r  clk_IBUF_BUFG_inst/O
    X2Y6 (CLOCK_ROOT)    net (fo=134803, routed)      3.345     4.202    gen_dls_pairs[1].u_dls_pair/clk_IBUF_BUFG
    SLR Crossing[0->1]   
    SLICE_X137Y356       FDCE                                         r  gen_dls_pairs[1].u_dls_pair/FSM_onehot_dls_state_reg[3]/C
  -------------------------------------------------------------------    -------------------
    SLICE_X137Y356       FDCE (Prop_FFF2_SLICEM_C_Q)
                                                      0.079     4.281 f  gen_dls_pairs[1].u_dls_pair/FSM_onehot_dls_state_reg[3]/Q
                         net (fo=3, routed)           0.190     4.470    gen_dls_pairs[1].u_dls_pair/u_shadow/gen_fpu.u_fpu/mem_wb_result_reg[63][0]
    SLICE_X137Y356       LUT2 (Prop_C5LUT_SLICEM_I1_O)
                                                      0.068     4.538 r  gen_dls_pairs[1].u_dls_pair/u_shadow/gen_fpu.u_fpu/mem_wb_result[63]_i_1__2/O
                         net (fo=24, routed)          1.777     6.315    gen_dls_pairs[1].u_dls_pair/u_shadow/gen_fpu.u_fpu/FSM_onehot_dls_state_reg[3]_bufg_place
    BUFGCE_X1Y158        BUFGCE (Prop_BUFCE_BUFGCE_I_O)
                                                      0.028     6.343 r  gen_dls_pairs[1].u_dls_pair/u_shadow/gen_fpu.u_fpu/mem_wb_result[63]_i_1__2_bufg_place/O
                         net (fo=8393, routed)        1.422     7.765    gen_dls_pairs[1].u_dls_pair/u_primary/FSM_onehot_dls_state_reg[3]
    SLICE_X84Y320        FDCE                                         f  gen_dls_pairs[1].u_dls_pair/u_primary/fpregfile_reg[21][38]/CLR  (IS_INVERTED)
  -------------------------------------------------------------------    -------------------

                         (clock sys_clk rise edge)   10.000    10.000 r  
    AV33                                              0.000    10.000 r  clk (IN)
                         net (fo=0)                   0.000    10.000    clk_IBUF_inst/I
    AV33                 INBUF (Prop_INBUF_HPIOB_M_PAD_O)
                                                      0.256    10.256 r  clk_IBUF_inst/INBUF_INST/O
                         net (fo=1, routed)           0.000    10.256    clk_IBUF_inst/OUT
    AV33                 IBUFCTRL (Prop_IBUFCTRL_HPIOB_M_I_O)
                                                      0.000    10.256 r  clk_IBUF_inst/IBUFCTRL_INST/O
                         net (fo=1, routed)           0.287    10.543    clk_IBUF
    BUFGCE_X0Y26         BUFGCE (Prop_BUFCE_BUFGCE_I_O)
                                                      0.024    10.567 r  clk_IBUF_BUFG_inst/O
    X2Y6 (CLOCK_ROOT)    net (fo=134803, routed)      2.733    13.300    gen_dls_pairs[1].u_dls_pair/u_primary/clk_IBUF_BUFG
    SLR Crossing[0->1]   
    SLICE_X84Y320        FDCE                                         r  gen_dls_pairs[1].u_dls_pair/u_primary/fpregfile_reg[21][38]/C
                         clock pessimism              0.517    13.817    
                         clock uncertainty           -0.035    13.782    
    SLICE_X84Y320        FDCE (Recov_HFF_SLICEM_C_CLR)
                                                     -0.066    13.716    gen_dls_pairs[1].u_dls_pair/u_primary/fpregfile_reg[21][38]
  -------------------------------------------------------------------
                         required time                         13.716    
                         arrival time                          -7.765    
  -------------------------------------------------------------------
                         slack                                  5.950    

Slack (MET) :             5.950ns  (required time - arrival time)
  Source:                 gen_dls_pairs[1].u_dls_pair/FSM_onehot_dls_state_reg[3]/C
                            (rising edge-triggered cell FDCE clocked by sys_clk  {rise@0.000ns fall@5.000ns period=10.000ns})
  Destination:            gen_dls_pairs[1].u_dls_pair/u_primary/fpregfile_reg[21][39]/CLR
                            (recovery check against rising-edge clock sys_clk  {rise@0.000ns fall@5.000ns period=10.000ns})
  Path Group:             **async_default**
  Path Type:              Recovery (Max at Slow Process Corner)
  Requirement:            10.000ns  (sys_clk rise@10.000ns - sys_clk rise@0.000ns)
  Data Path Delay:        3.564ns  (logic 0.175ns (4.910%)  route 3.389ns (95.090%))
  Logic Levels:           2  (BUFGCE=1 LUT2=1)
  Clock Path Skew:        -0.385ns (DCD - SCD + CPR)
    Destination Clock Delay (DCD):    3.300ns = ( 13.300 - 10.000 ) 
    Source Clock Delay      (SCD):    4.202ns
    Clock Pessimism Removal (CPR):    0.517ns
  Clock Uncertainty:      0.035ns  ((TSJ^2 + TIJ^2)^1/2 + DJ) / 2 + PE
    Total System Jitter     (TSJ):    0.071ns
    Total Input Jitter      (TIJ):    0.000ns
    Discrete Jitter          (DJ):    0.000ns
    Phase Error              (PE):    0.000ns
  Clock Net Delay (Source):      3.345ns (routing 1.413ns, distribution 1.932ns)
  Clock Net Delay (Destination): 2.733ns (routing 1.282ns, distribution 1.451ns)

    Location             Delay type                Incr(ns)  Path(ns)    Netlist Resource(s)
  -------------------------------------------------------------------    -------------------
                         (clock sys_clk rise edge)    0.000     0.000 r  
    AV33                                              0.000     0.000 r  clk (IN)
                         net (fo=0)                   0.000     0.000    clk_IBUF_inst/I
    AV33                 INBUF (Prop_INBUF_HPIOB_M_PAD_O)
                                                      0.506     0.506 r  clk_IBUF_inst/INBUF_INST/O
                         net (fo=1, routed)           0.000     0.506    clk_IBUF_inst/OUT
    AV33                 IBUFCTRL (Prop_IBUFCTRL_HPIOB_M_I_O)
                                                      0.000     0.506 r  clk_IBUF_inst/IBUFCTRL_INST/O
                         net (fo=1, routed)           0.323     0.829    clk_IBUF
    BUFGCE_X0Y26         BUFGCE (Prop_BUFCE_BUFGCE_I_O)
                                                      0.028     0.857 r  clk_IBUF_BUFG_inst/O
    X2Y6 (CLOCK_ROOT)    net (fo=134803, routed)      3.345     4.202    gen_dls_pairs[1].u_dls_pair/clk_IBUF_BUFG
    SLR Crossing[0->1]   
    SLICE_X137Y356       FDCE                                         r  gen_dls_pairs[1].u_dls_pair/FSM_onehot_dls_state_reg[3]/C
  -------------------------------------------------------------------    -------------------
    SLICE_X137Y356       FDCE (Prop_FFF2_SLICEM_C_Q)
                                                      0.079     4.281 f  gen_dls_pairs[1].u_dls_pair/FSM_onehot_dls_state_reg[3]/Q
                         net (fo=3, routed)           0.190     4.470    gen_dls_pairs[1].u_dls_pair/u_shadow/gen_fpu.u_fpu/mem_wb_result_reg[63][0]
    SLICE_X137Y356       LUT2 (Prop_C5LUT_SLICEM_I1_O)
                                                      0.068     4.538 r  gen_dls_pairs[1].u_dls_pair/u_shadow/gen_fpu.u_fpu/mem_wb_result[63]_i_1__2/O
                         net (fo=24, routed)          1.777     6.315    gen_dls_pairs[1].u_dls_pair/u_shadow/gen_fpu.u_fpu/FSM_onehot_dls_state_reg[3]_bufg_place
    BUFGCE_X1Y158        BUFGCE (Prop_BUFCE_BUFGCE_I_O)
                                                      0.028     6.343 r  gen_dls_pairs[1].u_dls_pair/u_shadow/gen_fpu.u_fpu/mem_wb_result[63]_i_1__2_bufg_place/O
                         net (fo=8393, routed)        1.422     7.765    gen_dls_pairs[1].u_dls_pair/u_primary/FSM_onehot_dls_state_reg[3]
    SLICE_X84Y320        FDCE                                         f  gen_dls_pairs[1].u_dls_pair/u_primary/fpregfile_reg[21][39]/CLR  (IS_INVERTED)
  -------------------------------------------------------------------    -------------------

                         (clock sys_clk rise edge)   10.000    10.000 r  
    AV33                                              0.000    10.000 r  clk (IN)
                         net (fo=0)                   0.000    10.000    clk_IBUF_inst/I
    AV33                 INBUF (Prop_INBUF_HPIOB_M_PAD_O)
                                                      0.256    10.256 r  clk_IBUF_inst/INBUF_INST/O
                         net (fo=1, routed)           0.000    10.256    clk_IBUF_inst/OUT
    AV33                 IBUFCTRL (Prop_IBUFCTRL_HPIOB_M_I_O)
                                                      0.000    10.256 r  clk_IBUF_inst/IBUFCTRL_INST/O
                         net (fo=1, routed)           0.287    10.543    clk_IBUF
    BUFGCE_X0Y26         BUFGCE (Prop_BUFCE_BUFGCE_I_O)
                                                      0.024    10.567 r  clk_IBUF_BUFG_inst/O
    X2Y6 (CLOCK_ROOT)    net (fo=134803, routed)      2.733    13.300    gen_dls_pairs[1].u_dls_pair/u_primary/clk_IBUF_BUFG
    SLR Crossing[0->1]   
    SLICE_X84Y320        FDCE                                         r  gen_dls_pairs[1].u_dls_pair/u_primary/fpregfile_reg[21][39]/C
                         clock pessimism              0.517    13.817    
                         clock uncertainty           -0.035    13.782    
    SLICE_X84Y320        FDCE (Recov_GFF_SLICEM_C_CLR)
                                                     -0.066    13.716    gen_dls_pairs[1].u_dls_pair/u_primary/fpregfile_reg[21][39]
  -------------------------------------------------------------------
                         required time                         13.716    
                         arrival time                          -7.765    
  -------------------------------------------------------------------
                         slack                                  5.950    

Slack (MET) :             5.950ns  (required time - arrival time)
  Source:                 gen_dls_pairs[1].u_dls_pair/FSM_onehot_dls_state_reg[3]/C
                            (rising edge-triggered cell FDCE clocked by sys_clk  {rise@0.000ns fall@5.000ns period=10.000ns})
  Destination:            gen_dls_pairs[1].u_dls_pair/u_primary/fpregfile_reg[23][38]/CLR
                            (recovery check against rising-edge clock sys_clk  {rise@0.000ns fall@5.000ns period=10.000ns})
  Path Group:             **async_default**
  Path Type:              Recovery (Max at Slow Process Corner)
  Requirement:            10.000ns  (sys_clk rise@10.000ns - sys_clk rise@0.000ns)
  Data Path Delay:        3.563ns  (logic 0.175ns (4.912%)  route 3.388ns (95.088%))
  Logic Levels:           2  (BUFGCE=1 LUT2=1)
  Clock Path Skew:        -0.386ns (DCD - SCD + CPR)
    Destination Clock Delay (DCD):    3.299ns = ( 13.299 - 10.000 ) 
    Source Clock Delay      (SCD):    4.202ns
    Clock Pessimism Removal (CPR):    0.517ns
  Clock Uncertainty:      0.035ns  ((TSJ^2 + TIJ^2)^1/2 + DJ) / 2 + PE
    Total System Jitter     (TSJ):    0.071ns
    Total Input Jitter      (TIJ):    0.000ns
    Discrete Jitter          (DJ):    0.000ns
    Phase Error              (PE):    0.000ns
  Clock Net Delay (Source):      3.345ns (routing 1.413ns, distribution 1.932ns)
  Clock Net Delay (Destination): 2.732ns (routing 1.282ns, distribution 1.450ns)

    Location             Delay type                Incr(ns)  Path(ns)    Netlist Resource(s)
  -------------------------------------------------------------------    -------------------
                         (clock sys_clk rise edge)    0.000     0.000 r  
    AV33                                              0.000     0.000 r  clk (IN)
                         net (fo=0)                   0.000     0.000    clk_IBUF_inst/I
    AV33                 INBUF (Prop_INBUF_HPIOB_M_PAD_O)
                                                      0.506     0.506 r  clk_IBUF_inst/INBUF_INST/O
                         net (fo=1, routed)           0.000     0.506    clk_IBUF_inst/OUT
    AV33                 IBUFCTRL (Prop_IBUFCTRL_HPIOB_M_I_O)
                                                      0.000     0.506 r  clk_IBUF_inst/IBUFCTRL_INST/O
                         net (fo=1, routed)           0.323     0.829    clk_IBUF
    BUFGCE_X0Y26         BUFGCE (Prop_BUFCE_BUFGCE_I_O)
                                                      0.028     0.857 r  clk_IBUF_BUFG_inst/O
    X2Y6 (CLOCK_ROOT)    net (fo=134803, routed)      3.345     4.202    gen_dls_pairs[1].u_dls_pair/clk_IBUF_BUFG
    SLR Crossing[0->1]   
    SLICE_X137Y356       FDCE                                         r  gen_dls_pairs[1].u_dls_pair/FSM_onehot_dls_state_reg[3]/C
  -------------------------------------------------------------------    -------------------
    SLICE_X137Y356       FDCE (Prop_FFF2_SLICEM_C_Q)
                                                      0.079     4.281 f  gen_dls_pairs[1].u_dls_pair/FSM_onehot_dls_state_reg[3]/Q
                         net (fo=3, routed)           0.190     4.470    gen_dls_pairs[1].u_dls_pair/u_shadow/gen_fpu.u_fpu/mem_wb_result_reg[63][0]
    SLICE_X137Y356       LUT2 (Prop_C5LUT_SLICEM_I1_O)
                                                      0.068     4.538 r  gen_dls_pairs[1].u_dls_pair/u_shadow/gen_fpu.u_fpu/mem_wb_result[63]_i_1__2/O
                         net (fo=24, routed)          1.777     6.315    gen_dls_pairs[1].u_dls_pair/u_shadow/gen_fpu.u_fpu/FSM_onehot_dls_state_reg[3]_bufg_place
    BUFGCE_X1Y158        BUFGCE (Prop_BUFCE_BUFGCE_I_O)
                                                      0.028     6.343 r  gen_dls_pairs[1].u_dls_pair/u_shadow/gen_fpu.u_fpu/mem_wb_result[63]_i_1__2_bufg_place/O
                         net (fo=8393, routed)        1.421     7.764    gen_dls_pairs[1].u_dls_pair/u_primary/FSM_onehot_dls_state_reg[3]
    SLICE_X84Y321        FDCE                                         f  gen_dls_pairs[1].u_dls_pair/u_primary/fpregfile_reg[23][38]/CLR  (IS_INVERTED)
  -------------------------------------------------------------------    -------------------

                         (clock sys_clk rise edge)   10.000    10.000 r  
    AV33                                              0.000    10.000 r  clk (IN)
                         net (fo=0)                   0.000    10.000    clk_IBUF_inst/I
    AV33                 INBUF (Prop_INBUF_HPIOB_M_PAD_O)
                                                      0.256    10.256 r  clk_IBUF_inst/INBUF_INST/O
                         net (fo=1, routed)           0.000    10.256    clk_IBUF_inst/OUT
    AV33                 IBUFCTRL (Prop_IBUFCTRL_HPIOB_M_I_O)
                                                      0.000    10.256 r  clk_IBUF_inst/IBUFCTRL_INST/O
                         net (fo=1, routed)           0.287    10.543    clk_IBUF
    BUFGCE_X0Y26         BUFGCE (Prop_BUFCE_BUFGCE_I_O)
                                                      0.024    10.567 r  clk_IBUF_BUFG_inst/O
    X2Y6 (CLOCK_ROOT)    net (fo=134803, routed)      2.732    13.299    gen_dls_pairs[1].u_dls_pair/u_primary/clk_IBUF_BUFG
    SLR Crossing[0->1]   
    SLICE_X84Y321        FDCE                                         r  gen_dls_pairs[1].u_dls_pair/u_primary/fpregfile_reg[23][38]/C
                         clock pessimism              0.517    13.816    
                         clock uncertainty           -0.035    13.781    
    SLICE_X84Y321        FDCE (Recov_HFF_SLICEM_C_CLR)
                                                     -0.066    13.715    gen_dls_pairs[1].u_dls_pair/u_primary/fpregfile_reg[23][38]
  -------------------------------------------------------------------
                         required time                         13.715    
                         arrival time                          -7.764    
  -------------------------------------------------------------------
                         slack                                  5.950    

Slack (MET) :             5.950ns  (required time - arrival time)
  Source:                 gen_dls_pairs[1].u_dls_pair/FSM_onehot_dls_state_reg[3]/C
                            (rising edge-triggered cell FDCE clocked by sys_clk  {rise@0.000ns fall@5.000ns period=10.000ns})
  Destination:            gen_dls_pairs[1].u_dls_pair/u_primary/fpregfile_reg[17][61]/CLR
                            (recovery check against rising-edge clock sys_clk  {rise@0.000ns fall@5.000ns period=10.000ns})
  Path Group:             **async_default**
  Path Type:              Recovery (Max at Slow Process Corner)
  Requirement:            10.000ns  (sys_clk rise@10.000ns - sys_clk rise@0.000ns)
  Data Path Delay:        3.558ns  (logic 0.175ns (4.919%)  route 3.383ns (95.081%))
  Logic Levels:           2  (BUFGCE=1 LUT2=1)
  Clock Path Skew:        -0.391ns (DCD - SCD + CPR)
    Destination Clock Delay (DCD):    3.294ns = ( 13.294 - 10.000 ) 
    Source Clock Delay      (SCD):    4.202ns
    Clock Pessimism Removal (CPR):    0.517ns
  Clock Uncertainty:      0.035ns  ((TSJ^2 + TIJ^2)^1/2 + DJ) / 2 + PE
    Total System Jitter     (TSJ):    0.071ns
    Total Input Jitter      (TIJ):    0.000ns
    Discrete Jitter          (DJ):    0.000ns
    Phase Error              (PE):    0.000ns
  Clock Net Delay (Source):      3.345ns (routing 1.413ns, distribution 1.932ns)
  Clock Net Delay (Destination): 2.727ns (routing 1.282ns, distribution 1.445ns)

    Location             Delay type                Incr(ns)  Path(ns)    Netlist Resource(s)
  -------------------------------------------------------------------    -------------------
                         (clock sys_clk rise edge)    0.000     0.000 r  
    AV33                                              0.000     0.000 r  clk (IN)
                         net (fo=0)                   0.000     0.000    clk_IBUF_inst/I
    AV33                 INBUF (Prop_INBUF_HPIOB_M_PAD_O)
                                                      0.506     0.506 r  clk_IBUF_inst/INBUF_INST/O
                         net (fo=1, routed)           0.000     0.506    clk_IBUF_inst/OUT
    AV33                 IBUFCTRL (Prop_IBUFCTRL_HPIOB_M_I_O)
                                                      0.000     0.506 r  clk_IBUF_inst/IBUFCTRL_INST/O
                         net (fo=1, routed)           0.323     0.829    clk_IBUF
    BUFGCE_X0Y26         BUFGCE (Prop_BUFCE_BUFGCE_I_O)
                                                      0.028     0.857 r  clk_IBUF_BUFG_inst/O
    X2Y6 (CLOCK_ROOT)    net (fo=134803, routed)      3.345     4.202    gen_dls_pairs[1].u_dls_pair/clk_IBUF_BUFG
    SLR Crossing[0->1]   
    SLICE_X137Y356       FDCE                                         r  gen_dls_pairs[1].u_dls_pair/FSM_onehot_dls_state_reg[3]/C
  -------------------------------------------------------------------    -------------------
    SLICE_X137Y356       FDCE (Prop_FFF2_SLICEM_C_Q)
                                                      0.079     4.281 f  gen_dls_pairs[1].u_dls_pair/FSM_onehot_dls_state_reg[3]/Q
                         net (fo=3, routed)           0.190     4.470    gen_dls_pairs[1].u_dls_pair/u_shadow/gen_fpu.u_fpu/mem_wb_result_reg[63][0]
    SLICE_X137Y356       LUT2 (Prop_C5LUT_SLICEM_I1_O)
                                                      0.068     4.538 r  gen_dls_pairs[1].u_dls_pair/u_shadow/gen_fpu.u_fpu/mem_wb_result[63]_i_1__2/O
                         net (fo=24, routed)          1.777     6.315    gen_dls_pairs[1].u_dls_pair/u_shadow/gen_fpu.u_fpu/FSM_onehot_dls_state_reg[3]_bufg_place
    BUFGCE_X1Y158        BUFGCE (Prop_BUFCE_BUFGCE_I_O)
                                                      0.028     6.343 r  gen_dls_pairs[1].u_dls_pair/u_shadow/gen_fpu.u_fpu/mem_wb_result[63]_i_1__2_bufg_place/O
                         net (fo=8393, routed)        1.416     7.759    gen_dls_pairs[1].u_dls_pair/u_primary/FSM_onehot_dls_state_reg[3]
    SLICE_X84Y325        FDCE                                         f  gen_dls_pairs[1].u_dls_pair/u_primary/fpregfile_reg[17][61]/CLR  (IS_INVERTED)
  -------------------------------------------------------------------    -------------------

                         (clock sys_clk rise edge)   10.000    10.000 r  
    AV33                                              0.000    10.000 r  clk (IN)
                         net (fo=0)                   0.000    10.000    clk_IBUF_inst/I
    AV33                 INBUF (Prop_INBUF_HPIOB_M_PAD_O)
                                                      0.256    10.256 r  clk_IBUF_inst/INBUF_INST/O
                         net (fo=1, routed)           0.000    10.256    clk_IBUF_inst/OUT
    AV33                 IBUFCTRL (Prop_IBUFCTRL_HPIOB_M_I_O)
                                                      0.000    10.256 r  clk_IBUF_inst/IBUFCTRL_INST/O
                         net (fo=1, routed)           0.287    10.543    clk_IBUF
    BUFGCE_X0Y26         BUFGCE (Prop_BUFCE_BUFGCE_I_O)
                                                      0.024    10.567 r  clk_IBUF_BUFG_inst/O
    X2Y6 (CLOCK_ROOT)    net (fo=134803, routed)      2.727    13.294    gen_dls_pairs[1].u_dls_pair/u_primary/clk_IBUF_BUFG
    SLR Crossing[0->1]   
    SLICE_X84Y325        FDCE                                         r  gen_dls_pairs[1].u_dls_pair/u_primary/fpregfile_reg[17][61]/C
                         clock pessimism              0.517    13.811    
                         clock uncertainty           -0.035    13.776    
    SLICE_X84Y325        FDCE (Recov_FFF_SLICEM_C_CLR)
                                                     -0.066    13.710    gen_dls_pairs[1].u_dls_pair/u_primary/fpregfile_reg[17][61]
  -------------------------------------------------------------------
                         required time                         13.710    
                         arrival time                          -7.759    
  -------------------------------------------------------------------
                         slack                                  5.950    

Slack (MET) :             5.951ns  (required time - arrival time)
  Source:                 gen_dls_pairs[1].u_dls_pair/FSM_onehot_dls_state_reg[3]/C
                            (rising edge-triggered cell FDCE clocked by sys_clk  {rise@0.000ns fall@5.000ns period=10.000ns})
  Destination:            gen_dls_pairs[1].u_dls_pair/u_primary/fpregfile_reg[21][56]/CLR
                            (recovery check against rising-edge clock sys_clk  {rise@0.000ns fall@5.000ns period=10.000ns})
  Path Group:             **async_default**
  Path Type:              Recovery (Max at Slow Process Corner)
  Requirement:            10.000ns  (sys_clk rise@10.000ns - sys_clk rise@0.000ns)
  Data Path Delay:        3.553ns  (logic 0.175ns (4.926%)  route 3.378ns (95.074%))
  Logic Levels:           2  (BUFGCE=1 LUT2=1)
  Clock Path Skew:        -0.395ns (DCD - SCD + CPR)
    Destination Clock Delay (DCD):    3.290ns = ( 13.290 - 10.000 ) 
    Source Clock Delay      (SCD):    4.202ns
    Clock Pessimism Removal (CPR):    0.517ns
  Clock Uncertainty:      0.035ns  ((TSJ^2 + TIJ^2)^1/2 + DJ) / 2 + PE
    Total System Jitter     (TSJ):    0.071ns
    Total Input Jitter      (TIJ):    0.000ns
    Discrete Jitter          (DJ):    0.000ns
    Phase Error              (PE):    0.000ns
  Clock Net Delay (Source):      3.345ns (routing 1.413ns, distribution 1.932ns)
  Clock Net Delay (Destination): 2.723ns (routing 1.282ns, distribution 1.441ns)

    Location             Delay type                Incr(ns)  Path(ns)    Netlist Resource(s)
  -------------------------------------------------------------------    -------------------
                         (clock sys_clk rise edge)    0.000     0.000 r  
    AV33                                              0.000     0.000 r  clk (IN)
                         net (fo=0)                   0.000     0.000    clk_IBUF_inst/I
    AV33                 INBUF (Prop_INBUF_HPIOB_M_PAD_O)
                                                      0.506     0.506 r  clk_IBUF_inst/INBUF_INST/O
                         net (fo=1, routed)           0.000     0.506    clk_IBUF_inst/OUT
    AV33                 IBUFCTRL (Prop_IBUFCTRL_HPIOB_M_I_O)
                                                      0.000     0.506 r  clk_IBUF_inst/IBUFCTRL_INST/O
                         net (fo=1, routed)           0.323     0.829    clk_IBUF
    BUFGCE_X0Y26         BUFGCE (Prop_BUFCE_BUFGCE_I_O)
                                                      0.028     0.857 r  clk_IBUF_BUFG_inst/O
    X2Y6 (CLOCK_ROOT)    net (fo=134803, routed)      3.345     4.202    gen_dls_pairs[1].u_dls_pair/clk_IBUF_BUFG
    SLR Crossing[0->1]   
    SLICE_X137Y356       FDCE                                         r  gen_dls_pairs[1].u_dls_pair/FSM_onehot_dls_state_reg[3]/C
  -------------------------------------------------------------------    -------------------
    SLICE_X137Y356       FDCE (Prop_FFF2_SLICEM_C_Q)
                                                      0.079     4.281 f  gen_dls_pairs[1].u_dls_pair/FSM_onehot_dls_state_reg[3]/Q
                         net (fo=3, routed)           0.190     4.470    gen_dls_pairs[1].u_dls_pair/u_shadow/gen_fpu.u_fpu/mem_wb_result_reg[63][0]
    SLICE_X137Y356       LUT2 (Prop_C5LUT_SLICEM_I1_O)
                                                      0.068     4.538 r  gen_dls_pairs[1].u_dls_pair/u_shadow/gen_fpu.u_fpu/mem_wb_result[63]_i_1__2/O
                         net (fo=24, routed)          1.777     6.315    gen_dls_pairs[1].u_dls_pair/u_shadow/gen_fpu.u_fpu/FSM_onehot_dls_state_reg[3]_bufg_place
    BUFGCE_X1Y158        BUFGCE (Prop_BUFCE_BUFGCE_I_O)
                                                      0.028     6.343 r  gen_dls_pairs[1].u_dls_pair/u_shadow/gen_fpu.u_fpu/mem_wb_result[63]_i_1__2_bufg_place/O
                         net (fo=8393, routed)        1.411     7.754    gen_dls_pairs[1].u_dls_pair/u_primary/FSM_onehot_dls_state_reg[3]
    SLICE_X84Y328        FDCE                                         f  gen_dls_pairs[1].u_dls_pair/u_primary/fpregfile_reg[21][56]/CLR  (IS_INVERTED)
  -------------------------------------------------------------------    -------------------

                         (clock sys_clk rise edge)   10.000    10.000 r  
    AV33                                              0.000    10.000 r  clk (IN)
                         net (fo=0)                   0.000    10.000    clk_IBUF_inst/I
    AV33                 INBUF (Prop_INBUF_HPIOB_M_PAD_O)
                                                      0.256    10.256 r  clk_IBUF_inst/INBUF_INST/O
                         net (fo=1, routed)           0.000    10.256    clk_IBUF_inst/OUT
    AV33                 IBUFCTRL (Prop_IBUFCTRL_HPIOB_M_I_O)
                                                      0.000    10.256 r  clk_IBUF_inst/IBUFCTRL_INST/O
                         net (fo=1, routed)           0.287    10.543    clk_IBUF
    BUFGCE_X0Y26         BUFGCE (Prop_BUFCE_BUFGCE_I_O)
                                                      0.024    10.567 r  clk_IBUF_BUFG_inst/O
    X2Y6 (CLOCK_ROOT)    net (fo=134803, routed)      2.723    13.290    gen_dls_pairs[1].u_dls_pair/u_primary/clk_IBUF_BUFG
    SLR Crossing[0->1]   
    SLICE_X84Y328        FDCE                                         r  gen_dls_pairs[1].u_dls_pair/u_primary/fpregfile_reg[21][56]/C
                         clock pessimism              0.517    13.807    
                         clock uncertainty           -0.035    13.772    
    SLICE_X84Y328        FDCE (Recov_HFF_SLICEM_C_CLR)
                                                     -0.066    13.706    gen_dls_pairs[1].u_dls_pair/u_primary/fpregfile_reg[21][56]
  -------------------------------------------------------------------
                         required time                         13.706    
                         arrival time                          -7.754    
  -------------------------------------------------------------------
                         slack                                  5.951    

Slack (MET) :             5.951ns  (required time - arrival time)
  Source:                 gen_dls_pairs[1].u_dls_pair/FSM_onehot_dls_state_reg[3]/C
                            (rising edge-triggered cell FDCE clocked by sys_clk  {rise@0.000ns fall@5.000ns period=10.000ns})
  Destination:            gen_dls_pairs[1].u_dls_pair/u_primary/fpregfile_reg[21][59]/CLR
                            (recovery check against rising-edge clock sys_clk  {rise@0.000ns fall@5.000ns period=10.000ns})
  Path Group:             **async_default**
  Path Type:              Recovery (Max at Slow Process Corner)
  Requirement:            10.000ns  (sys_clk rise@10.000ns - sys_clk rise@0.000ns)
  Data Path Delay:        3.553ns  (logic 0.175ns (4.926%)  route 3.378ns (95.074%))
  Logic Levels:           2  (BUFGCE=1 LUT2=1)
  Clock Path Skew:        -0.395ns (DCD - SCD + CPR)
    Destination Clock Delay (DCD):    3.290ns = ( 13.290 - 10.000 ) 
    Source Clock Delay      (SCD):    4.202ns
    Clock Pessimism Removal (CPR):    0.517ns
  Clock Uncertainty:      0.035ns  ((TSJ^2 + TIJ^2)^1/2 + DJ) / 2 + PE
    Total System Jitter     (TSJ):    0.071ns
    Total Input Jitter      (TIJ):    0.000ns
    Discrete Jitter          (DJ):    0.000ns
    Phase Error              (PE):    0.000ns
  Clock Net Delay (Source):      3.345ns (routing 1.413ns, distribution 1.932ns)
  Clock Net Delay (Destination): 2.723ns (routing 1.282ns, distribution 1.441ns)

    Location             Delay type                Incr(ns)  Path(ns)    Netlist Resource(s)
  -------------------------------------------------------------------    -------------------
                         (clock sys_clk rise edge)    0.000     0.000 r  
    AV33                                              0.000     0.000 r  clk (IN)
                         net (fo=0)                   0.000     0.000    clk_IBUF_inst/I
    AV33                 INBUF (Prop_INBUF_HPIOB_M_PAD_O)
                                                      0.506     0.506 r  clk_IBUF_inst/INBUF_INST/O
                         net (fo=1, routed)           0.000     0.506    clk_IBUF_inst/OUT
    AV33                 IBUFCTRL (Prop_IBUFCTRL_HPIOB_M_I_O)
                                                      0.000     0.506 r  clk_IBUF_inst/IBUFCTRL_INST/O
                         net (fo=1, routed)           0.323     0.829    clk_IBUF
    BUFGCE_X0Y26         BUFGCE (Prop_BUFCE_BUFGCE_I_O)
                                                      0.028     0.857 r  clk_IBUF_BUFG_inst/O
    X2Y6 (CLOCK_ROOT)    net (fo=134803, routed)      3.345     4.202    gen_dls_pairs[1].u_dls_pair/clk_IBUF_BUFG
    SLR Crossing[0->1]   
    SLICE_X137Y356       FDCE                                         r  gen_dls_pairs[1].u_dls_pair/FSM_onehot_dls_state_reg[3]/C
  -------------------------------------------------------------------    -------------------
    SLICE_X137Y356       FDCE (Prop_FFF2_SLICEM_C_Q)
                                                      0.079     4.281 f  gen_dls_pairs[1].u_dls_pair/FSM_onehot_dls_state_reg[3]/Q
                         net (fo=3, routed)           0.190     4.470    gen_dls_pairs[1].u_dls_pair/u_shadow/gen_fpu.u_fpu/mem_wb_result_reg[63][0]
    SLICE_X137Y356       LUT2 (Prop_C5LUT_SLICEM_I1_O)
                                                      0.068     4.538 r  gen_dls_pairs[1].u_dls_pair/u_shadow/gen_fpu.u_fpu/mem_wb_result[63]_i_1__2/O
                         net (fo=24, routed)          1.777     6.315    gen_dls_pairs[1].u_dls_pair/u_shadow/gen_fpu.u_fpu/FSM_onehot_dls_state_reg[3]_bufg_place
    BUFGCE_X1Y158        BUFGCE (Prop_BUFCE_BUFGCE_I_O)
                                                      0.028     6.343 r  gen_dls_pairs[1].u_dls_pair/u_shadow/gen_fpu.u_fpu/mem_wb_result[63]_i_1__2_bufg_place/O
                         net (fo=8393, routed)        1.411     7.754    gen_dls_pairs[1].u_dls_pair/u_primary/FSM_onehot_dls_state_reg[3]
    SLICE_X84Y328        FDCE                                         f  gen_dls_pairs[1].u_dls_pair/u_primary/fpregfile_reg[21][59]/CLR  (IS_INVERTED)
  -------------------------------------------------------------------    -------------------

                         (clock sys_clk rise edge)   10.000    10.000 r  
    AV33                                              0.000    10.000 r  clk (IN)
                         net (fo=0)                   0.000    10.000    clk_IBUF_inst/I
    AV33                 INBUF (Prop_INBUF_HPIOB_M_PAD_O)
                                                      0.256    10.256 r  clk_IBUF_inst/INBUF_INST/O
                         net (fo=1, routed)           0.000    10.256    clk_IBUF_inst/OUT
    AV33                 IBUFCTRL (Prop_IBUFCTRL_HPIOB_M_I_O)
                                                      0.000    10.256 r  clk_IBUF_inst/IBUFCTRL_INST/O
                         net (fo=1, routed)           0.287    10.543    clk_IBUF
    BUFGCE_X0Y26         BUFGCE (Prop_BUFCE_BUFGCE_I_O)
                                                      0.024    10.567 r  clk_IBUF_BUFG_inst/O
    X2Y6 (CLOCK_ROOT)    net (fo=134803, routed)      2.723    13.290    gen_dls_pairs[1].u_dls_pair/u_primary/clk_IBUF_BUFG
    SLR Crossing[0->1]   
    SLICE_X84Y328        FDCE                                         r  gen_dls_pairs[1].u_dls_pair/u_primary/fpregfile_reg[21][59]/C
                         clock pessimism              0.517    13.807    
                         clock uncertainty           -0.035    13.772    
    SLICE_X84Y328        FDCE (Recov_GFF_SLICEM_C_CLR)
                                                     -0.066    13.706    gen_dls_pairs[1].u_dls_pair/u_primary/fpregfile_reg[21][59]
  -------------------------------------------------------------------
                         required time                         13.706    
                         arrival time                          -7.754    
  -------------------------------------------------------------------
                         slack                                  5.951    

Slack (MET) :             5.952ns  (required time - arrival time)
  Source:                 gen_dls_pairs[1].u_dls_pair/FSM_onehot_dls_state_reg[3]/C
                            (rising edge-triggered cell FDCE clocked by sys_clk  {rise@0.000ns fall@5.000ns period=10.000ns})
  Destination:            gen_dls_pairs[1].u_dls_pair/u_primary/fpregfile_reg[16][59]/CLR
                            (recovery check against rising-edge clock sys_clk  {rise@0.000ns fall@5.000ns period=10.000ns})
  Path Group:             **async_default**
  Path Type:              Recovery (Max at Slow Process Corner)
  Requirement:            10.000ns  (sys_clk rise@10.000ns - sys_clk rise@0.000ns)
  Data Path Delay:        3.531ns  (logic 0.175ns (4.956%)  route 3.356ns (95.044%))
  Logic Levels:           2  (BUFGCE=1 LUT2=1)
  Clock Path Skew:        -0.416ns (DCD - SCD + CPR)
    Destination Clock Delay (DCD):    3.268ns = ( 13.268 - 10.000 ) 
    Source Clock Delay      (SCD):    4.202ns
    Clock Pessimism Removal (CPR):    0.518ns
  Clock Uncertainty:      0.035ns  ((TSJ^2 + TIJ^2)^1/2 + DJ) / 2 + PE
    Total System Jitter     (TSJ):    0.071ns
    Total Input Jitter      (TIJ):    0.000ns
    Discrete Jitter          (DJ):    0.000ns
    Phase Error              (PE):    0.000ns
  Clock Net Delay (Source):      3.345ns (routing 1.413ns, distribution 1.932ns)
  Clock Net Delay (Destination): 2.701ns (routing 1.282ns, distribution 1.419ns)

    Location             Delay type                Incr(ns)  Path(ns)    Netlist Resource(s)
  -------------------------------------------------------------------    -------------------
                         (clock sys_clk rise edge)    0.000     0.000 r  
    AV33                                              0.000     0.000 r  clk (IN)
                         net (fo=0)                   0.000     0.000    clk_IBUF_inst/I
    AV33                 INBUF (Prop_INBUF_HPIOB_M_PAD_O)
                                                      0.506     0.506 r  clk_IBUF_inst/INBUF_INST/O
                         net (fo=1, routed)           0.000     0.506    clk_IBUF_inst/OUT
    AV33                 IBUFCTRL (Prop_IBUFCTRL_HPIOB_M_I_O)
                                                      0.000     0.506 r  clk_IBUF_inst/IBUFCTRL_INST/O
                         net (fo=1, routed)           0.323     0.829    clk_IBUF
    BUFGCE_X0Y26         BUFGCE (Prop_BUFCE_BUFGCE_I_O)
                                                      0.028     0.857 r  clk_IBUF_BUFG_inst/O
    X2Y6 (CLOCK_ROOT)    net (fo=134803, routed)      3.345     4.202    gen_dls_pairs[1].u_dls_pair/clk_IBUF_BUFG
    SLR Crossing[0->1]   
    SLICE_X137Y356       FDCE                                         r  gen_dls_pairs[1].u_dls_pair/FSM_onehot_dls_state_reg[3]/C
  -------------------------------------------------------------------    -------------------
    SLICE_X137Y356       FDCE (Prop_FFF2_SLICEM_C_Q)
                                                      0.079     4.281 f  gen_dls_pairs[1].u_dls_pair/FSM_onehot_dls_state_reg[3]/Q
                         net (fo=3, routed)           0.190     4.470    gen_dls_pairs[1].u_dls_pair/u_shadow/gen_fpu.u_fpu/mem_wb_result_reg[63][0]
    SLICE_X137Y356       LUT2 (Prop_C5LUT_SLICEM_I1_O)
                                                      0.068     4.538 r  gen_dls_pairs[1].u_dls_pair/u_shadow/gen_fpu.u_fpu/mem_wb_result[63]_i_1__2/O
                         net (fo=24, routed)          1.777     6.315    gen_dls_pairs[1].u_dls_pair/u_shadow/gen_fpu.u_fpu/FSM_onehot_dls_state_reg[3]_bufg_place
    BUFGCE_X1Y158        BUFGCE (Prop_BUFCE_BUFGCE_I_O)
                                                      0.028     6.343 r  gen_dls_pairs[1].u_dls_pair/u_shadow/gen_fpu.u_fpu/mem_wb_result[63]_i_1__2_bufg_place/O
                         net (fo=8393, routed)        1.389     7.732    gen_dls_pairs[1].u_dls_pair/u_primary/FSM_onehot_dls_state_reg[3]
    SLICE_X82Y328        FDCE                                         f  gen_dls_pairs[1].u_dls_pair/u_primary/fpregfile_reg[16][59]/CLR  (IS_INVERTED)
  -------------------------------------------------------------------    -------------------

                         (clock sys_clk rise edge)   10.000    10.000 r  
    AV33                                              0.000    10.000 r  clk (IN)
                         net (fo=0)                   0.000    10.000    clk_IBUF_inst/I
    AV33                 INBUF (Prop_INBUF_HPIOB_M_PAD_O)
                                                      0.256    10.256 r  clk_IBUF_inst/INBUF_INST/O
                         net (fo=1, routed)           0.000    10.256    clk_IBUF_inst/OUT
    AV33                 IBUFCTRL (Prop_IBUFCTRL_HPIOB_M_I_O)
                                                      0.000    10.256 r  clk_IBUF_inst/IBUFCTRL_INST/O
                         net (fo=1, routed)           0.287    10.543    clk_IBUF
    BUFGCE_X0Y26         BUFGCE (Prop_BUFCE_BUFGCE_I_O)
                                                      0.024    10.567 r  clk_IBUF_BUFG_inst/O
    X2Y6 (CLOCK_ROOT)    net (fo=134803, routed)      2.701    13.268    gen_dls_pairs[1].u_dls_pair/u_primary/clk_IBUF_BUFG
    SLR Crossing[0->1]   
    SLICE_X82Y328        FDCE                                         r  gen_dls_pairs[1].u_dls_pair/u_primary/fpregfile_reg[16][59]/C
                         clock pessimism              0.518    13.785    
                         clock uncertainty           -0.035    13.750    
    SLICE_X82Y328        FDCE (Recov_DFF_SLICEL_C_CLR)
                                                     -0.066    13.684    gen_dls_pairs[1].u_dls_pair/u_primary/fpregfile_reg[16][59]
  -------------------------------------------------------------------
                         required time                         13.684    
                         arrival time                          -7.732    
  -------------------------------------------------------------------
                         slack                                  5.952    

Slack (MET) :             5.952ns  (required time - arrival time)
  Source:                 gen_dls_pairs[1].u_dls_pair/FSM_onehot_dls_state_reg[3]/C
                            (rising edge-triggered cell FDCE clocked by sys_clk  {rise@0.000ns fall@5.000ns period=10.000ns})
  Destination:            gen_dls_pairs[1].u_dls_pair/u_primary/fpregfile_reg[3][59]/CLR
                            (recovery check against rising-edge clock sys_clk  {rise@0.000ns fall@5.000ns period=10.000ns})
  Path Group:             **async_default**
  Path Type:              Recovery (Max at Slow Process Corner)
  Requirement:            10.000ns  (sys_clk rise@10.000ns - sys_clk rise@0.000ns)
  Data Path Delay:        3.531ns  (logic 0.175ns (4.956%)  route 3.356ns (95.044%))
  Logic Levels:           2  (BUFGCE=1 LUT2=1)
  Clock Path Skew:        -0.416ns (DCD - SCD + CPR)
    Destination Clock Delay (DCD):    3.268ns = ( 13.268 - 10.000 ) 
    Source Clock Delay      (SCD):    4.202ns
    Clock Pessimism Removal (CPR):    0.518ns
  Clock Uncertainty:      0.035ns  ((TSJ^2 + TIJ^2)^1/2 + DJ) / 2 + PE
    Total System Jitter     (TSJ):    0.071ns
    Total Input Jitter      (TIJ):    0.000ns
    Discrete Jitter          (DJ):    0.000ns
    Phase Error              (PE):    0.000ns
  Clock Net Delay (Source):      3.345ns (routing 1.413ns, distribution 1.932ns)
  Clock Net Delay (Destination): 2.701ns (routing 1.282ns, distribution 1.419ns)

    Location             Delay type                Incr(ns)  Path(ns)    Netlist Resource(s)
  -------------------------------------------------------------------    -------------------
                         (clock sys_clk rise edge)    0.000     0.000 r  
    AV33                                              0.000     0.000 r  clk (IN)
                         net (fo=0)                   0.000     0.000    clk_IBUF_inst/I
    AV33                 INBUF (Prop_INBUF_HPIOB_M_PAD_O)
                                                      0.506     0.506 r  clk_IBUF_inst/INBUF_INST/O
                         net (fo=1, routed)           0.000     0.506    clk_IBUF_inst/OUT
    AV33                 IBUFCTRL (Prop_IBUFCTRL_HPIOB_M_I_O)
                                                      0.000     0.506 r  clk_IBUF_inst/IBUFCTRL_INST/O
                         net (fo=1, routed)           0.323     0.829    clk_IBUF
    BUFGCE_X0Y26         BUFGCE (Prop_BUFCE_BUFGCE_I_O)
                                                      0.028     0.857 r  clk_IBUF_BUFG_inst/O
    X2Y6 (CLOCK_ROOT)    net (fo=134803, routed)      3.345     4.202    gen_dls_pairs[1].u_dls_pair/clk_IBUF_BUFG
    SLR Crossing[0->1]   
    SLICE_X137Y356       FDCE                                         r  gen_dls_pairs[1].u_dls_pair/FSM_onehot_dls_state_reg[3]/C
  -------------------------------------------------------------------    -------------------
    SLICE_X137Y356       FDCE (Prop_FFF2_SLICEM_C_Q)
                                                      0.079     4.281 f  gen_dls_pairs[1].u_dls_pair/FSM_onehot_dls_state_reg[3]/Q
                         net (fo=3, routed)           0.190     4.470    gen_dls_pairs[1].u_dls_pair/u_shadow/gen_fpu.u_fpu/mem_wb_result_reg[63][0]
    SLICE_X137Y356       LUT2 (Prop_C5LUT_SLICEM_I1_O)
                                                      0.068     4.538 r  gen_dls_pairs[1].u_dls_pair/u_shadow/gen_fpu.u_fpu/mem_wb_result[63]_i_1__2/O
                         net (fo=24, routed)          1.777     6.315    gen_dls_pairs[1].u_dls_pair/u_shadow/gen_fpu.u_fpu/FSM_onehot_dls_state_reg[3]_bufg_place
    BUFGCE_X1Y158        BUFGCE (Prop_BUFCE_BUFGCE_I_O)
                                                      0.028     6.343 r  gen_dls_pairs[1].u_dls_pair/u_shadow/gen_fpu.u_fpu/mem_wb_result[63]_i_1__2_bufg_place/O
                         net (fo=8393, routed)        1.389     7.732    gen_dls_pairs[1].u_dls_pair/u_primary/FSM_onehot_dls_state_reg[3]
    SLICE_X82Y328        FDCE                                         f  gen_dls_pairs[1].u_dls_pair/u_primary/fpregfile_reg[3][59]/CLR  (IS_INVERTED)
  -------------------------------------------------------------------    -------------------

                         (clock sys_clk rise edge)   10.000    10.000 r  
    AV33                                              0.000    10.000 r  clk (IN)
                         net (fo=0)                   0.000    10.000    clk_IBUF_inst/I
    AV33                 INBUF (Prop_INBUF_HPIOB_M_PAD_O)
                                                      0.256    10.256 r  clk_IBUF_inst/INBUF_INST/O
                         net (fo=1, routed)           0.000    10.256    clk_IBUF_inst/OUT
    AV33                 IBUFCTRL (Prop_IBUFCTRL_HPIOB_M_I_O)
                                                      0.000    10.256 r  clk_IBUF_inst/IBUFCTRL_INST/O
                         net (fo=1, routed)           0.287    10.543    clk_IBUF
    BUFGCE_X0Y26         BUFGCE (Prop_BUFCE_BUFGCE_I_O)
                                                      0.024    10.567 r  clk_IBUF_BUFG_inst/O
    X2Y6 (CLOCK_ROOT)    net (fo=134803, routed)      2.701    13.268    gen_dls_pairs[1].u_dls_pair/u_primary/clk_IBUF_BUFG
    SLR Crossing[0->1]   
    SLICE_X82Y328        FDCE                                         r  gen_dls_pairs[1].u_dls_pair/u_primary/fpregfile_reg[3][59]/C
                         clock pessimism              0.518    13.785    
                         clock uncertainty           -0.035    13.750    
    SLICE_X82Y328        FDCE (Recov_DFF2_SLICEL_C_CLR)
                                                     -0.066    13.684    gen_dls_pairs[1].u_dls_pair/u_primary/fpregfile_reg[3][59]
  -------------------------------------------------------------------
                         required time                         13.684    
                         arrival time                          -7.732    
  -------------------------------------------------------------------
                         slack                                  5.952    

Slack (MET) :             5.953ns  (required time - arrival time)
  Source:                 gen_dls_pairs[1].u_dls_pair/FSM_onehot_dls_state_reg[3]/C
                            (rising edge-triggered cell FDCE clocked by sys_clk  {rise@0.000ns fall@5.000ns period=10.000ns})
  Destination:            gen_dls_pairs[1].u_dls_pair/u_primary/fpregfile_reg[18][36]/CLR
                            (recovery check against rising-edge clock sys_clk  {rise@0.000ns fall@5.000ns period=10.000ns})
  Path Group:             **async_default**
  Path Type:              Recovery (Max at Slow Process Corner)
  Requirement:            10.000ns  (sys_clk rise@10.000ns - sys_clk rise@0.000ns)
  Data Path Delay:        3.552ns  (logic 0.175ns (4.927%)  route 3.377ns (95.073%))
  Logic Levels:           2  (BUFGCE=1 LUT2=1)
  Clock Path Skew:        -0.394ns (DCD - SCD + CPR)
    Destination Clock Delay (DCD):    3.291ns = ( 13.291 - 10.000 ) 
    Source Clock Delay      (SCD):    4.202ns
    Clock Pessimism Removal (CPR):    0.517ns
  Clock Uncertainty:      0.035ns  ((TSJ^2 + TIJ^2)^1/2 + DJ) / 2 + PE
    Total System Jitter     (TSJ):    0.071ns
    Total Input Jitter      (TIJ):    0.000ns
    Discrete Jitter          (DJ):    0.000ns
    Phase Error              (PE):    0.000ns
  Clock Net Delay (Source):      3.345ns (routing 1.413ns, distribution 1.932ns)
  Clock Net Delay (Destination): 2.724ns (routing 1.282ns, distribution 1.442ns)

    Location             Delay type                Incr(ns)  Path(ns)    Netlist Resource(s)
  -------------------------------------------------------------------    -------------------
                         (clock sys_clk rise edge)    0.000     0.000 r  
    AV33                                              0.000     0.000 r  clk (IN)
                         net (fo=0)                   0.000     0.000    clk_IBUF_inst/I
    AV33                 INBUF (Prop_INBUF_HPIOB_M_PAD_O)
                                                      0.506     0.506 r  clk_IBUF_inst/INBUF_INST/O
                         net (fo=1, routed)           0.000     0.506    clk_IBUF_inst/OUT
    AV33                 IBUFCTRL (Prop_IBUFCTRL_HPIOB_M_I_O)
                                                      0.000     0.506 r  clk_IBUF_inst/IBUFCTRL_INST/O
                         net (fo=1, routed)           0.323     0.829    clk_IBUF
    BUFGCE_X0Y26         BUFGCE (Prop_BUFCE_BUFGCE_I_O)
                                                      0.028     0.857 r  clk_IBUF_BUFG_inst/O
    X2Y6 (CLOCK_ROOT)    net (fo=134803, routed)      3.345     4.202    gen_dls_pairs[1].u_dls_pair/clk_IBUF_BUFG
    SLR Crossing[0->1]   
    SLICE_X137Y356       FDCE                                         r  gen_dls_pairs[1].u_dls_pair/FSM_onehot_dls_state_reg[3]/C
  -------------------------------------------------------------------    -------------------
    SLICE_X137Y356       FDCE (Prop_FFF2_SLICEM_C_Q)
                                                      0.079     4.281 f  gen_dls_pairs[1].u_dls_pair/FSM_onehot_dls_state_reg[3]/Q
                         net (fo=3, routed)           0.190     4.470    gen_dls_pairs[1].u_dls_pair/u_shadow/gen_fpu.u_fpu/mem_wb_result_reg[63][0]
    SLICE_X137Y356       LUT2 (Prop_C5LUT_SLICEM_I1_O)
                                                      0.068     4.538 r  gen_dls_pairs[1].u_dls_pair/u_shadow/gen_fpu.u_fpu/mem_wb_result[63]_i_1__2/O
                         net (fo=24, routed)          1.777     6.315    gen_dls_pairs[1].u_dls_pair/u_shadow/gen_fpu.u_fpu/FSM_onehot_dls_state_reg[3]_bufg_place
    BUFGCE_X1Y158        BUFGCE (Prop_BUFCE_BUFGCE_I_O)
                                                      0.028     6.343 r  gen_dls_pairs[1].u_dls_pair/u_shadow/gen_fpu.u_fpu/mem_wb_result[63]_i_1__2_bufg_place/O
                         net (fo=8393, routed)        1.410     7.753    gen_dls_pairs[1].u_dls_pair/u_primary/FSM_onehot_dls_state_reg[3]
    SLICE_X82Y321        FDCE                                         f  gen_dls_pairs[1].u_dls_pair/u_primary/fpregfile_reg[18][36]/CLR  (IS_INVERTED)
  -------------------------------------------------------------------    -------------------

                         (clock sys_clk rise edge)   10.000    10.000 r  
    AV33                                              0.000    10.000 r  clk (IN)
                         net (fo=0)                   0.000    10.000    clk_IBUF_inst/I
    AV33                 INBUF (Prop_INBUF_HPIOB_M_PAD_O)
                                                      0.256    10.256 r  clk_IBUF_inst/INBUF_INST/O
                         net (fo=1, routed)           0.000    10.256    clk_IBUF_inst/OUT
    AV33                 IBUFCTRL (Prop_IBUFCTRL_HPIOB_M_I_O)
                                                      0.000    10.256 r  clk_IBUF_inst/IBUFCTRL_INST/O
                         net (fo=1, routed)           0.287    10.543    clk_IBUF
    BUFGCE_X0Y26         BUFGCE (Prop_BUFCE_BUFGCE_I_O)
                                                      0.024    10.567 r  clk_IBUF_BUFG_inst/O
    X2Y6 (CLOCK_ROOT)    net (fo=134803, routed)      2.724    13.291    gen_dls_pairs[1].u_dls_pair/u_primary/clk_IBUF_BUFG
    SLR Crossing[0->1]   
    SLICE_X82Y321        FDCE                                         r  gen_dls_pairs[1].u_dls_pair/u_primary/fpregfile_reg[18][36]/C
                         clock pessimism              0.517    13.808    
                         clock uncertainty           -0.035    13.773    
    SLICE_X82Y321        FDCE (Recov_DFF_SLICEL_C_CLR)
                                                     -0.066    13.707    gen_dls_pairs[1].u_dls_pair/u_primary/fpregfile_reg[18][36]
  -------------------------------------------------------------------
                         required time                         13.707    
                         arrival time                          -7.753    
  -------------------------------------------------------------------
                         slack                                  5.953    





Min Delay Paths
--------------------------------------------------------------------------------------
Slack (MET) :             1.178ns  (arrival time - required time)
  Source:                 gen_dls_pairs[0].u_dls_pair/FSM_onehot_dls_state_reg[3]/C
                            (rising edge-triggered cell FDCE clocked by sys_clk  {rise@0.000ns fall@5.000ns period=10.000ns})
  Destination:            gen_dls_pairs[0].u_dls_pair/u_shadow/fpregfile_reg[19][13]/CLR
                            (removal check against rising-edge clock sys_clk  {rise@0.000ns fall@5.000ns period=10.000ns})
  Path Group:             **async_default**
  Path Type:              Removal (Min at Fast Process Corner)
  Requirement:            0.000ns  (sys_clk rise@0.000ns - sys_clk rise@0.000ns)
  Data Path Delay:        1.358ns  (logic 0.107ns (7.878%)  route 1.251ns (92.122%))
  Logic Levels:           2  (BUFGCE=1 LUT2=1)
  Clock Path Skew:        0.200ns (DCD - SCD - CPR)
    Destination Clock Delay (DCD):    2.661ns
    Source Clock Delay      (SCD):    2.141ns
    Clock Pessimism Removal (CPR):    0.320ns
  Clock Net Delay (Source):      1.840ns (routing 0.778ns, distribution 1.062ns)
  Clock Net Delay (Destination): 2.136ns (routing 0.868ns, distribution 1.268ns)

    Location             Delay type                Incr(ns)  Path(ns)    Netlist Resource(s)
  -------------------------------------------------------------------    -------------------
                         (clock sys_clk rise edge)    0.000     0.000 r  
    AV33                                              0.000     0.000 r  clk (IN)
                         net (fo=0)                   0.000     0.000    clk_IBUF_inst/I
    AV33                 INBUF (Prop_INBUF_HPIOB_M_PAD_O)
                                                      0.141     0.141 r  clk_IBUF_inst/INBUF_INST/O
                         net (fo=1, routed)           0.000     0.141    clk_IBUF_inst/OUT
    AV33                 IBUFCTRL (Prop_IBUFCTRL_HPIOB_M_I_O)
                                                      0.000     0.141 r  clk_IBUF_inst/IBUFCTRL_INST/O
                         net (fo=1, routed)           0.144     0.285    clk_IBUF
    BUFGCE_X0Y26         BUFGCE (Prop_BUFCE_BUFGCE_I_O)
                                                      0.017     0.302 r  clk_IBUF_BUFG_inst/O
    X2Y6 (CLOCK_ROOT)    net (fo=134803, routed)      1.840     2.141    gen_dls_pairs[0].u_dls_pair/clk_IBUF_BUFG
    SLR Crossing[0->1]   
    SLICE_X122Y466       FDCE                                         r  gen_dls_pairs[0].u_dls_pair/FSM_onehot_dls_state_reg[3]/C
  -------------------------------------------------------------------    -------------------
    SLICE_X122Y466       FDCE (Prop_AFF2_SLICEL_C_Q)
                                                      0.040     2.181 f  gen_dls_pairs[0].u_dls_pair/FSM_onehot_dls_state_reg[3]/Q
                         net (fo=28, routed)          0.061     2.242    gen_dls_pairs[0].u_dls_pair/u_primary/gen_fpu.u_fpu/u_sqrt/cycle_reg[4]_0[0]
    SLICE_X122Y467       LUT2 (Prop_A6LUT_SLICEL_I1_O)
                                                      0.050     2.292 f  gen_dls_pairs[0].u_dls_pair/u_primary/gen_fpu.u_fpu/u_sqrt/cycle[4]_i_2__13/O
                         net (fo=1, routed)           0.538     2.830    gen_dls_pairs[0].u_dls_pair/u_primary/gen_fpu.u_fpu/u_sqrt/FSM_onehot_dls_state_reg[3]_bufg_place
    BUFGCE_X1Y206        BUFGCE (Prop_BUFCE_BUFGCE_I_O)
                                                      0.017     2.847 f  gen_dls_pairs[0].u_dls_pair/u_primary/gen_fpu.u_fpu/u_sqrt/cycle[4]_i_2__13_bufg_place/O
                         net (fo=8250, routed)        0.652     3.499    gen_dls_pairs[0].u_dls_pair/u_shadow/done_reg
    SLICE_X147Y498       FDCE                                         f  gen_dls_pairs[0].u_dls_pair/u_shadow/fpregfile_reg[19][13]/CLR
  -------------------------------------------------------------------    -------------------

                         (clock sys_clk rise edge)    0.000     0.000 r  
    AV33                                              0.000     0.000 r  clk (IN)
                         net (fo=0)                   0.000     0.000    clk_IBUF_inst/I
    AV33                 INBUF (Prop_INBUF_HPIOB_M_PAD_O)
                                                      0.326     0.326 r  clk_IBUF_inst/INBUF_INST/O
                         net (fo=1, routed)           0.000     0.326    clk_IBUF_inst/OUT
    AV33                 IBUFCTRL (Prop_IBUFCTRL_HPIOB_M_I_O)
                                                      0.000     0.326 r  clk_IBUF_inst/IBUFCTRL_INST/O
                         net (fo=1, routed)           0.181     0.507    clk_IBUF
    BUFGCE_X0Y26         BUFGCE (Prop_BUFCE_BUFGCE_I_O)
                                                      0.019     0.526 r  clk_IBUF_BUFG_inst/O
    X2Y6 (CLOCK_ROOT)    net (fo=134803, routed)      2.136     2.661    gen_dls_pairs[0].u_dls_pair/u_shadow/clk_IBUF_BUFG
    SLR Crossing[0->1]   
    SLICE_X147Y498       FDCE                                         r  gen_dls_pairs[0].u_dls_pair/u_shadow/fpregfile_reg[19][13]/C
                         clock pessimism             -0.320     2.341    
    SLICE_X147Y498       FDCE (Remov_HFF_SLICEL_C_CLR)
                                                     -0.020     2.321    gen_dls_pairs[0].u_dls_pair/u_shadow/fpregfile_reg[19][13]
  -------------------------------------------------------------------
                         required time                         -2.321    
                         arrival time                           3.499    
  -------------------------------------------------------------------
                         slack                                  1.178    

Slack (MET) :             1.178ns  (arrival time - required time)
  Source:                 gen_dls_pairs[0].u_dls_pair/FSM_onehot_dls_state_reg[3]/C
                            (rising edge-triggered cell FDCE clocked by sys_clk  {rise@0.000ns fall@5.000ns period=10.000ns})
  Destination:            gen_dls_pairs[0].u_dls_pair/u_shadow/fpregfile_reg[19][20]/CLR
                            (removal check against rising-edge clock sys_clk  {rise@0.000ns fall@5.000ns period=10.000ns})
  Path Group:             **async_default**
  Path Type:              Removal (Min at Fast Process Corner)
  Requirement:            0.000ns  (sys_clk rise@0.000ns - sys_clk rise@0.000ns)
  Data Path Delay:        1.358ns  (logic 0.107ns (7.878%)  route 1.251ns (92.122%))
  Logic Levels:           2  (BUFGCE=1 LUT2=1)
  Clock Path Skew:        0.200ns (DCD - SCD - CPR)
    Destination Clock Delay (DCD):    2.661ns
    Source Clock Delay      (SCD):    2.141ns
    Clock Pessimism Removal (CPR):    0.320ns
  Clock Net Delay (Source):      1.840ns (routing 0.778ns, distribution 1.062ns)
  Clock Net Delay (Destination): 2.136ns (routing 0.868ns, distribution 1.268ns)

    Location             Delay type                Incr(ns)  Path(ns)    Netlist Resource(s)
  -------------------------------------------------------------------    -------------------
                         (clock sys_clk rise edge)    0.000     0.000 r  
    AV33                                              0.000     0.000 r  clk (IN)
                         net (fo=0)                   0.000     0.000    clk_IBUF_inst/I
    AV33                 INBUF (Prop_INBUF_HPIOB_M_PAD_O)
                                                      0.141     0.141 r  clk_IBUF_inst/INBUF_INST/O
                         net (fo=1, routed)           0.000     0.141    clk_IBUF_inst/OUT
    AV33                 IBUFCTRL (Prop_IBUFCTRL_HPIOB_M_I_O)
                                                      0.000     0.141 r  clk_IBUF_inst/IBUFCTRL_INST/O
                         net (fo=1, routed)           0.144     0.285    clk_IBUF
    BUFGCE_X0Y26         BUFGCE (Prop_BUFCE_BUFGCE_I_O)
                                                      0.017     0.302 r  clk_IBUF_BUFG_inst/O
    X2Y6 (CLOCK_ROOT)    net (fo=134803, routed)      1.840     2.141    gen_dls_pairs[0].u_dls_pair/clk_IBUF_BUFG
    SLR Crossing[0->1]   
    SLICE_X122Y466       FDCE                                         r  gen_dls_pairs[0].u_dls_pair/FSM_onehot_dls_state_reg[3]/C
  -------------------------------------------------------------------    -------------------
    SLICE_X122Y466       FDCE (Prop_AFF2_SLICEL_C_Q)
                                                      0.040     2.181 f  gen_dls_pairs[0].u_dls_pair/FSM_onehot_dls_state_reg[3]/Q
                         net (fo=28, routed)          0.061     2.242    gen_dls_pairs[0].u_dls_pair/u_primary/gen_fpu.u_fpu/u_sqrt/cycle_reg[4]_0[0]
    SLICE_X122Y467       LUT2 (Prop_A6LUT_SLICEL_I1_O)
                                                      0.050     2.292 f  gen_dls_pairs[0].u_dls_pair/u_primary/gen_fpu.u_fpu/u_sqrt/cycle[4]_i_2__13/O
                         net (fo=1, routed)           0.538     2.830    gen_dls_pairs[0].u_dls_pair/u_primary/gen_fpu.u_fpu/u_sqrt/FSM_onehot_dls_state_reg[3]_bufg_place
    BUFGCE_X1Y206        BUFGCE (Prop_BUFCE_BUFGCE_I_O)
                                                      0.017     2.847 f  gen_dls_pairs[0].u_dls_pair/u_primary/gen_fpu.u_fpu/u_sqrt/cycle[4]_i_2__13_bufg_place/O
                         net (fo=8250, routed)        0.652     3.499    gen_dls_pairs[0].u_dls_pair/u_shadow/done_reg
    SLICE_X147Y498       FDCE                                         f  gen_dls_pairs[0].u_dls_pair/u_shadow/fpregfile_reg[19][20]/CLR
  -------------------------------------------------------------------    -------------------

                         (clock sys_clk rise edge)    0.000     0.000 r  
    AV33                                              0.000     0.000 r  clk (IN)
                         net (fo=0)                   0.000     0.000    clk_IBUF_inst/I
    AV33                 INBUF (Prop_INBUF_HPIOB_M_PAD_O)
                                                      0.326     0.326 r  clk_IBUF_inst/INBUF_INST/O
                         net (fo=1, routed)           0.000     0.326    clk_IBUF_inst/OUT
    AV33                 IBUFCTRL (Prop_IBUFCTRL_HPIOB_M_I_O)
                                                      0.000     0.326 r  clk_IBUF_inst/IBUFCTRL_INST/O
                         net (fo=1, routed)           0.181     0.507    clk_IBUF
    BUFGCE_X0Y26         BUFGCE (Prop_BUFCE_BUFGCE_I_O)
                                                      0.019     0.526 r  clk_IBUF_BUFG_inst/O
    X2Y6 (CLOCK_ROOT)    net (fo=134803, routed)      2.136     2.661    gen_dls_pairs[0].u_dls_pair/u_shadow/clk_IBUF_BUFG
    SLR Crossing[0->1]   
    SLICE_X147Y498       FDCE                                         r  gen_dls_pairs[0].u_dls_pair/u_shadow/fpregfile_reg[19][20]/C
                         clock pessimism             -0.320     2.341    
    SLICE_X147Y498       FDCE (Remov_GFF_SLICEL_C_CLR)
                                                     -0.020     2.321    gen_dls_pairs[0].u_dls_pair/u_shadow/fpregfile_reg[19][20]
  -------------------------------------------------------------------
                         required time                         -2.321    
                         arrival time                           3.499    
  -------------------------------------------------------------------
                         slack                                  1.178    

Slack (MET) :             1.178ns  (arrival time - required time)
  Source:                 gen_dls_pairs[0].u_dls_pair/FSM_onehot_dls_state_reg[3]/C
                            (rising edge-triggered cell FDCE clocked by sys_clk  {rise@0.000ns fall@5.000ns period=10.000ns})
  Destination:            gen_dls_pairs[0].u_dls_pair/u_shadow/fpregfile_reg[16][16]/CLR
                            (removal check against rising-edge clock sys_clk  {rise@0.000ns fall@5.000ns period=10.000ns})
  Path Group:             **async_default**
  Path Type:              Removal (Min at Fast Process Corner)
  Requirement:            0.000ns  (sys_clk rise@0.000ns - sys_clk rise@0.000ns)
  Data Path Delay:        1.356ns  (logic 0.107ns (7.890%)  route 1.249ns (92.110%))
  Logic Levels:           2  (BUFGCE=1 LUT2=1)
  Clock Path Skew:        0.198ns (DCD - SCD - CPR)
    Destination Clock Delay (DCD):    2.659ns
    Source Clock Delay      (SCD):    2.141ns
    Clock Pessimism Removal (CPR):    0.320ns
  Clock Net Delay (Source):      1.840ns (routing 0.778ns, distribution 1.062ns)
  Clock Net Delay (Destination): 2.134ns (routing 0.868ns, distribution 1.266ns)

    Location             Delay type                Incr(ns)  Path(ns)    Netlist Resource(s)
  -------------------------------------------------------------------    -------------------
                         (clock sys_clk rise edge)    0.000     0.000 r  
    AV33                                              0.000     0.000 r  clk (IN)
                         net (fo=0)                   0.000     0.000    clk_IBUF_inst/I
    AV33                 INBUF (Prop_INBUF_HPIOB_M_PAD_O)
                                                      0.141     0.141 r  clk_IBUF_inst/INBUF_INST/O
                         net (fo=1, routed)           0.000     0.141    clk_IBUF_inst/OUT
    AV33                 IBUFCTRL (Prop_IBUFCTRL_HPIOB_M_I_O)
                                                      0.000     0.141 r  clk_IBUF_inst/IBUFCTRL_INST/O
                         net (fo=1, routed)           0.144     0.285    clk_IBUF
    BUFGCE_X0Y26         BUFGCE (Prop_BUFCE_BUFGCE_I_O)
                                                      0.017     0.302 r  clk_IBUF_BUFG_inst/O
    X2Y6 (CLOCK_ROOT)    net (fo=134803, routed)      1.840     2.141    gen_dls_pairs[0].u_dls_pair/clk_IBUF_BUFG
    SLR Crossing[0->1]   
    SLICE_X122Y466       FDCE                                         r  gen_dls_pairs[0].u_dls_pair/FSM_onehot_dls_state_reg[3]/C
  -------------------------------------------------------------------    -------------------
    SLICE_X122Y466       FDCE (Prop_AFF2_SLICEL_C_Q)
                                                      0.040     2.181 f  gen_dls_pairs[0].u_dls_pair/FSM_onehot_dls_state_reg[3]/Q
                         net (fo=28, routed)          0.061     2.242    gen_dls_pairs[0].u_dls_pair/u_primary/gen_fpu.u_fpu/u_sqrt/cycle_reg[4]_0[0]
    SLICE_X122Y467       LUT2 (Prop_A6LUT_SLICEL_I1_O)
                                                      0.050     2.292 f  gen_dls_pairs[0].u_dls_pair/u_primary/gen_fpu.u_fpu/u_sqrt/cycle[4]_i_2__13/O
                         net (fo=1, routed)           0.538     2.830    gen_dls_pairs[0].u_dls_pair/u_primary/gen_fpu.u_fpu/u_sqrt/FSM_onehot_dls_state_reg[3]_bufg_place
    BUFGCE_X1Y206        BUFGCE (Prop_BUFCE_BUFGCE_I_O)
                                                      0.017     2.847 f  gen_dls_pairs[0].u_dls_pair/u_primary/gen_fpu.u_fpu/u_sqrt/cycle[4]_i_2__13_bufg_place/O
                         net (fo=8250, routed)        0.650     3.497    gen_dls_pairs[0].u_dls_pair/u_shadow/done_reg
    SLICE_X145Y499       FDCE                                         f  gen_dls_pairs[0].u_dls_pair/u_shadow/fpregfile_reg[16][16]/CLR
  -------------------------------------------------------------------    -------------------

                         (clock sys_clk rise edge)    0.000     0.000 r  
    AV33                                              0.000     0.000 r  clk (IN)
                         net (fo=0)                   0.000     0.000    clk_IBUF_inst/I
    AV33                 INBUF (Prop_INBUF_HPIOB_M_PAD_O)
                                                      0.326     0.326 r  clk_IBUF_inst/INBUF_INST/O
                         net (fo=1, routed)           0.000     0.326    clk_IBUF_inst/OUT
    AV33                 IBUFCTRL (Prop_IBUFCTRL_HPIOB_M_I_O)
                                                      0.000     0.326 r  clk_IBUF_inst/IBUFCTRL_INST/O
                         net (fo=1, routed)           0.181     0.507    clk_IBUF
    BUFGCE_X0Y26         BUFGCE (Prop_BUFCE_BUFGCE_I_O)
                                                      0.019     0.526 r  clk_IBUF_BUFG_inst/O
    X2Y6 (CLOCK_ROOT)    net (fo=134803, routed)      2.134     2.659    gen_dls_pairs[0].u_dls_pair/u_shadow/clk_IBUF_BUFG
    SLR Crossing[0->1]   
    SLICE_X145Y499       FDCE                                         r  gen_dls_pairs[0].u_dls_pair/u_shadow/fpregfile_reg[16][16]/C
                         clock pessimism             -0.320     2.339    
    SLICE_X145Y499       FDCE (Remov_HFF_SLICEL_C_CLR)
                                                     -0.020     2.319    gen_dls_pairs[0].u_dls_pair/u_shadow/fpregfile_reg[16][16]
  -------------------------------------------------------------------
                         required time                         -2.319    
                         arrival time                           3.497    
  -------------------------------------------------------------------
                         slack                                  1.178    

Slack (MET) :             1.179ns  (arrival time - required time)
  Source:                 gen_dls_pairs[0].u_dls_pair/FSM_onehot_dls_state_reg[3]/C
                            (rising edge-triggered cell FDCE clocked by sys_clk  {rise@0.000ns fall@5.000ns period=10.000ns})
  Destination:            gen_dls_pairs[0].u_dls_pair/u_shadow/fpregfile_reg[20][17]/CLR
                            (removal check against rising-edge clock sys_clk  {rise@0.000ns fall@5.000ns period=10.000ns})
  Path Group:             **async_default**
  Path Type:              Removal (Min at Fast Process Corner)
  Requirement:            0.000ns  (sys_clk rise@0.000ns - sys_clk rise@0.000ns)
  Data Path Delay:        1.360ns  (logic 0.107ns (7.867%)  route 1.253ns (92.133%))
  Logic Levels:           2  (BUFGCE=1 LUT2=1)
  Clock Path Skew:        0.201ns (DCD - SCD - CPR)
    Destination Clock Delay (DCD):    2.662ns
    Source Clock Delay      (SCD):    2.141ns
    Clock Pessimism Removal (CPR):    0.320ns
  Clock Net Delay (Source):      1.840ns (routing 0.778ns, distribution 1.062ns)
  Clock Net Delay (Destination): 2.137ns (routing 0.868ns, distribution 1.269ns)

    Location             Delay type                Incr(ns)  Path(ns)    Netlist Resource(s)
  -------------------------------------------------------------------    -------------------
                         (clock sys_clk rise edge)    0.000     0.000 r  
    AV33                                              0.000     0.000 r  clk (IN)
                         net (fo=0)                   0.000     0.000    clk_IBUF_inst/I
    AV33                 INBUF (Prop_INBUF_HPIOB_M_PAD_O)
                                                      0.141     0.141 r  clk_IBUF_inst/INBUF_INST/O
                         net (fo=1, routed)           0.000     0.141    clk_IBUF_inst/OUT
    AV33                 IBUFCTRL (Prop_IBUFCTRL_HPIOB_M_I_O)
                                                      0.000     0.141 r  clk_IBUF_inst/IBUFCTRL_INST/O
                         net (fo=1, routed)           0.144     0.285    clk_IBUF
    BUFGCE_X0Y26         BUFGCE (Prop_BUFCE_BUFGCE_I_O)
                                                      0.017     0.302 r  clk_IBUF_BUFG_inst/O
    X2Y6 (CLOCK_ROOT)    net (fo=134803, routed)      1.840     2.141    gen_dls_pairs[0].u_dls_pair/clk_IBUF_BUFG
    SLR Crossing[0->1]   
    SLICE_X122Y466       FDCE                                         r  gen_dls_pairs[0].u_dls_pair/FSM_onehot_dls_state_reg[3]/C
  -------------------------------------------------------------------    -------------------
    SLICE_X122Y466       FDCE (Prop_AFF2_SLICEL_C_Q)
                                                      0.040     2.181 f  gen_dls_pairs[0].u_dls_pair/FSM_onehot_dls_state_reg[3]/Q
                         net (fo=28, routed)          0.061     2.242    gen_dls_pairs[0].u_dls_pair/u_primary/gen_fpu.u_fpu/u_sqrt/cycle_reg[4]_0[0]
    SLICE_X122Y467       LUT2 (Prop_A6LUT_SLICEL_I1_O)
                                                      0.050     2.292 f  gen_dls_pairs[0].u_dls_pair/u_primary/gen_fpu.u_fpu/u_sqrt/cycle[4]_i_2__13/O
                         net (fo=1, routed)           0.538     2.830    gen_dls_pairs[0].u_dls_pair/u_primary/gen_fpu.u_fpu/u_sqrt/FSM_onehot_dls_state_reg[3]_bufg_place
    BUFGCE_X1Y206        BUFGCE (Prop_BUFCE_BUFGCE_I_O)
                                                      0.017     2.847 f  gen_dls_pairs[0].u_dls_pair/u_primary/gen_fpu.u_fpu/u_sqrt/cycle[4]_i_2__13_bufg_place/O
                         net (fo=8250, routed)        0.654     3.501    gen_dls_pairs[0].u_dls_pair/u_shadow/done_reg
    SLICE_X151Y501       FDCE                                         f  gen_dls_pairs[0].u_dls_pair/u_shadow/fpregfile_reg[20][17]/CLR
  -------------------------------------------------------------------    -------------------

                         (clock sys_clk rise edge)    0.000     0.000 r  
    AV33                                              0.000     0.000 r  clk (IN)
                         net (fo=0)                   0.000     0.000    clk_IBUF_inst/I
    AV33                 INBUF (Prop_INBUF_HPIOB_M_PAD_O)
                                                      0.326     0.326 r  clk_IBUF_inst/INBUF_INST/O
                         net (fo=1, routed)           0.000     0.326    clk_IBUF_inst/OUT
    AV33                 IBUFCTRL (Prop_IBUFCTRL_HPIOB_M_I_O)
                                                      0.000     0.326 r  clk_IBUF_inst/IBUFCTRL_INST/O
                         net (fo=1, routed)           0.181     0.507    clk_IBUF
    BUFGCE_X0Y26         BUFGCE (Prop_BUFCE_BUFGCE_I_O)
                                                      0.019     0.526 r  clk_IBUF_BUFG_inst/O
    X2Y6 (CLOCK_ROOT)    net (fo=134803, routed)      2.137     2.662    gen_dls_pairs[0].u_dls_pair/u_shadow/clk_IBUF_BUFG
    SLR Crossing[0->1]   
    SLICE_X151Y501       FDCE                                         r  gen_dls_pairs[0].u_dls_pair/u_shadow/fpregfile_reg[20][17]/C
                         clock pessimism             -0.320     2.342    
    SLICE_X151Y501       FDCE (Remov_FFF_SLICEL_C_CLR)
                                                     -0.020     2.322    gen_dls_pairs[0].u_dls_pair/u_shadow/fpregfile_reg[20][17]
  -------------------------------------------------------------------
                         required time                         -2.322    
                         arrival time                           3.501    
  -------------------------------------------------------------------
                         slack                                  1.179    

Slack (MET) :             1.179ns  (arrival time - required time)
  Source:                 gen_dls_pairs[0].u_dls_pair/FSM_onehot_dls_state_reg[3]/C
                            (rising edge-triggered cell FDCE clocked by sys_clk  {rise@0.000ns fall@5.000ns period=10.000ns})
  Destination:            gen_dls_pairs[0].u_dls_pair/u_shadow/fpregfile_reg[20][23]/CLR
                            (removal check against rising-edge clock sys_clk  {rise@0.000ns fall@5.000ns period=10.000ns})
  Path Group:             **async_default**
  Path Type:              Removal (Min at Fast Process Corner)
  Requirement:            0.000ns  (sys_clk rise@0.000ns - sys_clk rise@0.000ns)
  Data Path Delay:        1.360ns  (logic 0.107ns (7.867%)  route 1.253ns (92.133%))
  Logic Levels:           2  (BUFGCE=1 LUT2=1)
  Clock Path Skew:        0.201ns (DCD - SCD - CPR)
    Destination Clock Delay (DCD):    2.662ns
    Source Clock Delay      (SCD):    2.141ns
    Clock Pessimism Removal (CPR):    0.320ns
  Clock Net Delay (Source):      1.840ns (routing 0.778ns, distribution 1.062ns)
  Clock Net Delay (Destination): 2.137ns (routing 0.868ns, distribution 1.269ns)

    Location             Delay type                Incr(ns)  Path(ns)    Netlist Resource(s)
  -------------------------------------------------------------------    -------------------
                         (clock sys_clk rise edge)    0.000     0.000 r  
    AV33                                              0.000     0.000 r  clk (IN)
                         net (fo=0)                   0.000     0.000    clk_IBUF_inst/I
    AV33                 INBUF (Prop_INBUF_HPIOB_M_PAD_O)
                                                      0.141     0.141 r  clk_IBUF_inst/INBUF_INST/O
                         net (fo=1, routed)           0.000     0.141    clk_IBUF_inst/OUT
    AV33                 IBUFCTRL (Prop_IBUFCTRL_HPIOB_M_I_O)
                                                      0.000     0.141 r  clk_IBUF_inst/IBUFCTRL_INST/O
                         net (fo=1, routed)           0.144     0.285    clk_IBUF
    BUFGCE_X0Y26         BUFGCE (Prop_BUFCE_BUFGCE_I_O)
                                                      0.017     0.302 r  clk_IBUF_BUFG_inst/O
    X2Y6 (CLOCK_ROOT)    net (fo=134803, routed)      1.840     2.141    gen_dls_pairs[0].u_dls_pair/clk_IBUF_BUFG
    SLR Crossing[0->1]   
    SLICE_X122Y466       FDCE                                         r  gen_dls_pairs[0].u_dls_pair/FSM_onehot_dls_state_reg[3]/C
  -------------------------------------------------------------------    -------------------
    SLICE_X122Y466       FDCE (Prop_AFF2_SLICEL_C_Q)
                                                      0.040     2.181 f  gen_dls_pairs[0].u_dls_pair/FSM_onehot_dls_state_reg[3]/Q
                         net (fo=28, routed)          0.061     2.242    gen_dls_pairs[0].u_dls_pair/u_primary/gen_fpu.u_fpu/u_sqrt/cycle_reg[4]_0[0]
    SLICE_X122Y467       LUT2 (Prop_A6LUT_SLICEL_I1_O)
                                                      0.050     2.292 f  gen_dls_pairs[0].u_dls_pair/u_primary/gen_fpu.u_fpu/u_sqrt/cycle[4]_i_2__13/O
                         net (fo=1, routed)           0.538     2.830    gen_dls_pairs[0].u_dls_pair/u_primary/gen_fpu.u_fpu/u_sqrt/FSM_onehot_dls_state_reg[3]_bufg_place
    BUFGCE_X1Y206        BUFGCE (Prop_BUFCE_BUFGCE_I_O)
                                                      0.017     2.847 f  gen_dls_pairs[0].u_dls_pair/u_primary/gen_fpu.u_fpu/u_sqrt/cycle[4]_i_2__13_bufg_place/O
                         net (fo=8250, routed)        0.654     3.501    gen_dls_pairs[0].u_dls_pair/u_shadow/done_reg
    SLICE_X151Y501       FDCE                                         f  gen_dls_pairs[0].u_dls_pair/u_shadow/fpregfile_reg[20][23]/CLR
  -------------------------------------------------------------------    -------------------

                         (clock sys_clk rise edge)    0.000     0.000 r  
    AV33                                              0.000     0.000 r  clk (IN)
                         net (fo=0)                   0.000     0.000    clk_IBUF_inst/I
    AV33                 INBUF (Prop_INBUF_HPIOB_M_PAD_O)
                                                      0.326     0.326 r  clk_IBUF_inst/INBUF_INST/O
                         net (fo=1, routed)           0.000     0.326    clk_IBUF_inst/OUT
    AV33                 IBUFCTRL (Prop_IBUFCTRL_HPIOB_M_I_O)
                                                      0.000     0.326 r  clk_IBUF_inst/IBUFCTRL_INST/O
                         net (fo=1, routed)           0.181     0.507    clk_IBUF
    BUFGCE_X0Y26         BUFGCE (Prop_BUFCE_BUFGCE_I_O)
                                                      0.019     0.526 r  clk_IBUF_BUFG_inst/O
    X2Y6 (CLOCK_ROOT)    net (fo=134803, routed)      2.137     2.662    gen_dls_pairs[0].u_dls_pair/u_shadow/clk_IBUF_BUFG
    SLR Crossing[0->1]   
    SLICE_X151Y501       FDCE                                         r  gen_dls_pairs[0].u_dls_pair/u_shadow/fpregfile_reg[20][23]/C
                         clock pessimism             -0.320     2.342    
    SLICE_X151Y501       FDCE (Remov_EFF_SLICEL_C_CLR)
                                                     -0.020     2.322    gen_dls_pairs[0].u_dls_pair/u_shadow/fpregfile_reg[20][23]
  -------------------------------------------------------------------
                         required time                         -2.322    
                         arrival time                           3.501    
  -------------------------------------------------------------------
                         slack                                  1.179    

Slack (MET) :             1.179ns  (arrival time - required time)
  Source:                 gen_dls_pairs[0].u_dls_pair/FSM_onehot_dls_state_reg[3]/C
                            (rising edge-triggered cell FDCE clocked by sys_clk  {rise@0.000ns fall@5.000ns period=10.000ns})
  Destination:            gen_dls_pairs[0].u_dls_pair/u_shadow/fpregfile_reg[24][27]/CLR
                            (removal check against rising-edge clock sys_clk  {rise@0.000ns fall@5.000ns period=10.000ns})
  Path Group:             **async_default**
  Path Type:              Removal (Min at Fast Process Corner)
  Requirement:            0.000ns  (sys_clk rise@0.000ns - sys_clk rise@0.000ns)
  Data Path Delay:        1.351ns  (logic 0.107ns (7.919%)  route 1.244ns (92.081%))
  Logic Levels:           2  (BUFGCE=1 LUT2=1)
  Clock Path Skew:        0.192ns (DCD - SCD - CPR)
    Destination Clock Delay (DCD):    2.653ns
    Source Clock Delay      (SCD):    2.141ns
    Clock Pessimism Removal (CPR):    0.320ns
  Clock Net Delay (Source):      1.840ns (routing 0.778ns, distribution 1.062ns)
  Clock Net Delay (Destination): 2.128ns (routing 0.868ns, distribution 1.260ns)

    Location             Delay type                Incr(ns)  Path(ns)    Netlist Resource(s)
  -------------------------------------------------------------------    -------------------
                         (clock sys_clk rise edge)    0.000     0.000 r  
    AV33                                              0.000     0.000 r  clk (IN)
                         net (fo=0)                   0.000     0.000    clk_IBUF_inst/I
    AV33                 INBUF (Prop_INBUF_HPIOB_M_PAD_O)
                                                      0.141     0.141 r  clk_IBUF_inst/INBUF_INST/O
                         net (fo=1, routed)           0.000     0.141    clk_IBUF_inst/OUT
    AV33                 IBUFCTRL (Prop_IBUFCTRL_HPIOB_M_I_O)
                                                      0.000     0.141 r  clk_IBUF_inst/IBUFCTRL_INST/O
                         net (fo=1, routed)           0.144     0.285    clk_IBUF
    BUFGCE_X0Y26         BUFGCE (Prop_BUFCE_BUFGCE_I_O)
                                                      0.017     0.302 r  clk_IBUF_BUFG_inst/O
    X2Y6 (CLOCK_ROOT)    net (fo=134803, routed)      1.840     2.141    gen_dls_pairs[0].u_dls_pair/clk_IBUF_BUFG
    SLR Crossing[0->1]   
    SLICE_X122Y466       FDCE                                         r  gen_dls_pairs[0].u_dls_pair/FSM_onehot_dls_state_reg[3]/C
  -------------------------------------------------------------------    -------------------
    SLICE_X122Y466       FDCE (Prop_AFF2_SLICEL_C_Q)
                                                      0.040     2.181 f  gen_dls_pairs[0].u_dls_pair/FSM_onehot_dls_state_reg[3]/Q
                         net (fo=28, routed)          0.061     2.242    gen_dls_pairs[0].u_dls_pair/u_primary/gen_fpu.u_fpu/u_sqrt/cycle_reg[4]_0[0]
    SLICE_X122Y467       LUT2 (Prop_A6LUT_SLICEL_I1_O)
                                                      0.050     2.292 f  gen_dls_pairs[0].u_dls_pair/u_primary/gen_fpu.u_fpu/u_sqrt/cycle[4]_i_2__13/O
                         net (fo=1, routed)           0.538     2.830    gen_dls_pairs[0].u_dls_pair/u_primary/gen_fpu.u_fpu/u_sqrt/FSM_onehot_dls_state_reg[3]_bufg_place
    BUFGCE_X1Y206        BUFGCE (Prop_BUFCE_BUFGCE_I_O)
                                                      0.017     2.847 f  gen_dls_pairs[0].u_dls_pair/u_primary/gen_fpu.u_fpu/u_sqrt/cycle[4]_i_2__13_bufg_place/O
                         net (fo=8250, routed)        0.645     3.492    gen_dls_pairs[0].u_dls_pair/u_shadow/done_reg
    SLICE_X145Y516       FDCE                                         f  gen_dls_pairs[0].u_dls_pair/u_shadow/fpregfile_reg[24][27]/CLR
  -------------------------------------------------------------------    -------------------

                         (clock sys_clk rise edge)    0.000     0.000 r  
    AV33                                              0.000     0.000 r  clk (IN)
                         net (fo=0)                   0.000     0.000    clk_IBUF_inst/I
    AV33                 INBUF (Prop_INBUF_HPIOB_M_PAD_O)
                                                      0.326     0.326 r  clk_IBUF_inst/INBUF_INST/O
                         net (fo=1, routed)           0.000     0.326    clk_IBUF_inst/OUT
    AV33                 IBUFCTRL (Prop_IBUFCTRL_HPIOB_M_I_O)
                                                      0.000     0.326 r  clk_IBUF_inst/IBUFCTRL_INST/O
                         net (fo=1, routed)           0.181     0.507    clk_IBUF
    BUFGCE_X0Y26         BUFGCE (Prop_BUFCE_BUFGCE_I_O)
                                                      0.019     0.526 r  clk_IBUF_BUFG_inst/O
    X2Y6 (CLOCK_ROOT)    net (fo=134803, routed)      2.128     2.653    gen_dls_pairs[0].u_dls_pair/u_shadow/clk_IBUF_BUFG
    SLR Crossing[0->1]   
    SLICE_X145Y516       FDCE                                         r  gen_dls_pairs[0].u_dls_pair/u_shadow/fpregfile_reg[24][27]/C
                         clock pessimism             -0.320     2.333    
    SLICE_X145Y516       FDCE (Remov_FFF_SLICEL_C_CLR)
                                                     -0.020     2.313    gen_dls_pairs[0].u_dls_pair/u_shadow/fpregfile_reg[24][27]
  -------------------------------------------------------------------
                         required time                         -2.313    
                         arrival time                           3.492    
  -------------------------------------------------------------------
                         slack                                  1.179    

Slack (MET) :             1.179ns  (arrival time - required time)
  Source:                 gen_dls_pairs[0].u_dls_pair/FSM_onehot_dls_state_reg[3]/C
                            (rising edge-triggered cell FDCE clocked by sys_clk  {rise@0.000ns fall@5.000ns period=10.000ns})
  Destination:            gen_dls_pairs[0].u_dls_pair/u_shadow/fpregfile_reg[24][31]/CLR
                            (removal check against rising-edge clock sys_clk  {rise@0.000ns fall@5.000ns period=10.000ns})
  Path Group:             **async_default**
  Path Type:              Removal (Min at Fast Process Corner)
  Requirement:            0.000ns  (sys_clk rise@0.000ns - sys_clk rise@0.000ns)
  Data Path Delay:        1.351ns  (logic 0.107ns (7.919%)  route 1.244ns (92.081%))
  Logic Levels:           2  (BUFGCE=1 LUT2=1)
  Clock Path Skew:        0.192ns (DCD - SCD - CPR)
    Destination Clock Delay (DCD):    2.653ns
    Source Clock Delay      (SCD):    2.141ns
    Clock Pessimism Removal (CPR):    0.320ns
  Clock Net Delay (Source):      1.840ns (routing 0.778ns, distribution 1.062ns)
  Clock Net Delay (Destination): 2.128ns (routing 0.868ns, distribution 1.260ns)

    Location             Delay type                Incr(ns)  Path(ns)    Netlist Resource(s)
  -------------------------------------------------------------------    -------------------
                         (clock sys_clk rise edge)    0.000     0.000 r  
    AV33                                              0.000     0.000 r  clk (IN)
                         net (fo=0)                   0.000     0.000    clk_IBUF_inst/I
    AV33                 INBUF (Prop_INBUF_HPIOB_M_PAD_O)
                                                      0.141     0.141 r  clk_IBUF_inst/INBUF_INST/O
                         net (fo=1, routed)           0.000     0.141    clk_IBUF_inst/OUT
    AV33                 IBUFCTRL (Prop_IBUFCTRL_HPIOB_M_I_O)
                                                      0.000     0.141 r  clk_IBUF_inst/IBUFCTRL_INST/O
                         net (fo=1, routed)           0.144     0.285    clk_IBUF
    BUFGCE_X0Y26         BUFGCE (Prop_BUFCE_BUFGCE_I_O)
                                                      0.017     0.302 r  clk_IBUF_BUFG_inst/O
    X2Y6 (CLOCK_ROOT)    net (fo=134803, routed)      1.840     2.141    gen_dls_pairs[0].u_dls_pair/clk_IBUF_BUFG
    SLR Crossing[0->1]   
    SLICE_X122Y466       FDCE                                         r  gen_dls_pairs[0].u_dls_pair/FSM_onehot_dls_state_reg[3]/C
  -------------------------------------------------------------------    -------------------
    SLICE_X122Y466       FDCE (Prop_AFF2_SLICEL_C_Q)
                                                      0.040     2.181 f  gen_dls_pairs[0].u_dls_pair/FSM_onehot_dls_state_reg[3]/Q
                         net (fo=28, routed)          0.061     2.242    gen_dls_pairs[0].u_dls_pair/u_primary/gen_fpu.u_fpu/u_sqrt/cycle_reg[4]_0[0]
    SLICE_X122Y467       LUT2 (Prop_A6LUT_SLICEL_I1_O)
                                                      0.050     2.292 f  gen_dls_pairs[0].u_dls_pair/u_primary/gen_fpu.u_fpu/u_sqrt/cycle[4]_i_2__13/O
                         net (fo=1, routed)           0.538     2.830    gen_dls_pairs[0].u_dls_pair/u_primary/gen_fpu.u_fpu/u_sqrt/FSM_onehot_dls_state_reg[3]_bufg_place
    BUFGCE_X1Y206        BUFGCE (Prop_BUFCE_BUFGCE_I_O)
                                                      0.017     2.847 f  gen_dls_pairs[0].u_dls_pair/u_primary/gen_fpu.u_fpu/u_sqrt/cycle[4]_i_2__13_bufg_place/O
                         net (fo=8250, routed)        0.645     3.492    gen_dls_pairs[0].u_dls_pair/u_shadow/done_reg
    SLICE_X145Y516       FDCE                                         f  gen_dls_pairs[0].u_dls_pair/u_shadow/fpregfile_reg[24][31]/CLR
  -------------------------------------------------------------------    -------------------

                         (clock sys_clk rise edge)    0.000     0.000 r  
    AV33                                              0.000     0.000 r  clk (IN)
                         net (fo=0)                   0.000     0.000    clk_IBUF_inst/I
    AV33                 INBUF (Prop_INBUF_HPIOB_M_PAD_O)
                                                      0.326     0.326 r  clk_IBUF_inst/INBUF_INST/O
                         net (fo=1, routed)           0.000     0.326    clk_IBUF_inst/OUT
    AV33                 IBUFCTRL (Prop_IBUFCTRL_HPIOB_M_I_O)
                                                      0.000     0.326 r  clk_IBUF_inst/IBUFCTRL_INST/O
                         net (fo=1, routed)           0.181     0.507    clk_IBUF
    BUFGCE_X0Y26         BUFGCE (Prop_BUFCE_BUFGCE_I_O)
                                                      0.019     0.526 r  clk_IBUF_BUFG_inst/O
    X2Y6 (CLOCK_ROOT)    net (fo=134803, routed)      2.128     2.653    gen_dls_pairs[0].u_dls_pair/u_shadow/clk_IBUF_BUFG
    SLR Crossing[0->1]   
    SLICE_X145Y516       FDCE                                         r  gen_dls_pairs[0].u_dls_pair/u_shadow/fpregfile_reg[24][31]/C
                         clock pessimism             -0.320     2.333    
    SLICE_X145Y516       FDCE (Remov_EFF_SLICEL_C_CLR)
                                                     -0.020     2.313    gen_dls_pairs[0].u_dls_pair/u_shadow/fpregfile_reg[24][31]
  -------------------------------------------------------------------
                         required time                         -2.313    
                         arrival time                           3.492    
  -------------------------------------------------------------------
                         slack                                  1.179    

Slack (MET) :             1.180ns  (arrival time - required time)
  Source:                 gen_dls_pairs[0].u_dls_pair/FSM_onehot_dls_state_reg[3]/C
                            (rising edge-triggered cell FDCE clocked by sys_clk  {rise@0.000ns fall@5.000ns period=10.000ns})
  Destination:            gen_dls_pairs[0].u_dls_pair/u_shadow/regfile_reg[16][42]/CLR
                            (removal check against rising-edge clock sys_clk  {rise@0.000ns fall@5.000ns period=10.000ns})
  Path Group:             **async_default**
  Path Type:              Removal (Min at Fast Process Corner)
  Requirement:            0.000ns  (sys_clk rise@0.000ns - sys_clk rise@0.000ns)
  Data Path Delay:        1.380ns  (logic 0.107ns (7.753%)  route 1.273ns (92.247%))
  Logic Levels:           2  (BUFGCE=1 LUT2=1)
  Clock Path Skew:        0.220ns (DCD - SCD - CPR)
    Destination Clock Delay (DCD):    2.681ns
    Source Clock Delay      (SCD):    2.141ns
    Clock Pessimism Removal (CPR):    0.320ns
  Clock Net Delay (Source):      1.840ns (routing 0.778ns, distribution 1.062ns)
  Clock Net Delay (Destination): 2.156ns (routing 0.868ns, distribution 1.288ns)

    Location             Delay type                Incr(ns)  Path(ns)    Netlist Resource(s)
  -------------------------------------------------------------------    -------------------
                         (clock sys_clk rise edge)    0.000     0.000 r  
    AV33                                              0.000     0.000 r  clk (IN)
                         net (fo=0)                   0.000     0.000    clk_IBUF_inst/I
    AV33                 INBUF (Prop_INBUF_HPIOB_M_PAD_O)
                                                      0.141     0.141 r  clk_IBUF_inst/INBUF_INST/O
                         net (fo=1, routed)           0.000     0.141    clk_IBUF_inst/OUT
    AV33                 IBUFCTRL (Prop_IBUFCTRL_HPIOB_M_I_O)
                                                      0.000     0.141 r  clk_IBUF_inst/IBUFCTRL_INST/O
                         net (fo=1, routed)           0.144     0.285    clk_IBUF
    BUFGCE_X0Y26         BUFGCE (Prop_BUFCE_BUFGCE_I_O)
                                                      0.017     0.302 r  clk_IBUF_BUFG_inst/O
    X2Y6 (CLOCK_ROOT)    net (fo=134803, routed)      1.840     2.141    gen_dls_pairs[0].u_dls_pair/clk_IBUF_BUFG
    SLR Crossing[0->1]   
    SLICE_X122Y466       FDCE                                         r  gen_dls_pairs[0].u_dls_pair/FSM_onehot_dls_state_reg[3]/C
  -------------------------------------------------------------------    -------------------
    SLICE_X122Y466       FDCE (Prop_AFF2_SLICEL_C_Q)
                                                      0.040     2.181 f  gen_dls_pairs[0].u_dls_pair/FSM_onehot_dls_state_reg[3]/Q
                         net (fo=28, routed)          0.061     2.242    gen_dls_pairs[0].u_dls_pair/u_primary/gen_fpu.u_fpu/u_sqrt/cycle_reg[4]_0[0]
    SLICE_X122Y467       LUT2 (Prop_A6LUT_SLICEL_I1_O)
                                                      0.050     2.292 f  gen_dls_pairs[0].u_dls_pair/u_primary/gen_fpu.u_fpu/u_sqrt/cycle[4]_i_2__13/O
                         net (fo=1, routed)           0.538     2.830    gen_dls_pairs[0].u_dls_pair/u_primary/gen_fpu.u_fpu/u_sqrt/FSM_onehot_dls_state_reg[3]_bufg_place
    BUFGCE_X1Y206        BUFGCE (Prop_BUFCE_BUFGCE_I_O)
                                                      0.017     2.847 f  gen_dls_pairs[0].u_dls_pair/u_primary/gen_fpu.u_fpu/u_sqrt/cycle[4]_i_2__13_bufg_place/O
                         net (fo=8250, routed)        0.674     3.521    gen_dls_pairs[0].u_dls_pair/u_shadow/done_reg
    SLICE_X155Y483       FDCE                                         f  gen_dls_pairs[0].u_dls_pair/u_shadow/regfile_reg[16][42]/CLR
  -------------------------------------------------------------------    -------------------

                         (clock sys_clk rise edge)    0.000     0.000 r  
    AV33                                              0.000     0.000 r  clk (IN)
                         net (fo=0)                   0.000     0.000    clk_IBUF_inst/I
    AV33                 INBUF (Prop_INBUF_HPIOB_M_PAD_O)
                                                      0.326     0.326 r  clk_IBUF_inst/INBUF_INST/O
                         net (fo=1, routed)           0.000     0.326    clk_IBUF_inst/OUT
    AV33                 IBUFCTRL (Prop_IBUFCTRL_HPIOB_M_I_O)
                                                      0.000     0.326 r  clk_IBUF_inst/IBUFCTRL_INST/O
                         net (fo=1, routed)           0.181     0.507    clk_IBUF
    BUFGCE_X0Y26         BUFGCE (Prop_BUFCE_BUFGCE_I_O)
                                                      0.019     0.526 r  clk_IBUF_BUFG_inst/O
    X2Y6 (CLOCK_ROOT)    net (fo=134803, routed)      2.156     2.681    gen_dls_pairs[0].u_dls_pair/u_shadow/clk_IBUF_BUFG
    SLR Crossing[0->1]   
    SLICE_X155Y483       FDCE                                         r  gen_dls_pairs[0].u_dls_pair/u_shadow/regfile_reg[16][42]/C
                         clock pessimism             -0.320     2.361    
    SLICE_X155Y483       FDCE (Remov_HFF_SLICEL_C_CLR)
                                                     -0.020     2.341    gen_dls_pairs[0].u_dls_pair/u_shadow/regfile_reg[16][42]
  -------------------------------------------------------------------
                         required time                         -2.341    
                         arrival time                           3.521    
  -------------------------------------------------------------------
                         slack                                  1.180    

Slack (MET) :             1.180ns  (arrival time - required time)
  Source:                 gen_dls_pairs[0].u_dls_pair/FSM_onehot_dls_state_reg[3]/C
                            (rising edge-triggered cell FDCE clocked by sys_clk  {rise@0.000ns fall@5.000ns period=10.000ns})
  Destination:            gen_dls_pairs[0].u_dls_pair/u_shadow/regfile_reg[24][42]/CLR
                            (removal check against rising-edge clock sys_clk  {rise@0.000ns fall@5.000ns period=10.000ns})
  Path Group:             **async_default**
  Path Type:              Removal (Min at Fast Process Corner)
  Requirement:            0.000ns  (sys_clk rise@0.000ns - sys_clk rise@0.000ns)
  Data Path Delay:        1.380ns  (logic 0.107ns (7.753%)  route 1.273ns (92.247%))
  Logic Levels:           2  (BUFGCE=1 LUT2=1)
  Clock Path Skew:        0.220ns (DCD - SCD - CPR)
    Destination Clock Delay (DCD):    2.681ns
    Source Clock Delay      (SCD):    2.141ns
    Clock Pessimism Removal (CPR):    0.320ns
  Clock Net Delay (Source):      1.840ns (routing 0.778ns, distribution 1.062ns)
  Clock Net Delay (Destination): 2.156ns (routing 0.868ns, distribution 1.288ns)

    Location             Delay type                Incr(ns)  Path(ns)    Netlist Resource(s)
  -------------------------------------------------------------------    -------------------
                         (clock sys_clk rise edge)    0.000     0.000 r  
    AV33                                              0.000     0.000 r  clk (IN)
                         net (fo=0)                   0.000     0.000    clk_IBUF_inst/I
    AV33                 INBUF (Prop_INBUF_HPIOB_M_PAD_O)
                                                      0.141     0.141 r  clk_IBUF_inst/INBUF_INST/O
                         net (fo=1, routed)           0.000     0.141    clk_IBUF_inst/OUT
    AV33                 IBUFCTRL (Prop_IBUFCTRL_HPIOB_M_I_O)
                                                      0.000     0.141 r  clk_IBUF_inst/IBUFCTRL_INST/O
                         net (fo=1, routed)           0.144     0.285    clk_IBUF
    BUFGCE_X0Y26         BUFGCE (Prop_BUFCE_BUFGCE_I_O)
                                                      0.017     0.302 r  clk_IBUF_BUFG_inst/O
    X2Y6 (CLOCK_ROOT)    net (fo=134803, routed)      1.840     2.141    gen_dls_pairs[0].u_dls_pair/clk_IBUF_BUFG
    SLR Crossing[0->1]   
    SLICE_X122Y466       FDCE                                         r  gen_dls_pairs[0].u_dls_pair/FSM_onehot_dls_state_reg[3]/C
  -------------------------------------------------------------------    -------------------
    SLICE_X122Y466       FDCE (Prop_AFF2_SLICEL_C_Q)
                                                      0.040     2.181 f  gen_dls_pairs[0].u_dls_pair/FSM_onehot_dls_state_reg[3]/Q
                         net (fo=28, routed)          0.061     2.242    gen_dls_pairs[0].u_dls_pair/u_primary/gen_fpu.u_fpu/u_sqrt/cycle_reg[4]_0[0]
    SLICE_X122Y467       LUT2 (Prop_A6LUT_SLICEL_I1_O)
                                                      0.050     2.292 f  gen_dls_pairs[0].u_dls_pair/u_primary/gen_fpu.u_fpu/u_sqrt/cycle[4]_i_2__13/O
                         net (fo=1, routed)           0.538     2.830    gen_dls_pairs[0].u_dls_pair/u_primary/gen_fpu.u_fpu/u_sqrt/FSM_onehot_dls_state_reg[3]_bufg_place
    BUFGCE_X1Y206        BUFGCE (Prop_BUFCE_BUFGCE_I_O)
                                                      0.017     2.847 f  gen_dls_pairs[0].u_dls_pair/u_primary/gen_fpu.u_fpu/u_sqrt/cycle[4]_i_2__13_bufg_place/O
                         net (fo=8250, routed)        0.674     3.521    gen_dls_pairs[0].u_dls_pair/u_shadow/done_reg
    SLICE_X155Y483       FDCE                                         f  gen_dls_pairs[0].u_dls_pair/u_shadow/regfile_reg[24][42]/CLR
  -------------------------------------------------------------------    -------------------

                         (clock sys_clk rise edge)    0.000     0.000 r  
    AV33                                              0.000     0.000 r  clk (IN)
                         net (fo=0)                   0.000     0.000    clk_IBUF_inst/I
    AV33                 INBUF (Prop_INBUF_HPIOB_M_PAD_O)
                                                      0.326     0.326 r  clk_IBUF_inst/INBUF_INST/O
                         net (fo=1, routed)           0.000     0.326    clk_IBUF_inst/OUT
    AV33                 IBUFCTRL (Prop_IBUFCTRL_HPIOB_M_I_O)
                                                      0.000     0.326 r  clk_IBUF_inst/IBUFCTRL_INST/O
                         net (fo=1, routed)           0.181     0.507    clk_IBUF
    BUFGCE_X0Y26         BUFGCE (Prop_BUFCE_BUFGCE_I_O)
                                                      0.019     0.526 r  clk_IBUF_BUFG_inst/O
    X2Y6 (CLOCK_ROOT)    net (fo=134803, routed)      2.156     2.681    gen_dls_pairs[0].u_dls_pair/u_shadow/clk_IBUF_BUFG
    SLR Crossing[0->1]   
    SLICE_X155Y483       FDCE                                         r  gen_dls_pairs[0].u_dls_pair/u_shadow/regfile_reg[24][42]/C
                         clock pessimism             -0.320     2.361    
    SLICE_X155Y483       FDCE (Remov_HFF2_SLICEL_C_CLR)
                                                     -0.020     2.341    gen_dls_pairs[0].u_dls_pair/u_shadow/regfile_reg[24][42]
  -------------------------------------------------------------------
                         required time                         -2.341    
                         arrival time                           3.521    
  -------------------------------------------------------------------
                         slack                                  1.180    

Slack (MET) :             1.180ns  (arrival time - required time)
  Source:                 gen_dls_pairs[0].u_dls_pair/FSM_onehot_dls_state_reg[3]/C
                            (rising edge-triggered cell FDCE clocked by sys_clk  {rise@0.000ns fall@5.000ns period=10.000ns})
  Destination:            gen_dls_pairs[0].u_dls_pair/u_shadow/fpregfile_reg[31][27]/CLR
                            (removal check against rising-edge clock sys_clk  {rise@0.000ns fall@5.000ns period=10.000ns})
  Path Group:             **async_default**
  Path Type:              Removal (Min at Fast Process Corner)
  Requirement:            0.000ns  (sys_clk rise@0.000ns - sys_clk rise@0.000ns)
  Data Path Delay:        1.351ns  (logic 0.107ns (7.919%)  route 1.244ns (92.081%))
  Logic Levels:           2  (BUFGCE=1 LUT2=1)
  Clock Path Skew:        0.191ns (DCD - SCD - CPR)
    Destination Clock Delay (DCD):    2.652ns
    Source Clock Delay      (SCD):    2.141ns
    Clock Pessimism Removal (CPR):    0.320ns
  Clock Net Delay (Source):      1.840ns (routing 0.778ns, distribution 1.062ns)
  Clock Net Delay (Destination): 2.127ns (routing 0.868ns, distribution 1.259ns)

    Location             Delay type                Incr(ns)  Path(ns)    Netlist Resource(s)
  -------------------------------------------------------------------    -------------------
                         (clock sys_clk rise edge)    0.000     0.000 r  
    AV33                                              0.000     0.000 r  clk (IN)
                         net (fo=0)                   0.000     0.000    clk_IBUF_inst/I
    AV33                 INBUF (Prop_INBUF_HPIOB_M_PAD_O)
                                                      0.141     0.141 r  clk_IBUF_inst/INBUF_INST/O
                         net (fo=1, routed)           0.000     0.141    clk_IBUF_inst/OUT
    AV33                 IBUFCTRL (Prop_IBUFCTRL_HPIOB_M_I_O)
                                                      0.000     0.141 r  clk_IBUF_inst/IBUFCTRL_INST/O
                         net (fo=1, routed)           0.144     0.285    clk_IBUF
    BUFGCE_X0Y26         BUFGCE (Prop_BUFCE_BUFGCE_I_O)
                                                      0.017     0.302 r  clk_IBUF_BUFG_inst/O
    X2Y6 (CLOCK_ROOT)    net (fo=134803, routed)      1.840     2.141    gen_dls_pairs[0].u_dls_pair/clk_IBUF_BUFG
    SLR Crossing[0->1]   
    SLICE_X122Y466       FDCE                                         r  gen_dls_pairs[0].u_dls_pair/FSM_onehot_dls_state_reg[3]/C
  -------------------------------------------------------------------    -------------------
    SLICE_X122Y466       FDCE (Prop_AFF2_SLICEL_C_Q)
                                                      0.040     2.181 f  gen_dls_pairs[0].u_dls_pair/FSM_onehot_dls_state_reg[3]/Q
                         net (fo=28, routed)          0.061     2.242    gen_dls_pairs[0].u_dls_pair/u_primary/gen_fpu.u_fpu/u_sqrt/cycle_reg[4]_0[0]
    SLICE_X122Y467       LUT2 (Prop_A6LUT_SLICEL_I1_O)
                                                      0.050     2.292 f  gen_dls_pairs[0].u_dls_pair/u_primary/gen_fpu.u_fpu/u_sqrt/cycle[4]_i_2__13/O
                         net (fo=1, routed)           0.538     2.830    gen_dls_pairs[0].u_dls_pair/u_primary/gen_fpu.u_fpu/u_sqrt/FSM_onehot_dls_state_reg[3]_bufg_place
    BUFGCE_X1Y206        BUFGCE (Prop_BUFCE_BUFGCE_I_O)
                                                      0.017     2.847 f  gen_dls_pairs[0].u_dls_pair/u_primary/gen_fpu.u_fpu/u_sqrt/cycle[4]_i_2__13_bufg_place/O
                         net (fo=8250, routed)        0.645     3.492    gen_dls_pairs[0].u_dls_pair/u_shadow/done_reg
    SLICE_X145Y515       FDCE                                         f  gen_dls_pairs[0].u_dls_pair/u_shadow/fpregfile_reg[31][27]/CLR
  -------------------------------------------------------------------    -------------------

                         (clock sys_clk rise edge)    0.000     0.000 r  
    AV33                                              0.000     0.000 r  clk (IN)
                         net (fo=0)                   0.000     0.000    clk_IBUF_inst/I
    AV33                 INBUF (Prop_INBUF_HPIOB_M_PAD_O)
                                                      0.326     0.326 r  clk_IBUF_inst/INBUF_INST/O
                         net (fo=1, routed)           0.000     0.326    clk_IBUF_inst/OUT
    AV33                 IBUFCTRL (Prop_IBUFCTRL_HPIOB_M_I_O)
                                                      0.000     0.326 r  clk_IBUF_inst/IBUFCTRL_INST/O
                         net (fo=1, routed)           0.181     0.507    clk_IBUF
    BUFGCE_X0Y26         BUFGCE (Prop_BUFCE_BUFGCE_I_O)
                                                      0.019     0.526 r  clk_IBUF_BUFG_inst/O
    X2Y6 (CLOCK_ROOT)    net (fo=134803, routed)      2.127     2.652    gen_dls_pairs[0].u_dls_pair/u_shadow/clk_IBUF_BUFG
    SLR Crossing[0->1]   
    SLICE_X145Y515       FDCE                                         r  gen_dls_pairs[0].u_dls_pair/u_shadow/fpregfile_reg[31][27]/C
                         clock pessimism             -0.320     2.332    
    SLICE_X145Y515       FDCE (Remov_HFF_SLICEL_C_CLR)
                                                     -0.020     2.312    gen_dls_pairs[0].u_dls_pair/u_shadow/fpregfile_reg[31][27]
  -------------------------------------------------------------------
                         required time                         -2.312    
                         arrival time                           3.492    
  -------------------------------------------------------------------
                         slack                                  1.180    

Slack (MET) :             1.181ns  (arrival time - required time)
  Source:                 gen_dls_pairs[0].u_dls_pair/FSM_onehot_dls_state_reg[3]/C
                            (rising edge-triggered cell FDCE clocked by sys_clk  {rise@0.000ns fall@5.000ns period=10.000ns})
  Destination:            gen_dls_pairs[0].u_dls_pair/u_shadow/fpregfile_reg[26][11]/CLR
                            (removal check against rising-edge clock sys_clk  {rise@0.000ns fall@5.000ns period=10.000ns})
  Path Group:             **async_default**
  Path Type:              Removal (Min at Fast Process Corner)
  Requirement:            0.000ns  (sys_clk rise@0.000ns - sys_clk rise@0.000ns)
  Data Path Delay:        1.365ns  (logic 0.107ns (7.841%)  route 1.258ns (92.159%))
  Logic Levels:           2  (BUFGCE=1 LUT2=1)
  Clock Path Skew:        0.204ns (DCD - SCD - CPR)
    Destination Clock Delay (DCD):    2.665ns
    Source Clock Delay      (SCD):    2.141ns
    Clock Pessimism Removal (CPR):    0.320ns
  Clock Net Delay (Source):      1.840ns (routing 0.778ns, distribution 1.062ns)
  Clock Net Delay (Destination): 2.140ns (routing 0.868ns, distribution 1.272ns)

    Location             Delay type                Incr(ns)  Path(ns)    Netlist Resource(s)
  -------------------------------------------------------------------    -------------------
                         (clock sys_clk rise edge)    0.000     0.000 r  
    AV33                                              0.000     0.000 r  clk (IN)
                         net (fo=0)                   0.000     0.000    clk_IBUF_inst/I
    AV33                 INBUF (Prop_INBUF_HPIOB_M_PAD_O)
                                                      0.141     0.141 r  clk_IBUF_inst/INBUF_INST/O
                         net (fo=1, routed)           0.000     0.141    clk_IBUF_inst/OUT
    AV33                 IBUFCTRL (Prop_IBUFCTRL_HPIOB_M_I_O)
                                                      0.000     0.141 r  clk_IBUF_inst/IBUFCTRL_INST/O
                         net (fo=1, routed)           0.144     0.285    clk_IBUF
    BUFGCE_X0Y26         BUFGCE (Prop_BUFCE_BUFGCE_I_O)
                                                      0.017     0.302 r  clk_IBUF_BUFG_inst/O
    X2Y6 (CLOCK_ROOT)    net (fo=134803, routed)      1.840     2.141    gen_dls_pairs[0].u_dls_pair/clk_IBUF_BUFG
    SLR Crossing[0->1]   
    SLICE_X122Y466       FDCE                                         r  gen_dls_pairs[0].u_dls_pair/FSM_onehot_dls_state_reg[3]/C
  -------------------------------------------------------------------    -------------------
    SLICE_X122Y466       FDCE (Prop_AFF2_SLICEL_C_Q)
                                                      0.040     2.181 f  gen_dls_pairs[0].u_dls_pair/FSM_onehot_dls_state_reg[3]/Q
                         net (fo=28, routed)          0.061     2.242    gen_dls_pairs[0].u_dls_pair/u_primary/gen_fpu.u_fpu/u_sqrt/cycle_reg[4]_0[0]
    SLICE_X122Y467       LUT2 (Prop_A6LUT_SLICEL_I1_O)
                                                      0.050     2.292 f  gen_dls_pairs[0].u_dls_pair/u_primary/gen_fpu.u_fpu/u_sqrt/cycle[4]_i_2__13/O
                         net (fo=1, routed)           0.538     2.830    gen_dls_pairs[0].u_dls_pair/u_primary/gen_fpu.u_fpu/u_sqrt/FSM_onehot_dls_state_reg[3]_bufg_place
    BUFGCE_X1Y206        BUFGCE (Prop_BUFCE_BUFGCE_I_O)
                                                      0.017     2.847 f  gen_dls_pairs[0].u_dls_pair/u_primary/gen_fpu.u_fpu/u_sqrt/cycle[4]_i_2__13_bufg_place/O
                         net (fo=8250, routed)        0.659     3.506    gen_dls_pairs[0].u_dls_pair/u_shadow/done_reg
    SLICE_X147Y489       FDCE                                         f  gen_dls_pairs[0].u_dls_pair/u_shadow/fpregfile_reg[26][11]/CLR
  -------------------------------------------------------------------    -------------------

                         (clock sys_clk rise edge)    0.000     0.000 r  
    AV33                                              0.000     0.000 r  clk (IN)
                         net (fo=0)                   0.000     0.000    clk_IBUF_inst/I
    AV33                 INBUF (Prop_INBUF_HPIOB_M_PAD_O)
                                                      0.326     0.326 r  clk_IBUF_inst/INBUF_INST/O
                         net (fo=1, routed)           0.000     0.326    clk_IBUF_inst/OUT
    AV33                 IBUFCTRL (Prop_IBUFCTRL_HPIOB_M_I_O)
                                                      0.000     0.326 r  clk_IBUF_inst/IBUFCTRL_INST/O
                         net (fo=1, routed)           0.181     0.507    clk_IBUF
    BUFGCE_X0Y26         BUFGCE (Prop_BUFCE_BUFGCE_I_O)
                                                      0.019     0.526 r  clk_IBUF_BUFG_inst/O
    X2Y6 (CLOCK_ROOT)    net (fo=134803, routed)      2.140     2.665    gen_dls_pairs[0].u_dls_pair/u_shadow/clk_IBUF_BUFG
    SLR Crossing[0->1]   
    SLICE_X147Y489       FDCE                                         r  gen_dls_pairs[0].u_dls_pair/u_shadow/fpregfile_reg[26][11]/C
                         clock pessimism             -0.320     2.345    
    SLICE_X147Y489       FDCE (Remov_HFF_SLICEL_C_CLR)
                                                     -0.020     2.325    gen_dls_pairs[0].u_dls_pair/u_shadow/fpregfile_reg[26][11]
  -------------------------------------------------------------------
                         required time                         -2.325    
                         arrival time                           3.506    
  -------------------------------------------------------------------
                         slack                                  1.181    

Slack (MET) :             1.181ns  (arrival time - required time)
  Source:                 gen_dls_pairs[0].u_dls_pair/FSM_onehot_dls_state_reg[3]/C
                            (rising edge-triggered cell FDCE clocked by sys_clk  {rise@0.000ns fall@5.000ns period=10.000ns})
  Destination:            gen_dls_pairs[0].u_dls_pair/u_shadow/mem_wb_valid_reg/CLR
                            (removal check against rising-edge clock sys_clk  {rise@0.000ns fall@5.000ns period=10.000ns})
  Path Group:             **async_default**
  Path Type:              Removal (Min at Fast Process Corner)
  Requirement:            0.000ns  (sys_clk rise@0.000ns - sys_clk rise@0.000ns)
  Data Path Delay:        1.366ns  (logic 0.107ns (7.835%)  route 1.259ns (92.165%))
  Logic Levels:           2  (BUFGCE=1 LUT2=1)
  Clock Path Skew:        0.205ns (DCD - SCD - CPR)
    Destination Clock Delay (DCD):    2.666ns
    Source Clock Delay      (SCD):    2.141ns
    Clock Pessimism Removal (CPR):    0.320ns
  Clock Net Delay (Source):      1.840ns (routing 0.778ns, distribution 1.062ns)
  Clock Net Delay (Destination): 2.141ns (routing 0.868ns, distribution 1.273ns)

    Location             Delay type                Incr(ns)  Path(ns)    Netlist Resource(s)
  -------------------------------------------------------------------    -------------------
                         (clock sys_clk rise edge)    0.000     0.000 r  
    AV33                                              0.000     0.000 r  clk (IN)
                         net (fo=0)                   0.000     0.000    clk_IBUF_inst/I
    AV33                 INBUF (Prop_INBUF_HPIOB_M_PAD_O)
                                                      0.141     0.141 r  clk_IBUF_inst/INBUF_INST/O
                         net (fo=1, routed)           0.000     0.141    clk_IBUF_inst/OUT
    AV33                 IBUFCTRL (Prop_IBUFCTRL_HPIOB_M_I_O)
                                                      0.000     0.141 r  clk_IBUF_inst/IBUFCTRL_INST/O
                         net (fo=1, routed)           0.144     0.285    clk_IBUF
    BUFGCE_X0Y26         BUFGCE (Prop_BUFCE_BUFGCE_I_O)
                                                      0.017     0.302 r  clk_IBUF_BUFG_inst/O
    X2Y6 (CLOCK_ROOT)    net (fo=134803, routed)      1.840     2.141    gen_dls_pairs[0].u_dls_pair/clk_IBUF_BUFG
    SLR Crossing[0->1]   
    SLICE_X122Y466       FDCE                                         r  gen_dls_pairs[0].u_dls_pair/FSM_onehot_dls_state_reg[3]/C
  -------------------------------------------------------------------    -------------------
    SLICE_X122Y466       FDCE (Prop_AFF2_SLICEL_C_Q)
                                                      0.040     2.181 f  gen_dls_pairs[0].u_dls_pair/FSM_onehot_dls_state_reg[3]/Q
                         net (fo=28, routed)          0.061     2.242    gen_dls_pairs[0].u_dls_pair/u_primary/gen_fpu.u_fpu/u_sqrt/cycle_reg[4]_0[0]
    SLICE_X122Y467       LUT2 (Prop_A6LUT_SLICEL_I1_O)
                                                      0.050     2.292 f  gen_dls_pairs[0].u_dls_pair/u_primary/gen_fpu.u_fpu/u_sqrt/cycle[4]_i_2__13/O
                         net (fo=1, routed)           0.538     2.830    gen_dls_pairs[0].u_dls_pair/u_primary/gen_fpu.u_fpu/u_sqrt/FSM_onehot_dls_state_reg[3]_bufg_place
    BUFGCE_X1Y206        BUFGCE (Prop_BUFCE_BUFGCE_I_O)
                                                      0.017     2.847 f  gen_dls_pairs[0].u_dls_pair/u_primary/gen_fpu.u_fpu/u_sqrt/cycle[4]_i_2__13_bufg_place/O
                         net (fo=8250, routed)        0.660     3.507    gen_dls_pairs[0].u_dls_pair/u_shadow/done_reg
    SLICE_X147Y481       FDCE                                         f  gen_dls_pairs[0].u_dls_pair/u_shadow/mem_wb_valid_reg/CLR
  -------------------------------------------------------------------    -------------------

                         (clock sys_clk rise edge)    0.000     0.000 r  
    AV33                                              0.000     0.000 r  clk (IN)
                         net (fo=0)                   0.000     0.000    clk_IBUF_inst/I
    AV33                 INBUF (Prop_INBUF_HPIOB_M_PAD_O)
                                                      0.326     0.326 r  clk_IBUF_inst/INBUF_INST/O
                         net (fo=1, routed)           0.000     0.326    clk_IBUF_inst/OUT
    AV33                 IBUFCTRL (Prop_IBUFCTRL_HPIOB_M_I_O)
                                                      0.000     0.326 r  clk_IBUF_inst/IBUFCTRL_INST/O
                         net (fo=1, routed)           0.181     0.507    clk_IBUF
    BUFGCE_X0Y26         BUFGCE (Prop_BUFCE_BUFGCE_I_O)
                                                      0.019     0.526 r  clk_IBUF_BUFG_inst/O
    X2Y6 (CLOCK_ROOT)    net (fo=134803, routed)      2.141     2.666    gen_dls_pairs[0].u_dls_pair/u_shadow/clk_IBUF_BUFG
    SLR Crossing[0->1]   
    SLICE_X147Y481       FDCE                                         r  gen_dls_pairs[0].u_dls_pair/u_shadow/mem_wb_valid_reg/C
                         clock pessimism             -0.320     2.346    
    SLICE_X147Y481       FDCE (Remov_HFF2_SLICEL_C_CLR)
                                                     -0.020     2.326    gen_dls_pairs[0].u_dls_pair/u_shadow/mem_wb_valid_reg
  -------------------------------------------------------------------
                         required time                         -2.326    
                         arrival time                           3.507    
  -------------------------------------------------------------------
                         slack                                  1.181    

Slack (MET) :             1.181ns  (arrival time - required time)
  Source:                 gen_dls_pairs[0].u_dls_pair/FSM_onehot_dls_state_reg[3]/C
                            (rising edge-triggered cell FDCE clocked by sys_clk  {rise@0.000ns fall@5.000ns period=10.000ns})
  Destination:            gen_dls_pairs[0].u_dls_pair/u_shadow/regfile_reg[1][31]/CLR
                            (removal check against rising-edge clock sys_clk  {rise@0.000ns fall@5.000ns period=10.000ns})
  Path Group:             **async_default**
  Path Type:              Removal (Min at Fast Process Corner)
  Requirement:            0.000ns  (sys_clk rise@0.000ns - sys_clk rise@0.000ns)
  Data Path Delay:        1.366ns  (logic 0.107ns (7.835%)  route 1.259ns (92.165%))
  Logic Levels:           2  (BUFGCE=1 LUT2=1)
  Clock Path Skew:        0.205ns (DCD - SCD - CPR)
    Destination Clock Delay (DCD):    2.666ns
    Source Clock Delay      (SCD):    2.141ns
    Clock Pessimism Removal (CPR):    0.320ns
  Clock Net Delay (Source):      1.840ns (routing 0.778ns, distribution 1.062ns)
  Clock Net Delay (Destination): 2.141ns (routing 0.868ns, distribution 1.273ns)

    Location             Delay type                Incr(ns)  Path(ns)    Netlist Resource(s)
  -------------------------------------------------------------------    -------------------
                         (clock sys_clk rise edge)    0.000     0.000 r  
    AV33                                              0.000     0.000 r  clk (IN)
                         net (fo=0)                   0.000     0.000    clk_IBUF_inst/I
    AV33                 INBUF (Prop_INBUF_HPIOB_M_PAD_O)
                                                      0.141     0.141 r  clk_IBUF_inst/INBUF_INST/O
                         net (fo=1, routed)           0.000     0.141    clk_IBUF_inst/OUT
    AV33                 IBUFCTRL (Prop_IBUFCTRL_HPIOB_M_I_O)
                                                      0.000     0.141 r  clk_IBUF_inst/IBUFCTRL_INST/O
                         net (fo=1, routed)           0.144     0.285    clk_IBUF
    BUFGCE_X0Y26         BUFGCE (Prop_BUFCE_BUFGCE_I_O)
                                                      0.017     0.302 r  clk_IBUF_BUFG_inst/O
    X2Y6 (CLOCK_ROOT)    net (fo=134803, routed)      1.840     2.141    gen_dls_pairs[0].u_dls_pair/clk_IBUF_BUFG
    SLR Crossing[0->1]   
    SLICE_X122Y466       FDCE                                         r  gen_dls_pairs[0].u_dls_pair/FSM_onehot_dls_state_reg[3]/C
  -------------------------------------------------------------------    -------------------
    SLICE_X122Y466       FDCE (Prop_AFF2_SLICEL_C_Q)
                                                      0.040     2.181 f  gen_dls_pairs[0].u_dls_pair/FSM_onehot_dls_state_reg[3]/Q
                         net (fo=28, routed)          0.061     2.242    gen_dls_pairs[0].u_dls_pair/u_primary/gen_fpu.u_fpu/u_sqrt/cycle_reg[4]_0[0]
    SLICE_X122Y467       LUT2 (Prop_A6LUT_SLICEL_I1_O)
                                                      0.050     2.292 f  gen_dls_pairs[0].u_dls_pair/u_primary/gen_fpu.u_fpu/u_sqrt/cycle[4]_i_2__13/O
                         net (fo=1, routed)           0.538     2.830    gen_dls_pairs[0].u_dls_pair/u_primary/gen_fpu.u_fpu/u_sqrt/FSM_onehot_dls_state_reg[3]_bufg_place
    BUFGCE_X1Y206        BUFGCE (Prop_BUFCE_BUFGCE_I_O)
                                                      0.017     2.847 f  gen_dls_pairs[0].u_dls_pair/u_primary/gen_fpu.u_fpu/u_sqrt/cycle[4]_i_2__13_bufg_place/O
                         net (fo=8250, routed)        0.660     3.507    gen_dls_pairs[0].u_dls_pair/u_shadow/done_reg
    SLICE_X147Y480       FDCE                                         f  gen_dls_pairs[0].u_dls_pair/u_shadow/regfile_reg[1][31]/CLR
  -------------------------------------------------------------------    -------------------

                         (clock sys_clk rise edge)    0.000     0.000 r  
    AV33                                              0.000     0.000 r  clk (IN)
                         net (fo=0)                   0.000     0.000    clk_IBUF_inst/I
    AV33                 INBUF (Prop_INBUF_HPIOB_M_PAD_O)
                                                      0.326     0.326 r  clk_IBUF_inst/INBUF_INST/O
                         net (fo=1, routed)           0.000     0.326    clk_IBUF_inst/OUT
    AV33                 IBUFCTRL (Prop_IBUFCTRL_HPIOB_M_I_O)
                                                      0.000     0.326 r  clk_IBUF_inst/IBUFCTRL_INST/O
                         net (fo=1, routed)           0.181     0.507    clk_IBUF
    BUFGCE_X0Y26         BUFGCE (Prop_BUFCE_BUFGCE_I_O)
                                                      0.019     0.526 r  clk_IBUF_BUFG_inst/O
    X2Y6 (CLOCK_ROOT)    net (fo=134803, routed)      2.141     2.666    gen_dls_pairs[0].u_dls_pair/u_shadow/clk_IBUF_BUFG
    SLR Crossing[0->1]   
    SLICE_X147Y480       FDCE                                         r  gen_dls_pairs[0].u_dls_pair/u_shadow/regfile_reg[1][31]/C
                         clock pessimism             -0.320     2.346    
    SLICE_X147Y480       FDCE (Remov_HFF_SLICEL_C_CLR)
                                                     -0.020     2.326    gen_dls_pairs[0].u_dls_pair/u_shadow/regfile_reg[1][31]
  -------------------------------------------------------------------
                         required time                         -2.326    
                         arrival time                           3.507    
  -------------------------------------------------------------------
                         slack                                  1.181    

Slack (MET) :             1.181ns  (arrival time - required time)
  Source:                 gen_dls_pairs[0].u_dls_pair/FSM_onehot_dls_state_reg[3]/C
                            (rising edge-triggered cell FDCE clocked by sys_clk  {rise@0.000ns fall@5.000ns period=10.000ns})
  Destination:            gen_dls_pairs[0].u_dls_pair/u_shadow/regfile_reg[1][37]/CLR
                            (removal check against rising-edge clock sys_clk  {rise@0.000ns fall@5.000ns period=10.000ns})
  Path Group:             **async_default**
  Path Type:              Removal (Min at Fast Process Corner)
  Requirement:            0.000ns  (sys_clk rise@0.000ns - sys_clk rise@0.000ns)
  Data Path Delay:        1.366ns  (logic 0.107ns (7.835%)  route 1.259ns (92.165%))
  Logic Levels:           2  (BUFGCE=1 LUT2=1)
  Clock Path Skew:        0.205ns (DCD - SCD - CPR)
    Destination Clock Delay (DCD):    2.666ns
    Source Clock Delay      (SCD):    2.141ns
    Clock Pessimism Removal (CPR):    0.320ns
  Clock Net Delay (Source):      1.840ns (routing 0.778ns, distribution 1.062ns)
  Clock Net Delay (Destination): 2.141ns (routing 0.868ns, distribution 1.273ns)

    Location             Delay type                Incr(ns)  Path(ns)    Netlist Resource(s)
  -------------------------------------------------------------------    -------------------
                         (clock sys_clk rise edge)    0.000     0.000 r  
    AV33                                              0.000     0.000 r  clk (IN)
                         net (fo=0)                   0.000     0.000    clk_IBUF_inst/I
    AV33                 INBUF (Prop_INBUF_HPIOB_M_PAD_O)
                                                      0.141     0.141 r  clk_IBUF_inst/INBUF_INST/O
                         net (fo=1, routed)           0.000     0.141    clk_IBUF_inst/OUT
    AV33                 IBUFCTRL (Prop_IBUFCTRL_HPIOB_M_I_O)
                                                      0.000     0.141 r  clk_IBUF_inst/IBUFCTRL_INST/O
                         net (fo=1, routed)           0.144     0.285    clk_IBUF
    BUFGCE_X0Y26         BUFGCE (Prop_BUFCE_BUFGCE_I_O)
                                                      0.017     0.302 r  clk_IBUF_BUFG_inst/O
    X2Y6 (CLOCK_ROOT)    net (fo=134803, routed)      1.840     2.141    gen_dls_pairs[0].u_dls_pair/clk_IBUF_BUFG
    SLR Crossing[0->1]   
    SLICE_X122Y466       FDCE                                         r  gen_dls_pairs[0].u_dls_pair/FSM_onehot_dls_state_reg[3]/C
  -------------------------------------------------------------------    -------------------
    SLICE_X122Y466       FDCE (Prop_AFF2_SLICEL_C_Q)
                                                      0.040     2.181 f  gen_dls_pairs[0].u_dls_pair/FSM_onehot_dls_state_reg[3]/Q
                         net (fo=28, routed)          0.061     2.242    gen_dls_pairs[0].u_dls_pair/u_primary/gen_fpu.u_fpu/u_sqrt/cycle_reg[4]_0[0]
    SLICE_X122Y467       LUT2 (Prop_A6LUT_SLICEL_I1_O)
                                                      0.050     2.292 f  gen_dls_pairs[0].u_dls_pair/u_primary/gen_fpu.u_fpu/u_sqrt/cycle[4]_i_2__13/O
                         net (fo=1, routed)           0.538     2.830    gen_dls_pairs[0].u_dls_pair/u_primary/gen_fpu.u_fpu/u_sqrt/FSM_onehot_dls_state_reg[3]_bufg_place
    BUFGCE_X1Y206        BUFGCE (Prop_BUFCE_BUFGCE_I_O)
                                                      0.017     2.847 f  gen_dls_pairs[0].u_dls_pair/u_primary/gen_fpu.u_fpu/u_sqrt/cycle[4]_i_2__13_bufg_place/O
                         net (fo=8250, routed)        0.660     3.507    gen_dls_pairs[0].u_dls_pair/u_shadow/done_reg
    SLICE_X147Y480       FDCE                                         f  gen_dls_pairs[0].u_dls_pair/u_shadow/regfile_reg[1][37]/CLR
  -------------------------------------------------------------------    -------------------

                         (clock sys_clk rise edge)    0.000     0.000 r  
    AV33                                              0.000     0.000 r  clk (IN)
                         net (fo=0)                   0.000     0.000    clk_IBUF_inst/I
    AV33                 INBUF (Prop_INBUF_HPIOB_M_PAD_O)
                                                      0.326     0.326 r  clk_IBUF_inst/INBUF_INST/O
                         net (fo=1, routed)           0.000     0.326    clk_IBUF_inst/OUT
    AV33                 IBUFCTRL (Prop_IBUFCTRL_HPIOB_M_I_O)
                                                      0.000     0.326 r  clk_IBUF_inst/IBUFCTRL_INST/O
                         net (fo=1, routed)           0.181     0.507    clk_IBUF
    BUFGCE_X0Y26         BUFGCE (Prop_BUFCE_BUFGCE_I_O)
                                                      0.019     0.526 r  clk_IBUF_BUFG_inst/O
    X2Y6 (CLOCK_ROOT)    net (fo=134803, routed)      2.141     2.666    gen_dls_pairs[0].u_dls_pair/u_shadow/clk_IBUF_BUFG
    SLR Crossing[0->1]   
    SLICE_X147Y480       FDCE                                         r  gen_dls_pairs[0].u_dls_pair/u_shadow/regfile_reg[1][37]/C
                         clock pessimism             -0.320     2.346    
    SLICE_X147Y480       FDCE (Remov_GFF_SLICEL_C_CLR)
                                                     -0.020     2.326    gen_dls_pairs[0].u_dls_pair/u_shadow/regfile_reg[1][37]
  -------------------------------------------------------------------
                         required time                         -2.326    
                         arrival time                           3.507    
  -------------------------------------------------------------------
                         slack                                  1.181    

Slack (MET) :             1.181ns  (arrival time - required time)
  Source:                 gen_dls_pairs[0].u_dls_pair/FSM_onehot_dls_state_reg[3]/C
                            (rising edge-triggered cell FDCE clocked by sys_clk  {rise@0.000ns fall@5.000ns period=10.000ns})
  Destination:            gen_dls_pairs[0].u_dls_pair/u_shadow/regfile_reg[21][58]/CLR
                            (removal check against rising-edge clock sys_clk  {rise@0.000ns fall@5.000ns period=10.000ns})
  Path Group:             **async_default**
  Path Type:              Removal (Min at Fast Process Corner)
  Requirement:            0.000ns  (sys_clk rise@0.000ns - sys_clk rise@0.000ns)
  Data Path Delay:        1.366ns  (logic 0.107ns (7.835%)  route 1.259ns (92.165%))
  Logic Levels:           2  (BUFGCE=1 LUT2=1)
  Clock Path Skew:        0.205ns (DCD - SCD - CPR)
    Destination Clock Delay (DCD):    2.666ns
    Source Clock Delay      (SCD):    2.141ns
    Clock Pessimism Removal (CPR):    0.320ns
  Clock Net Delay (Source):      1.840ns (routing 0.778ns, distribution 1.062ns)
  Clock Net Delay (Destination): 2.141ns (routing 0.868ns, distribution 1.273ns)

    Location             Delay type                Incr(ns)  Path(ns)    Netlist Resource(s)
  -------------------------------------------------------------------    -------------------
                         (clock sys_clk rise edge)    0.000     0.000 r  
    AV33                                              0.000     0.000 r  clk (IN)
                         net (fo=0)                   0.000     0.000    clk_IBUF_inst/I
    AV33                 INBUF (Prop_INBUF_HPIOB_M_PAD_O)
                                                      0.141     0.141 r  clk_IBUF_inst/INBUF_INST/O
                         net (fo=1, routed)           0.000     0.141    clk_IBUF_inst/OUT
    AV33                 IBUFCTRL (Prop_IBUFCTRL_HPIOB_M_I_O)
                                                      0.000     0.141 r  clk_IBUF_inst/IBUFCTRL_INST/O
                         net (fo=1, routed)           0.144     0.285    clk_IBUF
    BUFGCE_X0Y26         BUFGCE (Prop_BUFCE_BUFGCE_I_O)
                                                      0.017     0.302 r  clk_IBUF_BUFG_inst/O
    X2Y6 (CLOCK_ROOT)    net (fo=134803, routed)      1.840     2.141    gen_dls_pairs[0].u_dls_pair/clk_IBUF_BUFG
    SLR Crossing[0->1]   
    SLICE_X122Y466       FDCE                                         r  gen_dls_pairs[0].u_dls_pair/FSM_onehot_dls_state_reg[3]/C
  -------------------------------------------------------------------    -------------------
    SLICE_X122Y466       FDCE (Prop_AFF2_SLICEL_C_Q)
                                                      0.040     2.181 f  gen_dls_pairs[0].u_dls_pair/FSM_onehot_dls_state_reg[3]/Q
                         net (fo=28, routed)          0.061     2.242    gen_dls_pairs[0].u_dls_pair/u_primary/gen_fpu.u_fpu/u_sqrt/cycle_reg[4]_0[0]
    SLICE_X122Y467       LUT2 (Prop_A6LUT_SLICEL_I1_O)
                                                      0.050     2.292 f  gen_dls_pairs[0].u_dls_pair/u_primary/gen_fpu.u_fpu/u_sqrt/cycle[4]_i_2__13/O
                         net (fo=1, routed)           0.538     2.830    gen_dls_pairs[0].u_dls_pair/u_primary/gen_fpu.u_fpu/u_sqrt/FSM_onehot_dls_state_reg[3]_bufg_place
    BUFGCE_X1Y206        BUFGCE (Prop_BUFCE_BUFGCE_I_O)
                                                      0.017     2.847 f  gen_dls_pairs[0].u_dls_pair/u_primary/gen_fpu.u_fpu/u_sqrt/cycle[4]_i_2__13_bufg_place/O
                         net (fo=8250, routed)        0.660     3.507    gen_dls_pairs[0].u_dls_pair/u_shadow/done_reg
    SLICE_X147Y482       FDCE                                         f  gen_dls_pairs[0].u_dls_pair/u_shadow/regfile_reg[21][58]/CLR
  -------------------------------------------------------------------    -------------------

                         (clock sys_clk rise edge)    0.000     0.000 r  
    AV33                                              0.000     0.000 r  clk (IN)
                         net (fo=0)                   0.000     0.000    clk_IBUF_inst/I
    AV33                 INBUF (Prop_INBUF_HPIOB_M_PAD_O)
                                                      0.326     0.326 r  clk_IBUF_inst/INBUF_INST/O
                         net (fo=1, routed)           0.000     0.326    clk_IBUF_inst/OUT
    AV33                 IBUFCTRL (Prop_IBUFCTRL_HPIOB_M_I_O)
                                                      0.000     0.326 r  clk_IBUF_inst/IBUFCTRL_INST/O
                         net (fo=1, routed)           0.181     0.507    clk_IBUF
    BUFGCE_X0Y26         BUFGCE (Prop_BUFCE_BUFGCE_I_O)
                                                      0.019     0.526 r  clk_IBUF_BUFG_inst/O
    X2Y6 (CLOCK_ROOT)    net (fo=134803, routed)      2.141     2.666    gen_dls_pairs[0].u_dls_pair/u_shadow/clk_IBUF_BUFG
    SLR Crossing[0->1]   
    SLICE_X147Y482       FDCE                                         r  gen_dls_pairs[0].u_dls_pair/u_shadow/regfile_reg[21][58]/C
                         clock pessimism             -0.320     2.346    
    SLICE_X147Y482       FDCE (Remov_FFF_SLICEL_C_CLR)
                                                     -0.020     2.326    gen_dls_pairs[0].u_dls_pair/u_shadow/regfile_reg[21][58]
  -------------------------------------------------------------------
                         required time                         -2.326    
                         arrival time                           3.507    
  -------------------------------------------------------------------
                         slack                                  1.181    

Slack (MET) :             1.181ns  (arrival time - required time)
  Source:                 gen_dls_pairs[0].u_dls_pair/FSM_onehot_dls_state_reg[3]/C
                            (rising edge-triggered cell FDCE clocked by sys_clk  {rise@0.000ns fall@5.000ns period=10.000ns})
  Destination:            gen_dls_pairs[0].u_dls_pair/u_shadow/regfile_reg[5][58]/CLR
                            (removal check against rising-edge clock sys_clk  {rise@0.000ns fall@5.000ns period=10.000ns})
  Path Group:             **async_default**
  Path Type:              Removal (Min at Fast Process Corner)
  Requirement:            0.000ns  (sys_clk rise@0.000ns - sys_clk rise@0.000ns)
  Data Path Delay:        1.366ns  (logic 0.107ns (7.835%)  route 1.259ns (92.165%))
  Logic Levels:           2  (BUFGCE=1 LUT2=1)
  Clock Path Skew:        0.205ns (DCD - SCD - CPR)
    Destination Clock Delay (DCD):    2.666ns
    Source Clock Delay      (SCD):    2.141ns
    Clock Pessimism Removal (CPR):    0.320ns
  Clock Net Delay (Source):      1.840ns (routing 0.778ns, distribution 1.062ns)
  Clock Net Delay (Destination): 2.141ns (routing 0.868ns, distribution 1.273ns)

    Location             Delay type                Incr(ns)  Path(ns)    Netlist Resource(s)
  -------------------------------------------------------------------    -------------------
                         (clock sys_clk rise edge)    0.000     0.000 r  
    AV33                                              0.000     0.000 r  clk (IN)
                         net (fo=0)                   0.000     0.000    clk_IBUF_inst/I
    AV33                 INBUF (Prop_INBUF_HPIOB_M_PAD_O)
                                                      0.141     0.141 r  clk_IBUF_inst/INBUF_INST/O
                         net (fo=1, routed)           0.000     0.141    clk_IBUF_inst/OUT
    AV33                 IBUFCTRL (Prop_IBUFCTRL_HPIOB_M_I_O)
                                                      0.000     0.141 r  clk_IBUF_inst/IBUFCTRL_INST/O
                         net (fo=1, routed)           0.144     0.285    clk_IBUF
    BUFGCE_X0Y26         BUFGCE (Prop_BUFCE_BUFGCE_I_O)
                                                      0.017     0.302 r  clk_IBUF_BUFG_inst/O
    X2Y6 (CLOCK_ROOT)    net (fo=134803, routed)      1.840     2.141    gen_dls_pairs[0].u_dls_pair/clk_IBUF_BUFG
    SLR Crossing[0->1]   
    SLICE_X122Y466       FDCE                                         r  gen_dls_pairs[0].u_dls_pair/FSM_onehot_dls_state_reg[3]/C
  -------------------------------------------------------------------    -------------------
    SLICE_X122Y466       FDCE (Prop_AFF2_SLICEL_C_Q)
                                                      0.040     2.181 f  gen_dls_pairs[0].u_dls_pair/FSM_onehot_dls_state_reg[3]/Q
                         net (fo=28, routed)          0.061     2.242    gen_dls_pairs[0].u_dls_pair/u_primary/gen_fpu.u_fpu/u_sqrt/cycle_reg[4]_0[0]
    SLICE_X122Y467       LUT2 (Prop_A6LUT_SLICEL_I1_O)
                                                      0.050     2.292 f  gen_dls_pairs[0].u_dls_pair/u_primary/gen_fpu.u_fpu/u_sqrt/cycle[4]_i_2__13/O
                         net (fo=1, routed)           0.538     2.830    gen_dls_pairs[0].u_dls_pair/u_primary/gen_fpu.u_fpu/u_sqrt/FSM_onehot_dls_state_reg[3]_bufg_place
    BUFGCE_X1Y206        BUFGCE (Prop_BUFCE_BUFGCE_I_O)
                                                      0.017     2.847 f  gen_dls_pairs[0].u_dls_pair/u_primary/gen_fpu.u_fpu/u_sqrt/cycle[4]_i_2__13_bufg_place/O
                         net (fo=8250, routed)        0.660     3.507    gen_dls_pairs[0].u_dls_pair/u_shadow/done_reg
    SLICE_X147Y481       FDCE                                         f  gen_dls_pairs[0].u_dls_pair/u_shadow/regfile_reg[5][58]/CLR
  -------------------------------------------------------------------    -------------------

                         (clock sys_clk rise edge)    0.000     0.000 r  
    AV33                                              0.000     0.000 r  clk (IN)
                         net (fo=0)                   0.000     0.000    clk_IBUF_inst/I
    AV33                 INBUF (Prop_INBUF_HPIOB_M_PAD_O)
                                                      0.326     0.326 r  clk_IBUF_inst/INBUF_INST/O
                         net (fo=1, routed)           0.000     0.326    clk_IBUF_inst/OUT
    AV33                 IBUFCTRL (Prop_IBUFCTRL_HPIOB_M_I_O)
                                                      0.000     0.326 r  clk_IBUF_inst/IBUFCTRL_INST/O
                         net (fo=1, routed)           0.181     0.507    clk_IBUF
    BUFGCE_X0Y26         BUFGCE (Prop_BUFCE_BUFGCE_I_O)
                                                      0.019     0.526 r  clk_IBUF_BUFG_inst/O
    X2Y6 (CLOCK_ROOT)    net (fo=134803, routed)      2.141     2.666    gen_dls_pairs[0].u_dls_pair/u_shadow/clk_IBUF_BUFG
    SLR Crossing[0->1]   
    SLICE_X147Y481       FDCE                                         r  gen_dls_pairs[0].u_dls_pair/u_shadow/regfile_reg[5][58]/C
                         clock pessimism             -0.320     2.346    
    SLICE_X147Y481       FDCE (Remov_FFF_SLICEL_C_CLR)
                                                     -0.020     2.326    gen_dls_pairs[0].u_dls_pair/u_shadow/regfile_reg[5][58]
  -------------------------------------------------------------------
                         required time                         -2.326    
                         arrival time                           3.507    
  -------------------------------------------------------------------
                         slack                                  1.181    

Slack (MET) :             1.181ns  (arrival time - required time)
  Source:                 gen_dls_pairs[0].u_dls_pair/FSM_onehot_dls_state_reg[3]/C
                            (rising edge-triggered cell FDCE clocked by sys_clk  {rise@0.000ns fall@5.000ns period=10.000ns})
  Destination:            gen_dls_pairs[0].u_dls_pair/u_shadow/regfile_reg[8][31]/CLR
                            (removal check against rising-edge clock sys_clk  {rise@0.000ns fall@5.000ns period=10.000ns})
  Path Group:             **async_default**
  Path Type:              Removal (Min at Fast Process Corner)
  Requirement:            0.000ns  (sys_clk rise@0.000ns - sys_clk rise@0.000ns)
  Data Path Delay:        1.366ns  (logic 0.107ns (7.835%)  route 1.259ns (92.165%))
  Logic Levels:           2  (BUFGCE=1 LUT2=1)
  Clock Path Skew:        0.205ns (DCD - SCD - CPR)
    Destination Clock Delay (DCD):    2.666ns
    Source Clock Delay      (SCD):    2.141ns
    Clock Pessimism Removal (CPR):    0.320ns
  Clock Net Delay (Source):      1.840ns (routing 0.778ns, distribution 1.062ns)
  Clock Net Delay (Destination): 2.141ns (routing 0.868ns, distribution 1.273ns)

    Location             Delay type                Incr(ns)  Path(ns)    Netlist Resource(s)
  -------------------------------------------------------------------    -------------------
                         (clock sys_clk rise edge)    0.000     0.000 r  
    AV33                                              0.000     0.000 r  clk (IN)
                         net (fo=0)                   0.000     0.000    clk_IBUF_inst/I
    AV33                 INBUF (Prop_INBUF_HPIOB_M_PAD_O)
                                                      0.141     0.141 r  clk_IBUF_inst/INBUF_INST/O
                         net (fo=1, routed)           0.000     0.141    clk_IBUF_inst/OUT
    AV33                 IBUFCTRL (Prop_IBUFCTRL_HPIOB_M_I_O)
                                                      0.000     0.141 r  clk_IBUF_inst/IBUFCTRL_INST/O
                         net (fo=1, routed)           0.144     0.285    clk_IBUF
    BUFGCE_X0Y26         BUFGCE (Prop_BUFCE_BUFGCE_I_O)
                                                      0.017     0.302 r  clk_IBUF_BUFG_inst/O
    X2Y6 (CLOCK_ROOT)    net (fo=134803, routed)      1.840     2.141    gen_dls_pairs[0].u_dls_pair/clk_IBUF_BUFG
    SLR Crossing[0->1]   
    SLICE_X122Y466       FDCE                                         r  gen_dls_pairs[0].u_dls_pair/FSM_onehot_dls_state_reg[3]/C
  -------------------------------------------------------------------    -------------------
    SLICE_X122Y466       FDCE (Prop_AFF2_SLICEL_C_Q)
                                                      0.040     2.181 f  gen_dls_pairs[0].u_dls_pair/FSM_onehot_dls_state_reg[3]/Q
                         net (fo=28, routed)          0.061     2.242    gen_dls_pairs[0].u_dls_pair/u_primary/gen_fpu.u_fpu/u_sqrt/cycle_reg[4]_0[0]
    SLICE_X122Y467       LUT2 (Prop_A6LUT_SLICEL_I1_O)
                                                      0.050     2.292 f  gen_dls_pairs[0].u_dls_pair/u_primary/gen_fpu.u_fpu/u_sqrt/cycle[4]_i_2__13/O
                         net (fo=1, routed)           0.538     2.830    gen_dls_pairs[0].u_dls_pair/u_primary/gen_fpu.u_fpu/u_sqrt/FSM_onehot_dls_state_reg[3]_bufg_place
    BUFGCE_X1Y206        BUFGCE (Prop_BUFCE_BUFGCE_I_O)
                                                      0.017     2.847 f  gen_dls_pairs[0].u_dls_pair/u_primary/gen_fpu.u_fpu/u_sqrt/cycle[4]_i_2__13_bufg_place/O
                         net (fo=8250, routed)        0.660     3.507    gen_dls_pairs[0].u_dls_pair/u_shadow/done_reg
    SLICE_X147Y480       FDCE                                         f  gen_dls_pairs[0].u_dls_pair/u_shadow/regfile_reg[8][31]/CLR
  -------------------------------------------------------------------    -------------------

                         (clock sys_clk rise edge)    0.000     0.000 r  
    AV33                                              0.000     0.000 r  clk (IN)
                         net (fo=0)                   0.000     0.000    clk_IBUF_inst/I
    AV33                 INBUF (Prop_INBUF_HPIOB_M_PAD_O)
                                                      0.326     0.326 r  clk_IBUF_inst/INBUF_INST/O
                         net (fo=1, routed)           0.000     0.326    clk_IBUF_inst/OUT
    AV33                 IBUFCTRL (Prop_IBUFCTRL_HPIOB_M_I_O)
                                                      0.000     0.326 r  clk_IBUF_inst/IBUFCTRL_INST/O
                         net (fo=1, routed)           0.181     0.507    clk_IBUF
    BUFGCE_X0Y26         BUFGCE (Prop_BUFCE_BUFGCE_I_O)
                                                      0.019     0.526 r  clk_IBUF_BUFG_inst/O
    X2Y6 (CLOCK_ROOT)    net (fo=134803, routed)      2.141     2.666    gen_dls_pairs[0].u_dls_pair/u_shadow/clk_IBUF_BUFG
    SLR Crossing[0->1]   
    SLICE_X147Y480       FDCE                                         r  gen_dls_pairs[0].u_dls_pair/u_shadow/regfile_reg[8][31]/C
                         clock pessimism             -0.320     2.346    
    SLICE_X147Y480       FDCE (Remov_HFF2_SLICEL_C_CLR)
                                                     -0.020     2.326    gen_dls_pairs[0].u_dls_pair/u_shadow/regfile_reg[8][31]
  -------------------------------------------------------------------
                         required time                         -2.326    
                         arrival time                           3.507    
  -------------------------------------------------------------------
                         slack                                  1.181    

Slack (MET) :             1.181ns  (arrival time - required time)
  Source:                 gen_dls_pairs[0].u_dls_pair/FSM_onehot_dls_state_reg[3]/C
                            (rising edge-triggered cell FDCE clocked by sys_clk  {rise@0.000ns fall@5.000ns period=10.000ns})
  Destination:            gen_dls_pairs[0].u_dls_pair/u_shadow/regfile_reg[8][37]/CLR
                            (removal check against rising-edge clock sys_clk  {rise@0.000ns fall@5.000ns period=10.000ns})
  Path Group:             **async_default**
  Path Type:              Removal (Min at Fast Process Corner)
  Requirement:            0.000ns  (sys_clk rise@0.000ns - sys_clk rise@0.000ns)
  Data Path Delay:        1.366ns  (logic 0.107ns (7.835%)  route 1.259ns (92.165%))
  Logic Levels:           2  (BUFGCE=1 LUT2=1)
  Clock Path Skew:        0.205ns (DCD - SCD - CPR)
    Destination Clock Delay (DCD):    2.666ns
    Source Clock Delay      (SCD):    2.141ns
    Clock Pessimism Removal (CPR):    0.320ns
  Clock Net Delay (Source):      1.840ns (routing 0.778ns, distribution 1.062ns)
  Clock Net Delay (Destination): 2.141ns (routing 0.868ns, distribution 1.273ns)

    Location             Delay type                Incr(ns)  Path(ns)    Netlist Resource(s)
  -------------------------------------------------------------------    -------------------
                         (clock sys_clk rise edge)    0.000     0.000 r  
    AV33                                              0.000     0.000 r  clk (IN)
                         net (fo=0)                   0.000     0.000    clk_IBUF_inst/I
    AV33                 INBUF (Prop_INBUF_HPIOB_M_PAD_O)
                                                      0.141     0.141 r  clk_IBUF_inst/INBUF_INST/O
                         net (fo=1, routed)           0.000     0.141    clk_IBUF_inst/OUT
    AV33                 IBUFCTRL (Prop_IBUFCTRL_HPIOB_M_I_O)
                                                      0.000     0.141 r  clk_IBUF_inst/IBUFCTRL_INST/O
                         net (fo=1, routed)           0.144     0.285    clk_IBUF
    BUFGCE_X0Y26         BUFGCE (Prop_BUFCE_BUFGCE_I_O)
                                                      0.017     0.302 r  clk_IBUF_BUFG_inst/O
    X2Y6 (CLOCK_ROOT)    net (fo=134803, routed)      1.840     2.141    gen_dls_pairs[0].u_dls_pair/clk_IBUF_BUFG
    SLR Crossing[0->1]   
    SLICE_X122Y466       FDCE                                         r  gen_dls_pairs[0].u_dls_pair/FSM_onehot_dls_state_reg[3]/C
  -------------------------------------------------------------------    -------------------
    SLICE_X122Y466       FDCE (Prop_AFF2_SLICEL_C_Q)
                                                      0.040     2.181 f  gen_dls_pairs[0].u_dls_pair/FSM_onehot_dls_state_reg[3]/Q
                         net (fo=28, routed)          0.061     2.242    gen_dls_pairs[0].u_dls_pair/u_primary/gen_fpu.u_fpu/u_sqrt/cycle_reg[4]_0[0]
    SLICE_X122Y467       LUT2 (Prop_A6LUT_SLICEL_I1_O)
                                                      0.050     2.292 f  gen_dls_pairs[0].u_dls_pair/u_primary/gen_fpu.u_fpu/u_sqrt/cycle[4]_i_2__13/O
                         net (fo=1, routed)           0.538     2.830    gen_dls_pairs[0].u_dls_pair/u_primary/gen_fpu.u_fpu/u_sqrt/FSM_onehot_dls_state_reg[3]_bufg_place
    BUFGCE_X1Y206        BUFGCE (Prop_BUFCE_BUFGCE_I_O)
                                                      0.017     2.847 f  gen_dls_pairs[0].u_dls_pair/u_primary/gen_fpu.u_fpu/u_sqrt/cycle[4]_i_2__13_bufg_place/O
                         net (fo=8250, routed)        0.660     3.507    gen_dls_pairs[0].u_dls_pair/u_shadow/done_reg
    SLICE_X147Y480       FDCE                                         f  gen_dls_pairs[0].u_dls_pair/u_shadow/regfile_reg[8][37]/CLR
  -------------------------------------------------------------------    -------------------

                         (clock sys_clk rise edge)    0.000     0.000 r  
    AV33                                              0.000     0.000 r  clk (IN)
                         net (fo=0)                   0.000     0.000    clk_IBUF_inst/I
    AV33                 INBUF (Prop_INBUF_HPIOB_M_PAD_O)
                                                      0.326     0.326 r  clk_IBUF_inst/INBUF_INST/O
                         net (fo=1, routed)           0.000     0.326    clk_IBUF_inst/OUT
    AV33                 IBUFCTRL (Prop_IBUFCTRL_HPIOB_M_I_O)
                                                      0.000     0.326 r  clk_IBUF_inst/IBUFCTRL_INST/O
                         net (fo=1, routed)           0.181     0.507    clk_IBUF
    BUFGCE_X0Y26         BUFGCE (Prop_BUFCE_BUFGCE_I_O)
                                                      0.019     0.526 r  clk_IBUF_BUFG_inst/O
    X2Y6 (CLOCK_ROOT)    net (fo=134803, routed)      2.141     2.666    gen_dls_pairs[0].u_dls_pair/u_shadow/clk_IBUF_BUFG
    SLR Crossing[0->1]   
    SLICE_X147Y480       FDCE                                         r  gen_dls_pairs[0].u_dls_pair/u_shadow/regfile_reg[8][37]/C
                         clock pessimism             -0.320     2.346    
    SLICE_X147Y480       FDCE (Remov_GFF2_SLICEL_C_CLR)
                                                     -0.020     2.326    gen_dls_pairs[0].u_dls_pair/u_shadow/regfile_reg[8][37]
  -------------------------------------------------------------------
                         required time                         -2.326    
                         arrival time                           3.507    
  -------------------------------------------------------------------
                         slack                                  1.181    

Slack (MET) :             1.181ns  (arrival time - required time)
  Source:                 gen_dls_pairs[0].u_dls_pair/FSM_onehot_dls_state_reg[3]/C
                            (rising edge-triggered cell FDCE clocked by sys_clk  {rise@0.000ns fall@5.000ns period=10.000ns})
  Destination:            gen_dls_pairs[0].u_dls_pair/u_shadow/fpregfile_reg[4][29]/CLR
                            (removal check against rising-edge clock sys_clk  {rise@0.000ns fall@5.000ns period=10.000ns})
  Path Group:             **async_default**
  Path Type:              Removal (Min at Fast Process Corner)
  Requirement:            0.000ns  (sys_clk rise@0.000ns - sys_clk rise@0.000ns)
  Data Path Delay:        1.349ns  (logic 0.107ns (7.931%)  route 1.242ns (92.069%))
  Logic Levels:           2  (BUFGCE=1 LUT2=1)
  Clock Path Skew:        0.188ns (DCD - SCD - CPR)
    Destination Clock Delay (DCD):    2.649ns
    Source Clock Delay      (SCD):    2.141ns
    Clock Pessimism Removal (CPR):    0.320ns
  Clock Net Delay (Source):      1.840ns (routing 0.778ns, distribution 1.062ns)
  Clock Net Delay (Destination): 2.124ns (routing 0.868ns, distribution 1.256ns)

    Location             Delay type                Incr(ns)  Path(ns)    Netlist Resource(s)
  -------------------------------------------------------------------    -------------------
                         (clock sys_clk rise edge)    0.000     0.000 r  
    AV33                                              0.000     0.000 r  clk (IN)
                         net (fo=0)                   0.000     0.000    clk_IBUF_inst/I
    AV33                 INBUF (Prop_INBUF_HPIOB_M_PAD_O)
                                                      0.141     0.141 r  clk_IBUF_inst/INBUF_INST/O
                         net (fo=1, routed)           0.000     0.141    clk_IBUF_inst/OUT
    AV33                 IBUFCTRL (Prop_IBUFCTRL_HPIOB_M_I_O)
                                                      0.000     0.141 r  clk_IBUF_inst/IBUFCTRL_INST/O
                         net (fo=1, routed)           0.144     0.285    clk_IBUF
    BUFGCE_X0Y26         BUFGCE (Prop_BUFCE_BUFGCE_I_O)
                                                      0.017     0.302 r  clk_IBUF_BUFG_inst/O
    X2Y6 (CLOCK_ROOT)    net (fo=134803, routed)      1.840     2.141    gen_dls_pairs[0].u_dls_pair/clk_IBUF_BUFG
    SLR Crossing[0->1]   
    SLICE_X122Y466       FDCE                                         r  gen_dls_pairs[0].u_dls_pair/FSM_onehot_dls_state_reg[3]/C
  -------------------------------------------------------------------    -------------------
    SLICE_X122Y466       FDCE (Prop_AFF2_SLICEL_C_Q)
                                                      0.040     2.181 f  gen_dls_pairs[0].u_dls_pair/FSM_onehot_dls_state_reg[3]/Q
                         net (fo=28, routed)          0.061     2.242    gen_dls_pairs[0].u_dls_pair/u_primary/gen_fpu.u_fpu/u_sqrt/cycle_reg[4]_0[0]
    SLICE_X122Y467       LUT2 (Prop_A6LUT_SLICEL_I1_O)
                                                      0.050     2.292 f  gen_dls_pairs[0].u_dls_pair/u_primary/gen_fpu.u_fpu/u_sqrt/cycle[4]_i_2__13/O
                         net (fo=1, routed)           0.538     2.830    gen_dls_pairs[0].u_dls_pair/u_primary/gen_fpu.u_fpu/u_sqrt/FSM_onehot_dls_state_reg[3]_bufg_place
    BUFGCE_X1Y206        BUFGCE (Prop_BUFCE_BUFGCE_I_O)
                                                      0.017     2.847 f  gen_dls_pairs[0].u_dls_pair/u_primary/gen_fpu.u_fpu/u_sqrt/cycle[4]_i_2__13_bufg_place/O
                         net (fo=8250, routed)        0.643     3.490    gen_dls_pairs[0].u_dls_pair/u_shadow/done_reg
    SLICE_X143Y514       FDCE                                         f  gen_dls_pairs[0].u_dls_pair/u_shadow/fpregfile_reg[4][29]/CLR
  -------------------------------------------------------------------    -------------------

                         (clock sys_clk rise edge)    0.000     0.000 r  
    AV33                                              0.000     0.000 r  clk (IN)
                         net (fo=0)                   0.000     0.000    clk_IBUF_inst/I
    AV33                 INBUF (Prop_INBUF_HPIOB_M_PAD_O)
                                                      0.326     0.326 r  clk_IBUF_inst/INBUF_INST/O
                         net (fo=1, routed)           0.000     0.326    clk_IBUF_inst/OUT
    AV33                 IBUFCTRL (Prop_IBUFCTRL_HPIOB_M_I_O)
                                                      0.000     0.326 r  clk_IBUF_inst/IBUFCTRL_INST/O
                         net (fo=1, routed)           0.181     0.507    clk_IBUF
    BUFGCE_X0Y26         BUFGCE (Prop_BUFCE_BUFGCE_I_O)
                                                      0.019     0.526 r  clk_IBUF_BUFG_inst/O
    X2Y6 (CLOCK_ROOT)    net (fo=134803, routed)      2.124     2.649    gen_dls_pairs[0].u_dls_pair/u_shadow/clk_IBUF_BUFG
    SLR Crossing[0->1]   
    SLICE_X143Y514       FDCE                                         r  gen_dls_pairs[0].u_dls_pair/u_shadow/fpregfile_reg[4][29]/C
                         clock pessimism             -0.320     2.329    
    SLICE_X143Y514       FDCE (Remov_HFF_SLICEL_C_CLR)
                                                     -0.020     2.309    gen_dls_pairs[0].u_dls_pair/u_shadow/fpregfile_reg[4][29]
  -------------------------------------------------------------------
                         required time                         -2.309    
                         arrival time                           3.490    
  -------------------------------------------------------------------
                         slack                                  1.181    

Slack (MET) :             1.182ns  (arrival time - required time)
  Source:                 gen_dls_pairs[0].u_dls_pair/FSM_onehot_dls_state_reg[3]/C
                            (rising edge-triggered cell FDCE clocked by sys_clk  {rise@0.000ns fall@5.000ns period=10.000ns})
  Destination:            gen_dls_pairs[0].u_dls_pair/u_shadow/fpregfile_reg[0][11]/CLR
                            (removal check against rising-edge clock sys_clk  {rise@0.000ns fall@5.000ns period=10.000ns})
  Path Group:             **async_default**
  Path Type:              Removal (Min at Fast Process Corner)
  Requirement:            0.000ns  (sys_clk rise@0.000ns - sys_clk rise@0.000ns)
  Data Path Delay:        1.364ns  (logic 0.107ns (7.846%)  route 1.257ns (92.154%))
  Logic Levels:           2  (BUFGCE=1 LUT2=1)
  Clock Path Skew:        0.202ns (DCD - SCD - CPR)
    Destination Clock Delay (DCD):    2.663ns
    Source Clock Delay      (SCD):    2.141ns
    Clock Pessimism Removal (CPR):    0.320ns
  Clock Net Delay (Source):      1.840ns (routing 0.778ns, distribution 1.062ns)
  Clock Net Delay (Destination): 2.138ns (routing 0.868ns, distribution 1.270ns)

    Location             Delay type                Incr(ns)  Path(ns)    Netlist Resource(s)
  -------------------------------------------------------------------    -------------------
                         (clock sys_clk rise edge)    0.000     0.000 r  
    AV33                                              0.000     0.000 r  clk (IN)
                         net (fo=0)                   0.000     0.000    clk_IBUF_inst/I
    AV33                 INBUF (Prop_INBUF_HPIOB_M_PAD_O)
                                                      0.141     0.141 r  clk_IBUF_inst/INBUF_INST/O
                         net (fo=1, routed)           0.000     0.141    clk_IBUF_inst/OUT
    AV33                 IBUFCTRL (Prop_IBUFCTRL_HPIOB_M_I_O)
                                                      0.000     0.141 r  clk_IBUF_inst/IBUFCTRL_INST/O
                         net (fo=1, routed)           0.144     0.285    clk_IBUF
    BUFGCE_X0Y26         BUFGCE (Prop_BUFCE_BUFGCE_I_O)
                                                      0.017     0.302 r  clk_IBUF_BUFG_inst/O
    X2Y6 (CLOCK_ROOT)    net (fo=134803, routed)      1.840     2.141    gen_dls_pairs[0].u_dls_pair/clk_IBUF_BUFG
    SLR Crossing[0->1]   
    SLICE_X122Y466       FDCE                                         r  gen_dls_pairs[0].u_dls_pair/FSM_onehot_dls_state_reg[3]/C
  -------------------------------------------------------------------    -------------------
    SLICE_X122Y466       FDCE (Prop_AFF2_SLICEL_C_Q)
                                                      0.040     2.181 f  gen_dls_pairs[0].u_dls_pair/FSM_onehot_dls_state_reg[3]/Q
                         net (fo=28, routed)          0.061     2.242    gen_dls_pairs[0].u_dls_pair/u_primary/gen_fpu.u_fpu/u_sqrt/cycle_reg[4]_0[0]
    SLICE_X122Y467       LUT2 (Prop_A6LUT_SLICEL_I1_O)
                                                      0.050     2.292 f  gen_dls_pairs[0].u_dls_pair/u_primary/gen_fpu.u_fpu/u_sqrt/cycle[4]_i_2__13/O
                         net (fo=1, routed)           0.538     2.830    gen_dls_pairs[0].u_dls_pair/u_primary/gen_fpu.u_fpu/u_sqrt/FSM_onehot_dls_state_reg[3]_bufg_place
    BUFGCE_X1Y206        BUFGCE (Prop_BUFCE_BUFGCE_I_O)
                                                      0.017     2.847 f  gen_dls_pairs[0].u_dls_pair/u_primary/gen_fpu.u_fpu/u_sqrt/cycle[4]_i_2__13_bufg_place/O
                         net (fo=8250, routed)        0.658     3.505    gen_dls_pairs[0].u_dls_pair/u_shadow/done_reg
    SLICE_X147Y493       FDCE                                         f  gen_dls_pairs[0].u_dls_pair/u_shadow/fpregfile_reg[0][11]/CLR
  -------------------------------------------------------------------    -------------------

                         (clock sys_clk rise edge)    0.000     0.000 r  
    AV33                                              0.000     0.000 r  clk (IN)
                         net (fo=0)                   0.000     0.000    clk_IBUF_inst/I
    AV33                 INBUF (Prop_INBUF_HPIOB_M_PAD_O)
                                                      0.326     0.326 r  clk_IBUF_inst/INBUF_INST/O
                         net (fo=1, routed)           0.000     0.326    clk_IBUF_inst/OUT
    AV33                 IBUFCTRL (Prop_IBUFCTRL_HPIOB_M_I_O)
                                                      0.000     0.326 r  clk_IBUF_inst/IBUFCTRL_INST/O
                         net (fo=1, routed)           0.181     0.507    clk_IBUF
    BUFGCE_X0Y26         BUFGCE (Prop_BUFCE_BUFGCE_I_O)
                                                      0.019     0.526 r  clk_IBUF_BUFG_inst/O
    X2Y6 (CLOCK_ROOT)    net (fo=134803, routed)      2.138     2.663    gen_dls_pairs[0].u_dls_pair/u_shadow/clk_IBUF_BUFG
    SLR Crossing[0->1]   
    SLICE_X147Y493       FDCE                                         r  gen_dls_pairs[0].u_dls_pair/u_shadow/fpregfile_reg[0][11]/C
                         clock pessimism             -0.320     2.343    
    SLICE_X147Y493       FDCE (Remov_HFF_SLICEL_C_CLR)
                                                     -0.020     2.323    gen_dls_pairs[0].u_dls_pair/u_shadow/fpregfile_reg[0][11]
  -------------------------------------------------------------------
                         required time                         -2.323    
                         arrival time                           3.505    
  -------------------------------------------------------------------
                         slack                                  1.182    





